16700000;16700497;0.02
16700000;16700498;0.01
16700000;16700499;1
16700001;16700497;0.02
16700001;16700498;0.01
16700001;16700500;1
16700002;16700501;1
16700002;16700497;0.02
16700002;16700498;0.01
16700003;16700497;0.02
16700003;16700502;1
16700003;16700498;0.01
16700004;16700503;1
16700004;16700498;0.01
16700005;16700497;0.002
16700005;16700498;0.01
16700005;16700504;1
16700006;16700505;1
16700006;16700506;0.0833
16700006;16700507;1
16700007;16700508;1
16700007;16700509;1
16700007;16700510;0.0833
16700008;16700511;1
16700008;16700512;0.0833
16700008;16700513;0.167
16700009;16700514;1
16700009;16700515;0.0833
16700010;16700516;1
16700010;16700497;0.1667
16700010;16700506;0.0833
16700011;16700010;2
16700011;16700517;1
16700011;16700518;0.1
16700012;16700519;1
16700012;16700520;0.083
16700013;16700521;1
16700013;16700497;0.1667
16700013;16700512;0.0833
16700014;16700522;1
16700014;16700523;0.0833
16700014;16700513;0.0333
16700015;16700524;1
16700015;16700497;0.1667
16700015;16700512;0.0833
16700016;16700525;1
16700016;16700497;0.1667
16700016;16700498;0.0833
16700017;16700526;1
16700017;16700527;0.0833
16700017;16700497;0.1667
16700018;16700528;1
16700018;16700017;2
16700018;16700518;0.083
16700019;16700497;0.1667
16700019;16700529;0.0833
16700019;16700530;1
16700020;16700531;1
16700020;16700498;0.0833
16700020;16700497;0.1667
16700021;16700532;1
16700021;16700520;0.0833
16700021;16700513;0.167
16700022;16700497;0.1667
16700022;16700529;0.0833
16700022;16700533;1
16700023;16700534;1
16700023;16700520;0.0833
16700024;16700535;1
16700024;16700523;0.0833
16700024;16700513;0.1667
16700025;16700497;0.02
16700025;16700536;1
16700025;16700510;0.005
16700026;16700537;1
16700026;16700497;0.02
16700026;16700498;0.01
16700027;16700538;1
16700027;16700497;0.02
16700027;16700498;0.01
16700028;16700539;1
16700028;16700497;0.02
16700028;16700498;0.01
16700029;16700497;0.02
16700029;16700498;0.01
16700029;16700540;1
16700030;16700541;1
16700030;16700497;0.02
16700030;16700498;0.01
16700031;16700542;1
16700031;16700498;0.01
16700031;16700497;0.02
16700032;16700497;0.02
16700032;16700543;1
16700032;16700498;0.01
16700033;16700497;0.02
16700033;16700498;0.01
16700033;16700544;1
16700034;16700545;1
16700034;16700546;0.01
16700034;16700513;0.02
16700035;16700497;0.02
16700035;16700547;1
16700035;16700498;0.01
16700036;16700548;1
16700036;16700497;0.02
16700036;16700498;0.01
16700037;16700549;1
16700037;16700546;0.01
16700037;16700513;0.02
16700038;16700550;1
16700038;16700497;0.02
16700038;16700498;0.01
16700039;16700551;1
16700039;16700497;0.02
16700039;16700498;0.01
16700040;16700552;1
16700040;16700497;0.01
16700040;16700498;0.01
16700041;16700497;0.02
16700041;16700510;0.005
16700041;16700553;1
16700042;16700498;0.01
16700042;16700497;0.02
16700042;16700554;1
16700043;16700555;1
16700043;16700498;0.01
16700044;16700556;1
16700044;16700546;0.01
16700045;16700557;1
16700045;16700510;0.005
16700046;16700558;1
16700046;16700546;0.01
16700046;16700513;0.02
16700047;16700497;0.1667
16700047;16700559;1
16700047;16700498;0.01
16700048;16700560;1
16700048;16700518;0.0833
16700048;16700497;0.25
16700049;16700561;1
16700049;16700512;0.0833
16700049;16700497;0.3333
16700050;16700562;0.05
16700050;16700563;0.003
16700050;16700564;0.0007
16700050;16700565;0.05
16700050;16700566;0.055
16700050;16700568;0.005
16700050;16700569;0.003
16700050;16700570;0.003
16700050;16700571;0.002
16700050;16700572;0.005
16700050;16700573;0.005
16700050;16700574;0.01
16700050;16700575;0.025
16700050;16700576;0.005
16700050;16700577;0.06
16700050;16700578;0.06
16700051;16700570;0.003
16700051;16700569;0.003
16700051;16700566;0.055
16700051;16700572;0.005
16700051;16700573;0.005
16700051;16700568;0.005
16700051;16700565;0.05
16700051;16700564;0.0007
16700051;16700563;0.003
16700051;16700562;0.05
16700051;16700578;0.06
16700051;16700577;0.06
16700051;16700576;0.005
16700051;16700575;0.025
16700051;16700574;0.01
16700052;16700580;0.0832
16700052;16700581;0.208
16700052;16700582;0.0416
16700052;16700583;0.0104
16700052;16700584;0.0208
16700052;16700585;0.00052
16700052;16700586;0.0052
16700052;16700587;0.0052
16700052;16700588;0.0104
16700052;16700589;0.0208
16700052;16700590;0.0208
16700052;16700591;0.000624
16700052;16700592;0.052
16700053;16700593;0.06
16700053;16700594;0.05
16700053;16700595;0.05
16700053;16700596;0.003
16700053;16700597;0.09
16700053;16700598;0.001
16700053;16700599;0.003
16700053;16700600;0.01
16700053;16700601;0.075
16700053;16700602;0.005
16700053;16700604;0.002
16700053;16700605;0.0015
16700054;16700606;0.0103
16700054;16700582;0.0309
16700054;16700607;3.26666666666667E-07
16700054;16700608;6.95333333333333E-06
16700054;16700609;0.000515333333333333
16700054;16700610;0.00206
16700054;16700611;0.0206
16700054;16700612;0.0309
16700054;16700613;0.000926666666666667
16700054;16700614;0.0103
16700054;16700615;0.00206
16700054;16700616;0.0206
16700054;16700617;0.00515333333333333
16700054;16700593;0.0515
16700054;16700618;0.0257533333333333
16700054;16700581;0.309
16700055;16700619;0.00207333333333333
16700055;16700620;0.00078
16700055;16700621;0.000726666666666667
16700055;16700581;0.362366666666667
16700055;16700622;0.0724733333333333
16700055;16700582;0.0517666666666667
16700055;16700586;0.00518
16700055;16700617;0.0155333333333333
16700055;16700623;0.0207066666666667
16700055;16700624;0.00103333333333333
16700055;16700625;0.00103333333333333
16700055;16700587;0.00310666666666667
16700055;16700626;0.0103533333333333
16700055;16700627;0.0207066666666667
16700055;16700618;0.0517666666666667
16700055;16700591;0.000726666666666667
16700055;16700628;0.0103533333333333
16700056;16700629;0.001
16700056;16700630;0.001
16700056;16700631;0.085
16700056;16700632;0.003
16700056;16700633;0.03
16700056;16700634;0.001
16700056;16700635;0.02
16700056;16700636;0.02
16700056;16700637;0.005
16700056;16700638;0.0025
16700056;16700639;0.001
16700056;16700640;0.018
16700056;16700641;0.001
16700056;16700642;0.002
16700056;16700643;0.0005
16700056;16700644;0.03
16700056;16700645;0.001
16700056;16700565;0.005
16700056;16700646;0.04
16700056;16700604;0.002
16700056;16700647;0.005
16700056;16700568;0.0035
16700056;16700564;0.002
16700056;16700602;0.005
16700057;16700611;0.0103
16700057;16700618;0.00515333333333333
16700057;16700581;0.309
16700057;16700621;0.00309333333333333
16700057;16700609;0.000513333333333333
16700057;16700592;0.00309333333333333
16700057;16700649;0.00206
16700057;16700650;0.00206
16700057;16700651;0.00412
16700057;16700618;0.0309
16700057;16700652;0.000306666666666667
16700057;16700582;0.0309
16700057;16700616;0.0206
16700057;16700613;0.00618
16700057;16700653;0.0206
16700058;16700654;0.00525333333333333
16700058;16700649;0.0262533333333333
16700058;16700655;0.0131266666666667
16700058;16700656;0.000313333333333333
16700058;16700609;0.000526666666666667
16700058;16700617;0.0315
16700058;16700621;0.00315333333333333
16700058;16700613;0.0042
16700058;16700592;0.00315333333333333
16700058;16700652;0.000526666666666667
16700058;16700581;0.3675
16700058;16700653;0.021
16700058;16700622;0.063
16700058;16700616;0.021
16700058;16700582;0.0525
16700058;16700651;0.0042
16700058;16700657;0.021
16700058;16700658;0.00105333333333333
16700058;16700611;0.0105
16700058;16700659;0.0525
16700058;16700618;0.0525
16700059;16700656;0.000946666666666667
16700059;16700609;0.000526666666666667
16700059;16700660;0.00157333333333333
16700059;16700649;0.0063
16700059;16700618;0.0315
16700059;16700654;0.0105
16700059;16700661;0.0021
16700059;16700593;0.0315
16700059;16700611;0.0105
16700059;16700582;0.042
16700059;16700616;0.021
16700059;16700622;0.0735
16700059;16700592;0.00315333333333333
16700059;16700621;0.0315
16700059;16700651;0.0042
16700059;16700657;0.00105333333333333
16700059;16700662;0.021
16700059;16700653;0.021
16700059;16700581;0.3465
16700059;16700617;0.00525333333333333
16700059;16700663;0.00105333333333333
16700059;16700664;0.00105333333333333
16700059;16700652;0.000313333333333333
16700059;16700613;0.0105
16700060;16700582;0.052
16700060;16700622;0.0728
16700060;16700581;0.364
16700060;16700592;0.00312
16700060;16700621;0.0052
16700060;16700651;0.00416
16700060;16700589;0.0052
16700060;16700656;0.00104
16700060;16700652;0.000313333333333333
16700060;16700664;0.00208
16700060;16700617;0.0312
16700060;16700609;0.00052
16700060;16700660;0.00208
16700060;16700593;0.0312
16700060;16700649;0.00312
16700060;16700618;0.0312
16700060;16700611;0.0208
16700060;16700616;0.0208
16700061;16700665;0.06
16700061;16700666;0.15
16700061;16700667;0.02
16700061;16700564;0.01
16700061;16700669;0.01
16700061;16700670;0.0526
16700061;16700671;0.07
16700061;16700565;0.1
16700061;16700655;0.01
16700061;16700672;0.004
16700062;16700673;0.01352
16700062;16700598;0.00104
16700062;16700602;0.0052
16700062;16700564;0.0208
16700062;16700653;0.00104
16700062;16700674;0.0052
16700062;16700670;0.0728
16700062;16700675;0.052
16700062;16700568;0.00312
16700062;16700676;0.00104
16700062;16700677;0.000626666666666667
16700063;16700573;0.001
16700063;16700644;0.04
16700063;16700678;0.02
16700063;16700679;0.005
16700063;16700680;0.004
16700063;16700681;0.02
16700063;16700640;0.01
16700063;16700682;0.08
16700063;16700683;0.06
16700063;16700684;0.09
16700063;16700685;0.02
16700063;16700630;0.001
16700063;16700686;0.003
16700063;16700687;0.001
16700063;16700634;0.002
16700063;16700604;0.001
16700063;16700635;0.03
16700063;16700688;0.05
16700063;16700689;0.04
16700063;16700690;0.14
16700063;16700564;0.00011
16700063;16700691;0.035
16700063;16700692;0.04
16700064;16700573;0.001
16700064;16700644;0.04
16700064;16700678;0.02
16700064;16700679;0.005
16700064;16700680;0.004
16700064;16700681;0.02
16700064;16700640;0.01
16700064;16700682;0.08
16700064;16700683;0.06
16700064;16700684;0.09
16700064;16700685;0.02
16700064;16700630;0.001
16700064;16700686;0.003
16700064;16700687;0.001
16700064;16700634;0.002
16700064;16700604;0.001
16700064;16700635;0.03
16700064;16700688;0.05
16700064;16700689;0.04
16700064;16700690;0.14
16700064;16700564;0.0005
16700064;16700692;0.04
16700065;16700573;0.001
16700065;16700644;0.03
16700065;16700678;0.02
16700065;16700679;0.005
16700065;16700680;0.004
16700065;16700681;0.02
16700065;16700640;0.01
16700065;16700682;0.08
16700065;16700683;0.06
16700065;16700684;0.09
16700065;16700685;0.02
16700065;16700630;0.001
16700065;16700686;0.003
16700065;16700687;0.001
16700065;16700634;0.002
16700065;16700604;0.001
16700065;16700635;0.03
16700065;16700688;0.05
16700065;16700689;0.03
16700065;16700690;0.08
16700065;16700564;0.00014
16700065;16700691;0.035
16700065;16700692;0.04
16700066;16700573;0.001
16700066;16700644;0.03
16700066;16700678;0.02
16700066;16700679;0.005
16700066;16700680;0.004
16700066;16700681;0.02
16700066;16700640;0.01
16700066;16700682;0.08
16700066;16700683;0.06
16700066;16700684;0.09
16700066;16700685;0.02
16700066;16700630;0.001
16700066;16700686;0.003
16700066;16700687;0.001
16700066;16700634;0.002
16700066;16700604;0.001
16700066;16700635;0.03
16700066;16700688;0.05
16700066;16700689;0.03
16700066;16700690;0.08
16700066;16700564;0.0005
16700066;16700692;0.04
16700067;16700565;0.05
16700067;16700693;0.05
16700067;16700694;0.03
16700067;16700695;0.03
16700067;16700696;0.0485
16700067;16700697;0.005
16700067;16700592;0.01
16700067;16700604;0.002
16700067;16700698;0.1
16700067;16700699;0.07
16700067;16700700;0.08
16700067;16700701;0.005
16700067;16700702;0.011
16700067;16700703;0.03
16700067;16700704;0.01
16700068;16700705;0.1
16700068;16700630;0.0015
16700068;16700706;0.001
16700068;16700707;0.01
16700068;16700565;0.03
16700068;16700708;0.05
16700068;16700674;0.005
16700068;16700598;0.0005
16700068;16700599;0.003
16700068;16700709;0.002
16700068;16700568;0.0035
16700068;16700611;0.01
16700068;16700649;0.002
16700068;16700596;0.015
16700068;16700710;0.1
16700068;16700711;0.035
16700068;16700712;0.1
16700069;16700714;1
16700069;16700715;0.0644613546317842
16700069;16700307;0.066033582793535
16700069;16700714;1.05197294498667
16700069;16700715;0.0657428011192139
16700069;16700307;0.0673180726607768
16700070;16700307;0.155607048278672
16700070;16700716;1.05199633326543
16700070;16700717;1.11509472397637
16700070;16700718;1.11509472397637
16700070;16700719;1.05199633326543
16700070;16700720;1.11509472397637
16700070;16700721;0.0657465878997759
16700071;16700307;0.2659500391679
16700071;16700722;1.05196274697537
16700071;16700723;1.05196274697537
16700071;16700724;1.11506658542954
16700071;16700725;1.11506658542954
16700071;16700720;1.11506658542954
16700071;16700726;0.0657150317695187
16700071;16700307;0.265218489517555
16700071;16700727;1.03081586259156
16700071;16700723;1.03081586259156
16700071;16700724;1.09270017681233
16700071;16700725;1.09270017681233
16700071;16700720;1.0515281636777
16700071;16700726;0.0644102045971205
16700072;16700728;1
16700072;16700729;1
16700072;16700069;1
16700072;16700071;1
16700072;16700730;1
16700073;16700278;0.0653569344485509
16700073;16700731;1.06289308176101
16700073;16700715;0.066459184335084
16700074;16700313;0.0648228176318064
16700074;16700732;1.03000370416101
16700074;16700733;1.02000246944067
16700074;16700734;0.0624768489937029
16700074;16700313;0.0666622577871834
16700074;16700732;1.06289266582898
16700074;16700733;1.06289266582898
16700074;16700734;0.0664638582104358
16700075;16700735;0.0723482269503546
16700075;16700736;0.00553191489361702
16700075;16700737;0.000921985815602837
16700075;16700663;9.21985815602837E-05
16700075;16700738;0.000119858156028369
16700075;16700653;0.00184397163120567
16700075;16700739;0.00921985815602837
16700075;16700650;0.00119858156028369
16700075;16700611;0.000921985815602837
16700075;16700740;0.000436442989634479
16700075;16700741;1.02018548827059
16700075;16700742;0.0277686852154937
16700075;16700735;0.0738247213779129
16700075;16700736;0.00564481111593574
16700075;16700737;0.000940801852655956
16700075;16700663;9.40801852655956E-05
16700075;16700738;0.000122304240845274
16700075;16700653;0.00188160370531191
16700075;16700739;0.00940801852655956
16700075;16700650;0.00122304240845274
16700075;16700611;0.000940801852655956
16700075;16700740;0.000542770299609205
16700075;16700741;1.02040816326531
16700075;16700742;0.0283326096396005
16700076;16598656;1
16700076;16598642;1
16700076;16700743;1
16700076;16700744;1
16700076;16700745;0.083
16700076;16598656;1
16700076;16598642;1
16700076;16700746;1
16700076;16700747;1
16700076;16700745;0.083
16700077;16700069;1
16700077;16700074;1
16700077;16700074;1
16700077;16700069;1
16700077;16700748;1.005
16700077;16700749;0.125
16700077;16700750;1
16700077;16700751;1.02
16700078;16700599;8.97955424571744E-05
16700078;16700676;8.97955424571744E-05
16700078;16700752;0.000448977712285872
16700078;16700753;0.000224488856142936
16700078;16700754;0.000897955424571744
16700078;16700736;0.00538773254743047
16700078;16700735;0.0826567968318291
16700078;16700740;0.000506538957450728
16700078;16700755;1.02039970528642
16700078;16700742;0.0283661816172407
16700079;16700756;1
16700079;16700075;1
16700079;16700757;1
16700080;16700315;0.20979020979021
16700080;16700758;1
16700080;16700759;1
16700080;16700760;0.0653346653346653
16700080;16700315;0.212630480167015
16700080;16700758;1.05198329853862
16700080;16700759;1.05198329853862
16700080;16700760;0.0657620041753653
16700081;16700075;2
16700081;16700761;1
16700081;16700742;0.06
16700081;16700075;2
16700082;16700090;1
16700082;16700763;1
16700082;16700512;0.166
16700082;16700497;0.667
16700083;16700764;1.06006768189509
16700083;16700765;1.06006768189509
16700083;16700766;1.01001128031585
16700083;16700720;1.06006768189509
16700083;16700721;0.0624647490129724
16700083;16700068;0.148054145516074
16700083;16700719;0.980400451212634
16700084;16700767;1.03027196938636
16700084;16700742;0.0278119447861145
16700084;16700740;0.00048380483804838
16700084;16700735;0.0715621156211562
16700084;16700736;0.00492004920049201
16700084;16700737;0.000820008200082001
16700084;16700663;8.20008200082001E-05
16700084;16700738;0.00010660106601066
16700084;16700653;0.001640016400164
16700084;16700768;0.000820008200082001
16700084;16700596;0.001230012300123
16700084;16700611;0.000820008200082001
16700085;16700067;0.0347009111939946
16700085;16700769;1.06609697370285
16700085;16700770;0.0668051555639488
16700085;16700771;1.06609697370285
16700086;16700156;1
16700086;16700091;1
16700086;16700772;1
16700086;16700749;0.125
16700087;16598641;2
16700087;16700773;1
16700088;16700317;0.158628387498702
16700088;16700774;1.05196760461011
16700088;16700775;1.05196760461011
16700088;16700776;1.11509708233828
16700088;16700777;1.11509708233828
16700088;16700720;1.11509708233828
16700088;16700778;0.0657252621742291
16700089;16700316;0.106060606060606
16700089;16700779;1.03030303030303
16700089;16700780;1.01010101010101
16700089;16700726;0.0626262626262626
16700089;16700316;0.104694640631491
16700089;16700779;1.14250103863731
16700089;16700780;1.06294142085584
16700089;16700726;0.0714582467802243
16700090;16700721;0.0833681396708713
16700090;16700781;1.00998245760588
16700090;16700782;1.00998245760588
16700090;16700783;0.219279926489015
16700091;16700783;0.066611685592844
16700091;16700784;1.02998583180021
16700091;16700785;0.083338619975047
16700092;16700735;0.0873574879227053
16700092;16700786;0.000453569511540526
16700092;16700653;0.000907139023081052
16700092;16700598;9.07139023081052E-05
16700092;16700599;9.07139023081052E-05
16700092;16700787;0.00136070853462158
16700092;16700788;0.0010198604401503
16700092;16700789;1.02039720880301
16700092;16700790;1.02039720880301
16700092;16700791;0.085024154589372
16700092;16700735;0.086036688517657
16700092;16700786;0.000446711778388666
16700092;16700653;0.000893423556777331
16700092;16700598;8.93423556777331E-05
16700092;16700599;8.93423556777331E-05
16700092;16700787;0.001340135335166
16700092;16700788;0.000898710086699091
16700092;16700789;1.01004440685134
16700092;16700790;1
16700092;16700791;0.084161556354409
16700093;16700312;0.155532513701674
16700093;16700792;1.05051103540216
16700093;16700793;1.05051103540216
16700093;16700794;1.11361279810398
16700093;16700795;1.11361279810398
16700093;16700720;1.07154495630277
16700093;16700778;0.0656199081617538
16700093;16700312;0.158628387498702
16700093;16700792;1.05196760461011
16700093;16700793;1.05196760461011
16700093;16700794;1.11509708233828
16700093;16700795;1.11509708233828
16700093;16700720;1.11509708233828
16700093;16700778;0.0657252621742291
16700094;16700319;0.155532513701674
16700094;16700796;1.05051103540216
16700094;16700793;1.05051103540216
16700094;16700720;1.07154495630277
16700094;16700797;1.11361279810398
16700094;16700798;1.11361279810398
16700094;16700778;0.0656199081617538
16700094;16700319;0.154857837920024
16700094;16700796;1.05199939181998
16700094;16700793;1.05199939181998
16700094;16700720;1.11509806902843
16700094;16700797;1.11509806902843
16700094;16700798;1.11509806902843
16700094;16700778;0.0656834422989205
16700095;16700735;0.0708084524810765
16700095;16700799;0.0012300252312868
16700095;16700736;0.00492010092514718
16700095;16700610;0.00159903280067283
16700095;16700611;0.000820016820857864
16700095;16700614;0.000820016820857864
16700095;16700737;0.00164003364171573
16700095;16700617;0.000164003364171573
16700095;16700740;0.000444175777964676
16700095;16700800;1.01003994953743
16700095;16700742;0.0277544154751892
16700095;16700735;0.0775375582800898
16700095;16700799;0.00134691763080642
16700095;16700736;0.00538767052322569
16700095;16700610;0.00175099292004835
16700095;16700611;0.000897945087204282
16700095;16700614;0.000897945087204282
16700095;16700737;0.00179589017440856
16700095;16700617;0.000179589017440857
16700095;16700740;0.000518045242617855
16700095;16700800;1.02037644620964
16700095;16700742;0.0283198065964428
16700096;16700308;0.155614973262032
16700096;16700796;1.05210084033613
16700096;16700801;1.11520244461421
16700096;16700802;1.11520244461421
16700096;16700803;1.02047364400306
16700096;16700720;1.11520244461421
16700096;16700721;0.0656990068754775
16700097;16700735;0.066790370058873
16700097;16700736;0.00328006728343145
16700097;16700737;0.00164003364171573
16700097;16700804;0.000820016820857864
16700097;16700587;0.000410008410428932
16700097;16700805;0.000820016820857864
16700097;16700574;0.000410008410428932
16700097;16700806;0.00164003364171573
16700097;16700807;0.000820016820857864
16700097;16700808;0.000820016820857864
16700097;16700582;0.000410008410428932
16700097;16700809;0.000820016820857864
16700097;16700810;0.00164003364171573
16700097;16700571;0.000820016820857864
16700097;16700811;4.10008410428932E-05
16700097;16700812;0.000410008410428932
16700097;16700813;0.000410008410428932
16700097;16700740;0.00044435099523409
16700097;16700814;1.04001962433417
16700097;16700742;0.0277544154751892
16700097;16700735;0.0740512083300956
16700097;16700736;0.00363664620405626
16700097;16700737;0.00181832310202813
16700097;16700804;0.000909161551014065
16700097;16700587;0.000454580775507032
16700097;16700805;0.000909161551014065
16700097;16700574;0.000454580775507032
16700097;16700806;0.00181832310202813
16700097;16700807;0.000909161551014065
16700097;16700808;0.000909161551014065
16700097;16700582;0.000454580775507032
16700097;16700809;0.000909161551014065
16700097;16700810;0.00181832310202813
16700097;16700571;0.000909161551014065
16700097;16700811;4.54580775507032E-05
16700097;16700812;0.000454580775507032
16700097;16700813;0.000454580775507032
16700097;16700740;0.000543942808299013
16700097;16700814;1.02035900225348
16700097;16700742;0.02836273214702
16700098;16700318;0.152638464893153
16700098;16700796;1.03096380287833
16700098;16700803;1.03096380287833
16700098;16700815;1.09289140863498
16700098;16700816;1.09289140863498
16700098;16700720;1.07210350341619
16700098;16700721;0.0643988951882541
16700098;16700318;0.157103192966219
16700098;16700796;1.06830643897854
16700098;16700719;1.05182785747339
16700098;16700815;1.115070183557
16700098;16700816;1.115070183557
16700098;16700720;1.115070183557
16700098;16700721;0.0657103192966219
16700099;16700050;0.250283058220607
16700099;16700727;1
16700099;16700817;1.06000834276861
16700099;16700818;1.06000834276861
16700099;16700819;1
16700099;16700720;1.02002264465765
16700099;16700726;0.0625111733508134
16700100;16700050;0.063
16700100;16700820;1.04533333333333
16700100;16700821;1.09093333333333
16700100;16700822;1.09093333333333
16700100;16700823;1.04533333333333
16700101;16700309;0.155607048278672
16700101;16700796;1.05199633326543
16700101;16700719;1.05199633326543
16700101;16700825;1.11509472397637
16700101;16700826;1.11509472397637
16700101;16700720;1.11509472397637
16700101;16700721;0.0657465878997759
16700102;16700309;0.0663046223793887
16700102;16700827;1.01035615054307
16700102;16700715;0.0647259408941652
16700102;16700309;0.0673165895571712
16700102;16700827;1.05194976867151
16700102;16700715;0.0657633840052875
16700103;16700819;1
16700103;16700727;1
16700103;16700828;1.06000834276861
16700103;16700829;1.06000834276861
16700103;16700726;0.0625111733508134
16700103;16700720;1.02002264465765
16700103;16700051;0.250283058220607
16700104;16700830;1
16700104;16700098;1
16700104;16700099;1
16700105;16700831;1
16700105;16700097;2
16700106;16700832;1.06291542516617
16700106;16700833;1.06291542516617
16700106;16700734;0.0664107265642906
16700106;16700066;0.0577584231033692
16700106;16700832;1.05002987669075
16700106;16700833;1.00499755554348
16700106;16700734;0.0625237655494595
16700106;16700066;0.0553261991417242
16700107;16700834;1.06291542516617
16700107;16700835;1.06291542516617
16700107;16700734;0.0664107265642906
16700107;16700063;0.0577584231033692
16700107;16700834;1.05557716889902
16700107;16700835;1.00500194520091
16700107;16700734;0.0625243150113933
16700107;16700063;0.0566053465236481
16700108;16700836;1.06291542516617
16700108;16700837;1.06291542516617
16700108;16700734;0.0664107265642906
16700108;16700064;0.0577584231033692
16700108;16700836;1.04998907342657
16700108;16700837;1.00497159090909
16700108;16700734;0.0625
16700108;16700064;0.0556435751748252
16700109;16700838;1.06291542516617
16700109;16700839;1.06291542516617
16700109;16700734;0.0664107265642906
16700109;16700065;0.0577584231033692
16700109;16700838;1.04999164019395
16700109;16700839;1.00496015159115
16700109;16700734;0.0624756172323469
16700109;16700065;0.0567630830964722
16700110;16700840;0.054945054945055
16700110;16700841;1.07734170591313
16700110;16700842;1.0465724751439
16700110;16700843;0.0855049712192569
16700110;16700844;1.02564102564103
16700110;16700840;0.0577584231033692
16700110;16700841;1.06291542516617
16700110;16700842;1.06291542516617
16700110;16700843;0.0885858354343342
16700110;16700844;1.06291542516617
16700110;16700840;0.0551643828196934
16700110;16700841;1.04999187564318
16700110;16700842;1.00498293885067
16700110;16700843;0.0833559009911715
16700110;16700844;1
16700111;16700845;0.054945054945055
16700111;16700846;1.07734170591313
16700111;16700847;1.0465724751439
16700111;16700843;0.0855049712192569
16700111;16700844;1.02564102564103
16700111;16700845;0.0577584231033692
16700111;16700843;0.0885858354343342
16700111;16700846;1.06291542516617
16700111;16700847;1.06291542516617
16700111;16700844;1.06291542516617
16700111;16700845;0.0551643828196934
16700111;16700843;0.0833559009911715
16700111;16700846;1.04999187564318
16700111;16700847;0.100471212695662
16700111;16700844;1
16700112;16700848;0.0199982399788797
16700112;16700849;0.0199982399788797
16700112;16700850;0.00499405992871914
16700112;16700851;1.11998943987328
16700112;16700852;1.12729352752233E-07
16700112;16700853;2.42002904034848E-05
16700112;16700854;6.90808289699476E-06
16700112;16700855;2.70603247238967E-06
16700113;16700856;1.12001720060202
16700113;16700857;0.100021500752526
16700113;16700858;0.0199956998494947
16700113;16700859;0.0199956998494947
16700113;16700860;0.00498817458611051
16700113;16700855;1.32272629542034E-07
16700113;16700852;2.20167705869705E-08
16700113;16700853;9.46033111158891E-06
16700113;16700854;1.72006020210707E-06
16700114;16700313;0.00540223498178675
16700114;16700861;0.00136342120968904
16700114;16700862;0.0100018521948509
16700114;16700313;0.00579213809192721
16700114;16700861;0.00137908049807791
16700114;16700862;0.0106304121726839
16700115;16700863;0.0013810009761292
16700115;16700862;0.010626497470938
16700115;16700278;0.00559055816842666
16700116;16700735;0.0153018030180302
16700116;16700736;0.001170011700117
16700116;16700737;0.0001950019500195
16700116;16700663;0.00001950019500195
16700116;16700738;0.000025350253502535
16700116;16700653;0.000390003900039
16700116;16700739;0.001950019500195
16700116;16700650;0.00025350253502535
16700116;16700611;0.0001950019500195
16700116;16700864;0.000480004800048
16700116;16700734;0.00999009990099901
16700116;16700735;0.0156138289934375
16700116;16700736;0.00119386993705397
16700116;16700737;0.000198978322842329
16700116;16700663;1.98978322842329E-05
16700116;16700738;2.58671819695027E-05
16700116;16700653;0.000397956645684658
16700116;16700739;0.00198978322842329
16700116;16700650;0.000258671819695027
16700116;16700611;0.000198978322842329
16700116;16700864;0.000516578338148354
16700116;16700734;0.0101976390456694
16700117;16700317;0.0113603167905482
16700117;16700865;0.00176355393986606
16700117;16700862;0.010505588193926
16700117;16700317;0.0115875580231182
16700117;16700865;0.00136524984072085
16700117;16700862;0.0105238008555566
16700118;16700866;0.00168484062035622
16700118;16700862;0.0100043952364009
16700118;16700316;0.0109880910023232
16700118;16700866;0.00137700194898737
16700118;16700862;0.0106240996525718
16700118;16700316;0.0106770612659944
16700119;16700735;0.0181793099442379
16700119;16700786;9.43889405204461E-05
16700119;16700653;0.000188777881040892
16700119;16700598;1.88777881040892E-05
16700119;16700599;1.88777881040892E-05
16700119;16700787;0.000283166821561338
16700119;16700867;0.000522769516728624
16700119;16700868;0.0204170539033457
16700119;16700735;0.0190646605549295
16700119;16700786;9.89857765053452E-05
16700119;16700653;0.00019797155301069
16700119;16700598;0.000019797155301069
16700119;16700599;0.000019797155301069
16700119;16700787;0.000296957329516036
16700119;16700867;0.00051777175402796
16700119;16700868;0.00998994913653946
16700120;16700307;0.00573714060912041
16700120;16700869;0.00140969740681244
16700120;16700862;0.010310461266105
16700120;16700307;0.00584894391675376
16700120;16700869;0.00136676352693902
16700120;16700862;0.0105206335350937
16700121;16700067;0.0055650072345094
16700121;16700870;0.00136740177762231
16700121;16700862;0.0100011130014469
16700122;16700871;0.000419901399671332
16700122;16700734;0.00997336657788859
16700122;16700735;0.0148359494531648
16700122;16700736;0.00102000340001133
16700122;16700737;0.000170000566668556
16700122;16700663;1.70000566668556E-05
16700122;16700738;2.21000736669122E-05
16700122;16700653;0.000340001133337111
16700122;16700768;0.000170000566668556
16700122;16700596;0.000255000850002833
16700122;16700611;0.000170000566668556
16700123;16700872;0.00144471629966212
16700123;16700862;0.00808575090294769
16700123;16700067;0.00570895957124549
16700123;16700067;0.00570895957124549
16700123;16700873;0.00144471629966212
16700123;16700862;0.00808575090294769
16700124;16700312;0.0113603167905482
16700124;16700874;0.00176355393986606
16700124;16700862;0.010505588193926
16700124;16700312;0.0115875580231182
16700124;16700874;0.00136524984072085
16700124;16700862;0.0105238008555566
16700125;16700319;0.0112540192926045
16700125;16700875;0.0017470525187567
16700125;16700862;0.0104072883172562
16700125;16700319;0.0113116392714349
16700125;16700875;0.00136605952909818
16700125;16700862;0.0105175477565526
16700126;16700311;0.0105
16700126;16700876;0.00168
16700126;16700862;0.01
16700126;16700311;0.0108646446355817
16700126;16700876;0.00137963741404212
16700126;16700862;0.0106275194550432
16700127;16700324;0.0105
16700127;16700877;0.00168
16700127;16700862;0.01
16700127;16700324;0.0108646446355817
16700127;16700877;0.00137963741404212
16700127;16700862;0.0106275194550432
16700128;16700735;0.0146796129200994
16700128;16700799;0.00025500196155355
16700128;16700736;0.0010200078462142
16700128;16700610;0.000331502550019616
16700128;16700611;0.000170001307702367
16700128;16700614;0.000170001307702367
16700128;16700737;0.000340002615404734
16700128;16700617;3.40002615404734E-05
16700128;16700878;0.000367464365110501
16700128;16700734;0.00999084608343141
16700128;16700735;0.016300970027881
16700128;16700799;0.000283166821561338
16700128;16700736;0.00113266728624535
16700128;16700610;0.00036811686802974
16700128;16700611;0.000188777881040892
16700128;16700614;0.000188777881040892
16700128;16700737;0.000377555762081784
16700128;16700617;3.77555762081784E-05
16700128;16700878;0.000522769516728624
16700128;16700734;0.0101940055762082
16700129;16700308;0.00573714060912041
16700129;16700879;0.00140969740681244
16700129;16700862;0.010310461266105
16700129;16700308;0.00584894391675376
16700129;16700879;0.00136676352693902
16700129;16700862;0.0105206335350937
16700130;16700318;0.00573714060912041
16700130;16700880;0.00140969740681244
16700130;16700862;0.010310461266105
16700130;16700318;0.00590571726777224
16700130;16700880;0.00136843325988635
16700130;16700862;0.0105183810738722
16700131;16700735;0.0153757351339577
16700131;16700736;0.000755100559064837
16700131;16700737;0.000377550279532419
16700131;16700804;0.000188775139766209
16700131;16700587;9.43875698831046E-05
16700131;16700805;0.000188775139766209
16700131;16700574;9.43875698831046E-05
16700131;16700806;0.000377550279532419
16700131;16700807;0.000188775139766209
16700131;16700808;0.000188775139766209
16700131;16700582;9.43875698831046E-05
16700131;16700809;0.000188775139766209
16700131;16700810;0.000377550279532419
16700131;16700571;0.000188775139766209
16700131;16700811;9.43875698831046E-06
16700131;16700812;9.43875698831046E-05
16700131;16700813;9.43875698831046E-05
16700131;16700881;0.000508240760909025
16700131;16700734;0.010201118129674
16700131;16700735;0.0138466065123578
16700131;16700736;0.000680005230809468
16700131;16700737;0.000340002615404734
16700131;16700804;0.000170001307702367
16700131;16700587;8.50006538511835E-05
16700131;16700805;0.000170001307702367
16700131;16700574;8.50006538511835E-05
16700131;16700806;0.000340002615404734
16700131;16700807;0.000170001307702367
16700131;16700808;0.000170001307702367
16700131;16700582;8.50006538511835E-05
16700131;16700809;0.000170001307702367
16700131;16700810;0.000049611693094434
16700131;16700571;0.000170001307702367
16700131;16700811;8.50006538511835E-06
16700131;16700812;8.50006538511835E-05
16700131;16700813;8.50006538511835E-05
16700131;16700881;0.000363868183601412
16700131;16700734;0.0100039231071008
16700132;16700599;1.70001307702367E-05
16700132;16700676;1.70001307702367E-05
16700132;16700752;8.50006538511835E-05
16700132;16700753;4.25003269255917E-05
16700132;16700754;0.000170001307702367
16700132;16700736;0.0010200078462142
16700132;16700735;0.0156486203740029
16700132;16700882;0.000457695828429449
16700132;16700734;0.00999458237590839
16700132;16700599;0.000018673561520151
16700132;16700676;0.000018673561520151
16700132;16700752;9.33678076007552E-05
16700132;16700753;4.66839038003776E-05
16700132;16700754;0.00018673561520151
16700132;16700736;0.00112041369120906
16700132;16700735;0.017189013379299
16700132;16700882;0.000513009931872281
16700132;16700734;0.0101986374456209
16700133;16700309;0.00576087433612781
16700133;16700883;0.00141552912259141
16700133;16700862;0.0103531141640697
16700133;16700309;0.00584894391675376
16700133;16700883;0.00136676352693902
16700133;16700862;0.0105206335350937
16700134;16700884;1.02040173916465
16700134;16700885;1.02040173916465
16700134;16700862;0.0102008695823251
16700134;16700315;0.0100188868559287
16700135;16700064;0.00588235294117647
16700135;16700887;0.0014453781512605
16700135;16700862;0.0105714285714286
16700135;16700064;0.00600225084406653
16700135;16700887;0.00138147043236452
16700135;16700862;0.0106289858697011
16700136;16700066;0.00588235294117647
16700136;16700888;0.0014453781512605
16700136;16700862;0.0105714285714286
16700136;16700066;0.00600225084406653
16700136;16700888;0.00138147043236452
16700136;16700862;0.0106289858697011
16700137;16700065;0.00588235294117647
16700137;16700889;0.0014453781512605
16700137;16700862;0.0105714285714286
16700137;16700065;0.00600225084406653
16700137;16700889;0.00138147043236452
16700137;16700862;0.0106289858697011
16700138;16700063;0.00588235294117647
16700138;16700890;0.0014453781512605
16700138;16700862;0.0105714285714286
16700138;16700063;0.00600225084406653
16700138;16700890;0.00138147043236452
16700138;16700862;0.0106289858697011
16700139;16700845;0.00336
16700139;16700891;0.0013632
16700139;16700892;0.02
16700139;16700845;0.00389298373103561
16700139;16700891;0.00129766124367854
16700139;16700892;0.0100031143869848
16700140;16700840;0.00336
16700140;16700893;0.0013632
16700140;16700892;0.02
16700140;16700840;0.00389298373103561
16700140;16700892;0.0100031143869848
16700140;16700893;0.00129766124367854
16700141;16700894;0.00336
16700141;16700895;0.0013632
16700141;16700892;0.02
16700142;16700896;0.00336
16700142;16700897;0.0013632
16700142;16700892;0.02
16700143;16700510;0.0833
16700143;16700497;0.1667
16700143;16700898;1
16700144;16700497;0.02
16700144;16700899;1
16700144;16700498;0.01
16700145;16700498;0.0833
16700145;16700900;1
16700146;16700901;1
16700146;16700497;0.02
16700146;16700498;0.01
16700147;16700902;1
16700147;16700497;0.1667
16700147;16700510;0.0833
16700148;16700903;1
16700148;16700529;0.0833
16700149;16700529;0.0833
16700149;16700904;1
16700150;16700497;0.1667
16700150;16700506;0.0833
16700150;16700905;1
16700151;16700506;0.0833
16700151;16700497;0.1667
16700151;16700906;1
16700152;16700497;0.1667
16700152;16700518;0.0833
16700152;16700907;1
16700153;16700510;0.0833
16700153;16700497;0.1667
16700153;16700908;1
16700154;16700497;0.1667
16700154;16700529;0.0833
16700154;16700909;1
16700155;16700529;0.0833
16700155;16700497;0.1667
16700155;16700910;1
16700156;16700506;0.0833
16700156;16700497;0.1667
16700156;16700911;1
16700156;16700912;1
16700157;16700913;1
16700157;16700506;0.08333333
16700157;16700497;0.1667
16700158;16700914;1
16700158;16700546;0.0833
16700158;16700513;0.5
16700159;16700915;1
16700159;16700515;0.0833
16700159;16700513;0.0833
16700160;16700497;0.1667
16700160;16700518;0.0833
16700160;16700916;1
16700161;16700208;1
16700161;16700763;1
16700162;16700917;1
16700162;16700518;0.0833
16700162;16700918;1
16700163;16700529;0.0833
16700163;16700920;1
16700163;16700497;0.1667
16700164;16700921;1
16700164;16700922;0.0833
16700164;16700513;0.1667
16700165;16700923;1
16700165;16700510;0.0833
16700166;16700012;1
16700166;16700149;1
16700166;16700924;1
16700166;16700518;0.125
16700167;16700925;1
16700167;16700497;0.1667
16700167;16700506;0.0833
16700168;16700012;1
16700168;16700176;1
16700168;16700926;1
16700169;16700177;1
16700169;16700177;1
16700169;16700927;1
16700169;16700928;1
16700169;16700749;0.125
16700170;16700929;1
16700170;16700529;0.01
16700171;16700206;2
16700171;16700930;1
16700171;16700498;0.166
16700172;16700012;1
16700172;16700207;1
16700172;16700931;1
16700172;16700749;0.1
16700173;16700932;1
16700173;16700497;0.1667
16700173;16700506;0.0833
16700174;16700012;1
16700174;16700024;1
16700174;16700933;1
16700174;16700518;0.1
16700175;16700934;1
16700175;16700498;0.083
16700175;16700497;0.1667
16700176;16700935;1
16700176;16700922;0.0833
16700176;16700513;0.1667
16700177;16700936;1
16700177;16700497;0.0833
16700177;16700510;0.0833
16700178;16700937;1
16700178;16700497;0.1667
16700178;16700498;0.0833
16700179;16700938;1
16700179;16700546;0.083
16700179;16700513;0.5
16700180;16700939;1
16700180;16700498;0.0833
16700180;16700497;0.25
16700181;16700497;0.1667
16700181;16700940;1
16700181;16700506;0.0833
16700182;16700497;0.02
16700182;16700498;0.01
16700182;16700941;1
16700183;16700942;1
16700183;16700497;0.02
16700183;16700498;0.01
16700184;16700497;0.02
16700184;16700498;0.01
16700184;16700943;1
16700185;16700944;1
16700185;16700497;0.1667
16700185;16700510;0.0833
16700186;16700945;1
16700186;16700497;0.02
16700186;16700498;0.01
16700187;16700497;0.1667
16700187;16700946;1
16700187;16700512;0.0833
16700188;16700947;1
16700188;16700506;0.0833
16700189;16700497;0.1667
16700189;16700948;1
16700189;16700527;0.0833
16700190;16700497;0.02
16700190;16700498;0.01
16700190;16700949;1
16700191;16700497;0.02
16700191;16700498;0.01
16700191;16700950;1
16700192;16700951;1
16700192;16700497;0.1667
16700192;16700498;0.083
16700193;16700497;0.1667
16700193;16700527;0.0833
16700193;16700952;1
16700194;16700497;0.02
16700194;16700953;1
16700194;16700498;0.01
16700195;16700529;0.0833
16700195;16700954;1
16700195;16700497;0.1667
16700196;16700195;1
16700196;16700955;1
16700196;16700956;1
16700196;16700957;1
16700196;16700195;1
16700196;16700518;0.166
16700197;16700958;1
16700197;16700497;0.02
16700197;16700498;0.01
16700198;16700529;0.0833
16700198;16700497;0.1667
16700198;16700959;1
16700199;16700960;1
16700199;16700497;0.02
16700199;16700498;0.01
16700200;16700497;0.02
16700200;16700498;0.01
16700200;16700961;1
16700201;16700962;1
16700201;16700529;0.083
16700201;16700497;0.1667
16700202;16700497;0.02
16700202;16700963;1
16700202;16700498;0.01
16700203;16700497;0.1667
16700203;16700964;1
16700203;16700510;0.0833
16700204;16700497;0.02
16700204;16700965;1
16700204;16700498;0.01
16700205;16700966;1
16700205;16700520;0.005
16700206;16700506;0.0833
16700206;16700497;0.1667
16700206;16700967;1
16700207;16700506;0.0833
16700207;16700968;1
16700207;16700497;0.1667
16700208;16700012;1
16700208;16700969;1
16700208;16700970;1
16700208;16700518;0.1
16700209;16700497;0.1667
16700209;16700971;1
16700209;16700506;0.0833
16700210;16700972;1
16700210;16700497;0.02
16700210;16700498;0.01
16700211;16700497;0.02
16700211;16700498;0.01
16700211;16700973;1
16700212;16700497;0.02
16700212;16700974;1
16700212;16700498;0.01
16700213;16700497;0.02
16700213;16700975;1
16700213;16700498;0.01
16700214;16700313;0.129645635263613
16700214;16700976;1.02481787875046
16700214;16700977;0.0638350413631313
16700214;16700313;0.132231404958678
16700214;16700976;1.06283615374524
16700214;16700977;0.0663780663780664
16700215;16700978;1
16700215;16700498;0.0833
16700215;16700497;0.5
16700216;16700979;1
16700216;16700980;0.0833
16700216;16700497;0.5
16700217;16700981;1
16700217;16700980;0.0833
16700217;16700497;0.5
16700218;16700982;1
16700218;16700498;0.005
16700218;16700497;0.015
16700219;16700983;1
16700219;16700498;0.005
16700219;16700497;0.015
16700220;16700984;1
16700220;16700498;0.0833
16700221;16700498;0.005
16700221;16700985;1
16700222;16700986;1
16700222;16700510;0.005
16700223;16700987;1
16700223;16700498;0.0833
16700223;16700497;0.1667
16700224;16700988;1
16700224;16700498;0.01
16700225;16700989;1
16700225;16700546;0.0833
16700225;16700513;0.1667
16700226;16700090;1
16700226;16700091;1
16700226;16700990;1
16700227;16700991;1
16700227;16700980;0.0833
16700227;16700497;0.25
16700228;16700992;1
16700228;16700922;0.0833
16700228;16700513;0.167
16700229;16700498;0.005
16700229;16700993;1
16700230;16700994;1
16700230;16700980;0.0833
16700230;16700497;0.25
16700231;16700995;1
16700231;16700506;0.083
16700232;16700498;0.001
16700232;16700996;1
16700233;16700997;1
16700233;16700529;0.0833
16700234;16700998;1
16700234;16700980;0.0833
16700234;16700497;0.25
16700235;16700999;1
16700235;16700980;0.0833
16700235;16700497;0.333
16700236;16701000;1
16700236;16700497;0.02
16700236;16700498;0.01
16700237;16701001;1
16700237;16700546;0.0833
16700237;16700513;0.059
16700238;16701002;1
16700238;16700498;0.01
16700239;16701003;1
16700239;16700512;0.0833
16700239;16700497;0.4166
16700240;16701004;1
16700240;16700980;0.0833
16700240;16700497;0.25
16700241;16701005;1
16700241;16700749;0.083
16700241;16700497;0.125
16700242;16701006;1
16700242;16700980;0.0833
16700242;16700497;0.25
16700243;16701007;1
16700243;16700518;0.0833
16700243;16700497;0.1666
16700244;16701008;1
16700244;16700529;0.083
16700245;16701009;1
16700245;16700980;0.8333
16700245;16700497;0.333
16700246;16701010;1
16700246;16700498;0.01
16700247;16700922;0.0833
16700247;16700513;0.1667
16700248;16700497;0.125
16700248;16701011;0.02
16700249;16701012;0.1
16700249;16701013;0.1
16700249;16701014;0.035
16700249;16700630;0.0015
16700249;16700706;0.001
16700249;16700707;0.01
16700249;16700565;0.03
16700249;16701015;0.05
16700249;16701016;0.1
16700249;16700674;0.005
16700249;16700598;0.0005
16700249;16700599;0.003
16700249;16700604;0.002
16700249;16700568;0.0035
16700249;16700611;0.01
16700249;16700649;0.002
16700249;16700596;0.005
16700250;16700249;0.156343061346039
16700250;16700766;1
16700250;16701017;1.06000595592615
16700250;16701018;1.06000595592615
16700250;16700719;1
16700250;16700720;1.01995235259083
16700250;16700721;0.0625372245384157
16700250;16700249;0.159531143946118
16700250;16700766;1.05195008614838
16700250;16701017;1.11507335665431
16700250;16701018;1.11507335665431
16700250;16700719;1.05195008614838
16700250;16700720;1.11507335665431
16700250;16700721;0.0657338275988096
16700251;16700249;0.00587646002048366
16700251;16701019;0.00137677063337046
16700251;16700862;0.0100011752920041
16700251;16700249;0.00599657338663621
16700251;16701019;0.00136593522405459
16700251;16700862;0.010521233816317
16700252;16700735;0.0769746416758545
16700252;16700736;0.00529217199558986
16700252;16700737;0.000882028665931643
16700252;16700663;8.82028665931643E-05
16700252;16700738;0.000114663726571114
16700252;16700653;0.00176405733186329
16700252;16700768;0.000882028665931643
16700252;16700596;0.00132304299889746
16700252;16700611;0.000882028665931643
16700252;16700740;0.00047776552737964
16700252;16700742;0.0278574053656744
16700252;16701020;1.0202131569276
16700252;16700735;0.078543
16700252;16700736;0.0054
16700252;16700737;0.0009
16700252;16700663;0.00009
16700252;16700738;0.000117
16700252;16700653;0.0018
16700252;16700768;0.0009
16700252;16700596;0.00135
16700252;16700611;0.0009
16700252;16700740;0.00055
16700252;16700742;0.02835
16700252;16701020;1.0204
16700253;16701021;1
16700253;16700498;0.005
16700253;16700497;0.015
16700254;16700735;0.0159703541037606
16700254;16700736;0.00109799615701345
16700254;16700737;0.000182999359502242
16700254;16700663;1.82999359502242E-05
16700254;16700738;2.37899167352914E-05
16700254;16700653;0.000365998719004483
16700254;16700768;0.000182999359502242
16700254;16700596;0.000274499039253363
16700254;16700611;0.000182999359502242
16700254;16700871;0.00033549882575411
16700254;16700734;0.00975996584011956
16700254;16700735;0.0162964115651551
16700254;16700736;0.00112041330802029
16700254;16700737;0.000186735551336715
16700254;16700663;1.86735551336715E-05
16700254;16700738;0.000024275621673773
16700254;16700653;0.000373471102673431
16700254;16700768;0.000186735551336715
16700254;16700596;0.000280103327005073
16700254;16700611;0.000186735551336715
16700254;16701022;0.000497961470231241
16700254;16700734;0.0102082101397404
16700255;16701023;0.0577022153529109
16700255;16701024;1.07756597401111
16700255;16701025;1.07756597401111
16700255;16700844;1.07756597401111
16700255;16700843;0.0898734901826092
16700255;16701023;0.0577022153529109
16700255;16701024;1.06291144312783
16700255;16700844;1.06291144312783
16700255;16701025;1.06291144312783
16700255;16700843;0.0885568721735646
16700256;16701023;0.00389298373103561
16700256;16701026;0.00129766124367854
16700256;16700862;0.0100031143869848
16598556;16700298;0.00373275182789394
16598556;16701028;0.00135969654211944
16598556;16700862;0.0100016492276117
16598557;16700298;0.0544186792049583
16598557;16701029;1.00502244069246
16598557;16700844;1
16598557;16700843;0.0833511434067108
16598557;16701030;1.05001068604403
16598558;16700258;0.00591707382254007
16598558;16701031;0.00136525512842113
16598558;16700862;0.0105211788832794
16598558;16700258;0.00602699537321567
16598558;16701031;0.00135672623120006
16598558;16700862;0.0100015074735902
16598559;16700257;0.0678288672350792
16598559;16701032;1.0500043500957
16598559;16700785;0.0875021750478511
16598560;16701033;1.05001078981442
16598560;16701034;0.0875053949072076
16598560;16700257;0.168240181268882
16598561;16700257;0.336027713625866
16598561;16701035;1.05190806114594
16598561;16700781;1.05190806114594
16598561;16701036;0.0876498405366766
16598561;16700257;0.33256351039261
16598561;16701035;1.05575717584955
16598561;16700781;1.05575717584955
16598561;16701036;0.0989772352358957
16598561;16700257;0.337208044982699
16598561;16701035;1.00497404844291
16598561;16700781;1.00497404844291
16598561;16701036;0.0833693771626298
16598562;16700753;0.000418363362525799
16598562;16701037;0.0002091816812629
16598562;16701038;0.00002091816812629
16598562;16701039;0.0200605232331121
16598562;16701040;0.0002091816812629
16598562;16701041;0.000502036035030959
16598562;16700868;0.020416132091259
16598562;16700753;0.000430465476668771
16598562;16701037;0.000215232738334386
16598562;16701038;2.15232738334386E-05
16598562;16701039;0.0206408196062676
16598562;16701040;0.000215232738334386
16598562;16701041;0.000516558572002525
16598562;16700868;0.00998679905871549
16700257;16700599;0.001
16700257;16700786;0.003
16700257;16701042;0.2
16700257;16701043;0.08
16700257;16701044;0.05
16700257;16701015;0.02
16700257;16701014;0.01
16700257;16700604;0.009
16700257;16701045;0.004
16700257;16700651;0.01
16700257;16701046;0.004
16700257;16701047;0.0000005
16700257;16701048;0.007
16700257;16700564;0.003
16700257;16701040;0.02
16700257;16701049;0.000012
16700257;16700592;0.004
16700258;16701050;0.001
16700258;16700786;0.003
16700258;16701042;0.2
16700258;16701043;0.08
16700258;16701044;0.05
16700258;16701015;0.02
16700258;16701014;0.01
16700258;16700709;0.009
16700258;16701045;0.004
16700258;16700651;0.01
16700258;16701046;0.004
16700258;16701051;0.0000005
16700258;16700591;0.007
16700258;16700564;0.003
16700258;16701040;0.02
16700258;16701049;0.000012
16700258;16701052;0.004
16700258;16700599;0.001
16700258;16700786;0.003
16700258;16701042;0.2
16700258;16701043;0.08
16700258;16701044;0.05
16700258;16701015;0.02
16700258;16701014;0.01
16700258;16700604;0.009
16700258;16701045;0.004
16700258;16700651;0.01
16700258;16701046;0.004
16700258;16701047;0.0000005
16700258;16701048;0.007
16700258;16700564;0.003
16700258;16701040;0.02
16700258;16701049;0.000012
16700258;16700592;0.004
16700259;16700249;0.0687442713107241
16700259;16701053;1.00824931255729
16700259;16700715;0.0641613198900092
16700259;16700715;0.065752620166245
16700259;16700249;0.0690165341525117
16700259;16701053;1.05195157209975
16700259;16700249;0.0687442713107241
16700259;16701053;1.00824931255729
16700259;16700715;0.0641613198900092
16700260;16700311;0.212017107200449
16700260;16701054;1.0628899950922
16700260;16701055;0.0664656804318867
16700260;16700311;0.205882352941176
16700260;16701054;1.07843137254902
16700260;16701055;0.0647058823529412
16700261;16700324;0.212017107200449
16700261;16701056;1.0628899950922
16700261;16701055;0.0664656804318867
16700261;16700324;0.205882352941176
16700261;16701056;1.07843137254902
16700261;16701055;0.0647058823529412
16700262;16701057;1.06292850146915
16700262;16701058;1.06292850146915
16700262;16701059;0.0664789422135162
16700262;16700324;0.370225269343781
16700262;16701057;1
16700262;16701058;1
16700262;16701059;0.0626074991400069
16700262;16700324;0.361197110423117
16700263;16700612;0.01
16700263;16701060;0.02
16700263;16700613;0.002
16700263;16701061;0.03
16700263;16701062;0.08
16700263;16701063;0.07
16700263;16701073;0.09
16700263;16701064;0.05
16700263;16701074;0.04
16700263;16701065;0.04
16700263;16701066;0.04
16700263;16701067;0.001
16700263;16701068;0.0005
16700263;16701069;0.003
16700263;16700690;0.04
16700263;16700663;0.001
16700263;16700693;0.01
16700263;16701070;0.06
16700263;16700697;0.002
16700263;16700701;0.005
16700263;16701075;0.03
16700264;16701076;1
16700264;16700749;0.02
16700264;16700497;0.125
16700265;16701077;1
16700265;16700546;0.05
16700266;16700209;2
16700266;16701078;1
16700266;16700931;1
16700267;16700178;2
16700267;16701079;1
16700267;16700749;0.0833
16700268;16700735;0.125399872040947
16700268;16700735;0.000111964171465131
16700268;16700736;0.00959692898272553
16700268;16700737;0.00159948816378759
16700268;16700663;0.000159948816378759
16700268;16700738;0.000207933461292386
16700268;16700653;0.00319897632757518
16700268;16700739;0.0159948816378759
16700268;16700650;0.00207933461292386
16700268;16700611;0.00159948816378759
16700269;16701080;0.00319897632757518
16700269;16701037;0.00159948816378759
16700269;16701038;0.000159948816378759
16700269;16701039;0.15339091490723
16700269;16701040;0.00159948816378759
16700270;16700609;0.0005
16700270;16700621;0.003
16700270;16700581;0.3
16700270;16700653;0.02
16700270;16700611;0.01
16700270;16700616;0.02
16700270;16700582;0.03
16700270;16700652;0.0003
16700270;16700618;0.03
16700270;16700618;0.005
16700270;16700613;0.006
16700270;16700651;0.004
16700270;16700649;0.002
16700270;16700650;0.002
16700270;16700592;0.003
16700270;16700607;0.00000001
16700271;16700735;0.154030710172745
16700271;16700786;0.000799744081893794
16700271;16700653;0.00159948816378759
16700271;16700598;0.000159948816378759
16700271;16700599;0.000159948816378759
16700271;16700787;0.00239923224568138
16700272;16700599;0.000159948816378759
16700272;16700676;0.000159948816378759
16700272;16700752;0.000799744081893794
16700272;16700753;0.000399872040946897
16700272;16700754;0.00159948816378759
16700272;16700736;0.00959692898272553
16700272;16700735;0.147152911068458
16700272;16700735;7.99744081893794E-05
16700273;16700735;0.137555982085733
16700273;16700735;0.000559820857325656
16700273;16700799;0.00239923224568138
16700273;16700736;0.00959692898272553
16700273;16700610;0.0031190019193858
16700273;16700611;0.00159948816378759
16700273;16700614;0.00159948816378759
16700273;16700737;0.00319897632757518
16700273;16700617;0.000319897632757518
16700274;16700735;0.130091703988057
16700274;16700735;0.000186606952441885
16700274;16700736;0.00639795265515035
16700274;16700737;0.00319897632757518
16700274;16700804;0.00159948816378759
16700274;16700587;0.000799744081893794
16700274;16700805;0.00159948816378759
16700274;16700574;0.000799744081893794
16700274;16700806;0.00319897632757518
16700274;16701081;0.00159948816378759
16700274;16700808;0.00159948816378759
16700274;16700582;0.000799744081893794
16700274;16700809;0.00159948816378759
16700274;16700810;0.00319897632757518
16700274;16700571;0.00159948816378759
16700274;16700811;7.99744081893794E-05
16700274;16700812;0.000799744081893794
16700274;16700813;0.000799744081893794
16700275;16701082;0.152847088931542
16700275;16701083;0.000319897632757518
16700275;16701084;3.19897632757518E-05
16700275;16701085;6.39795265515035E-05
16700275;16700566;0.00156749840051184
16700275;16701086;0.00159948816378759
16700275;16700573;0.000159948816378759
16700275;16701040;0.00159948816378759
16700275;16700807;0.000159948816378759
16700275;16701087;0.00159948816378759
16700276;16700642;0.002
16700276;16700641;0.001
16700276;16700639;0.001
16700276;16700629;0.001
16700276;16700643;0.0005
16700276;16700647;0.005
16700276;16700632;0.003
16700276;16700645;0.001
16700276;16700631;0.085
16700276;16700644;0.03
16700276;16700646;0.04
16700276;16700640;0.018
16700276;16700633;0.03
16700276;16700637;0.005
16700276;16700634;0.001
16700276;16700635;0.02
16700276;16700636;0.02
16700276;16700568;0.0035
16700276;16700638;0.0025
16700276;16700630;0.001
16700276;16700604;0.002
16700276;16700565;0.005
16700276;16700564;0.002
16700276;16700602;0.005
16700277;16700568;0.005
16700277;16700563;0.003
16700277;16700565;0.05
16700277;16700575;0.025
16700277;16700574;0.01
16700277;16700576;0.005
16700277;16700566;0.055
16700277;16700577;0.06
16700277;16700578;0.06
16700277;16700562;0.05
16700277;16700573;0.005
16700277;16700569;0.003
16700277;16700570;0.003
16700277;16700564;0.0007
16700277;16700572;0.005
16700278;16700601;0.075
16700278;16700605;0.0015
16700278;16700597;0.09
16700278;16700600;0.01
16700278;16700599;0.003
16700278;16700598;0.001
16700278;16700604;0.002
16700278;16700593;0.06
16700278;16700594;0.05
16700278;16700595;0.05
16700278;16700596;0.003
16700278;16700602;0.005
16700279;16700159;2
16700279;16701088;1
16700279;16700749;0.0833
16700280;16700160;2
16700280;16701089;1
16700280;16700749;0.0833
16700281;16700092;2
16700281;16701090;1
16700282;16700090;2
16700282;16701091;1
16700283;16701092;2
16700283;16701093;1
16700284;16701094;1
16700284;16701095;0.0833
16700284;16701096;2
16700284;16700247;3
16700285;16701097;1
16700285;16700506;0.083
16700286;16701098;1
16700286;16700546;0.0833
16700286;16700513;0.167
16700287;16700980;0.0833
16700287;16701099;1
16700288;16700922;0.01
16700288;16701100;1
16700289;16701101;1
16700289;16700980;0.0833
16700290;16701102;1
16700290;16700498;0.0833
16700291;16700546;0.01
16700291;16701103;1
16700292;16598637;2
16700292;16701104;1
16700293;16700234;1
16700293;16700231;1
16700293;16701105;1
16700293;16701106;0.0833
16700294;16700682;0.08
16700294;16700683;0.06
16700294;16700684;0.09
16700294;16700689;0.03
16700294;16700644;0.03
16700294;16700678;0.02
16700294;16700681;0.02
16700294;16700640;0.01
16700294;16700645;0.002
16700294;16700680;0.004
16700294;16700630;0.0018
16700294;16700679;0.005
16700294;16700685;0.02
16700294;16700691;0.035
16700294;16700687;0.001
16700294;16700604;0.001
16700294;16701040;0.02
16700294;16700634;0.002
16700294;16700686;0.003
16700294;16700692;0.04
16700294;16700564;0.00017
16700294;16701108;0.0001
16700294;16700564;0.000175
16700294;16700635;0.03
16700294;16700688;0.05
16700294;16700690;0.08
16700295;16700682;0.08
16700295;16700683;0.06
16700295;16700684;0.09
16700295;16700689;0.03
16700295;16700644;0.03
16700295;16700678;0.02
16700295;16700681;0.02
16700295;16700640;0.01
16700295;16700645;0.002
16700295;16700680;0.004
16700295;16700630;0.0018
16700295;16700679;0.005
16700295;16700685;0.02
16700295;16700786;0.006
16700295;16700687;0.001
16700295;16700604;0.001
16700295;16701040;0.02
16700295;16700634;0.002
16700295;16700686;0.003
16700295;16700692;0.04
16700295;16700564;0.00017
16700295;16701108;0.0001
16700295;16700564;0.000315
16700295;16700635;0.03
16700295;16700688;0.05
16700295;16700690;0.08
16700296;16700682;0.08
16700296;16700682;0.08
16700296;16700683;0.06
16700296;16700684;0.09
16700296;16700689;0.04
16700296;16700644;0.04
16700296;16700678;0.02
16700296;16700681;0.02
16700296;16700640;0.01
16700296;16700645;0.002
16700296;16700680;0.004
16700296;16700630;0.0018
16700296;16700679;0.005
16700296;16700685;0.02
16700296;16700691;0.035
16700296;16700687;0.001
16700296;16700604;0.001
16700296;16701040;0.02
16700296;16700634;0.002
16700296;16700686;0.003
16700296;16700692;0.04
16700296;16700564;0.00017
16700296;16701108;0.0001
16700296;16700564;0.00028
16700296;16700635;0.03
16700296;16700688;0.05
16700296;16700690;0.14
16700297;16700682;0.08
16700297;16700683;0.06
16700297;16700684;0.09
16700297;16700689;0.04
16700297;16700644;0.04
16700297;16700678;0.02
16700297;16700681;0.02
16700297;16700640;0.01
16700297;16700645;0.002
16700297;16700680;0.004
16700297;16700630;0.0018
16700297;16700679;0.005
16700297;16700685;0.02
16700297;16700786;0.006
16700297;16700687;0.001
16700297;16700604;0.001
16700297;16701040;0.02
16700297;16700634;0.002
16700297;16700686;0.003
16700297;16700692;0.04
16700297;16700564;0.00017
16700297;16701108;0.0001
16700297;16700564;0.00045
16700297;16700635;0.03
16700297;16700688;0.05
16700297;16700690;0.14
16700298;16701113;0.05
16700298;16700684;0.08
16700298;16700683;0.05
16700298;16701114;0.05
16700298;16700689;0.03
16700298;16700645;0.001
16700298;16700678;0.02
16700298;16700644;0.03
16700298;16700786;0.006
16700298;16700640;0.02
16700298;16700680;0.004
16700298;16700685;0.01
16700298;16700630;0.002
16700298;16700635;0.03
16700298;16701040;0.02
16700298;16701115;0.01
16700298;16700634;0.002
16700298;16700604;0.001
16700298;16700599;0.001
16700298;16700686;0.005
16700298;16700687;0.002
16700298;16700564;0.0002
16700298;16700690;0.08
16700298;16701116;0.005
16700299;16700092;1
16700299;16701118;1
16700299;16701119;1
16700300;16700074;1
16700300;16700259;1
16700300;16701120;1
16700300;16700744;1
16700301;16700071;2
16700301;16701121;1
16700302;16700235;2
16700302;16701122;1
16700302;16700749;0.6666
16700303;16598563;2
16700303;16701123;1
16700304;16700216;1
16700304;16700244;1
16700304;16701124;1
16700304;16700749;0.0833
16700305;16700260;1
16700305;16700097;1
16700305;16701125;1
16700305;16701126;1
16700306;16598564;1
16700306;16700012;1
16700306;16701127;1
16700306;16701128;1
16700306;16700745;0.083
16700306;16598564;1
16700306;16700012;1
16700306;16701129;1
16700306;16701130;1
16700306;16700745;0.083
16598563;16700263;0.0551643828196934
16598563;16701132;1.04999187564318
16598563;16701133;1.00498293885067
16598563;16700844;1
16598563;16700843;0.0833559009911715
16598564;16700263;0.0551643828196934
16598564;16701135;1.04999187564318
16598564;16701136;1.00498293885067
16598564;16700843;0.0833559009911715
16598564;16700844;1
16700307;16700609;0.0005
16700307;16700621;0.003
16700307;16701137;0.02
16700307;16700581;0.3
16700307;16700582;0.03
16700307;16700618;0.03
16700307;16700618;0.005
16700307;16700616;0.02
16700307;16700611;0.01
16700307;16700652;0.0003
16700307;16700613;0.006
16700307;16700651;0.004
16700307;16700649;0.002
16700307;16700650;0.002
16700307;16700592;0.003
16700307;16700609;0.000500323624595469
16700307;16700621;0.003
16700307;16700581;0.3
16700307;16701137;0.02
16700307;16700611;0.01
16700307;16700616;0.02
16700307;16700582;0.03
16700307;16700652;0.000300323624595469
16700307;16700618;0.03
16700307;16700618;0.005
16700307;16700613;0.006
16700307;16700651;0.004
16700307;16700649;0.002
16700307;16700650;0.002
16700307;16700592;0.003
16700308;16700569;0.002
16700308;16700609;0.0005
16700308;16700607;0.00000032
16700308;16700608;0.00000675
16700308;16700611;0.02
16700308;16700581;0.3
16700308;16700616;0.02
16700308;16700582;0.03
16700308;16700613;0.0009
16700308;16700614;0.01
16700308;16700606;0.01
16700308;16700618;0.025
16700308;16700610;0.002
16700308;16700617;0.005
16700308;16700612;0.03
16700308;16700593;0.05
16700309;16700619;0.002
16700309;16700620;0.00075
16700309;16700621;0.0007
16700309;16700581;0.35
16700309;16700622;0.07
16700309;16700582;0.05
16700309;16700586;0.005
16700309;16700617;0.015
16700309;16700623;0.02
16700309;16700624;0.001
16700309;16700625;0.001
16700309;16700587;0.003
16700309;16700626;0.01
16700309;16700627;0.02
16700309;16700591;0.0009
16700309;16700618;0.05
16700309;16700628;0.01
16700310;16598643;2
16700310;16701138;1
16700311;16700568;0.005
16700311;16700563;0.003
16700311;16700565;0.05
16700311;16700575;0.025
16700311;16700574;0.01
16700311;16700576;0.005
16700311;16700566;0.055
16700311;16700577;0.06
16700311;16700578;0.06
16700311;16700562;0.05
16700311;16700573;0.005
16700311;16700569;0.003
16700311;16700570;0.003
16700311;16700564;0.0007
16700311;16700572;0.005
16700311;16700571;0.002
16700312;16700664;0.001
16700312;16700653;0.02
16700312;16700652;0.0003
16700312;16700662;0.02
16700312;16700592;0.003
16700312;16700582;0.04
16700312;16700609;0.0005
16700312;16700657;0.001
16700312;16700660;0.0015
16700312;16700611;0.01
16700312;16700613;0.01
16700312;16700661;0.002
16700312;16700649;0.006
16700312;16700622;0.07
16700312;16700654;0.01
16700312;16700651;0.004
16700312;16700616;0.02
16700312;16700621;0.03
16700312;16700617;0.005
16700312;16700663;0.001
16700312;16700593;0.03
16700312;16700656;0.0009
16700312;16700618;0.03
16700312;16700581;0.33
16700313;16700642;0.002
16700313;16700641;0.001
16700313;16700639;0.001
16700313;16700629;0.001
16700313;16700643;0.0005
16700313;16700647;0.005
16700313;16700632;0.003
16700313;16700645;0.001
16700313;16700631;0.085
16700313;16700644;0.03
16700313;16700646;0.04
16700313;16700640;0.018
16700313;16700633;0.03
16700313;16700637;0.005
16700313;16700634;0.001
16700313;16700635;0.02
16700313;16700636;0.02
16700313;16700568;0.0035
16700313;16700638;0.0025
16700313;16700630;0.001
16700313;16700604;0.002
16700313;16700565;0.005
16700313;16700564;0.002
16700313;16700602;0.005
16700314;16700647;0.05
16700314;16700592;0.035
16700314;16701139;0.01
16700314;16700565;0.09
16700314;16700658;0.001
16700314;16701140;0.0055
16700314;16701141;0.003
16700314;16700654;0.005
16700314;16700653;0.02
16700314;16700655;0.015
16700314;16701142;0.4
16700314;16700676;0.005
16700314;16701143;0.04
16700314;16700649;0.005
16700314;16700647;0.05
16700314;16700592;0.035
16700314;16701139;0.01
16700314;16700565;0.09
16700314;16700658;0.001
16700314;16701140;0.0055
16700314;16701141;0.003
16700314;16700654;0.005
16700314;16700653;0.02
16700314;16700655;0.015
16700314;16701142;0.4
16700314;16700676;0.005
16700314;16701143;0.04
16700314;16700649;0.005
16700315;16700598;0.001
16700315;16700673;0.013
16700315;16700568;0.003
16700315;16700676;0.001
16700315;16700677;0.0006
16700315;16700675;0.05
16700315;16700670;0.07
16700315;16700674;0.005
16700315;16700653;0.001
16700315;16700564;0.02
16700315;16700602;0.005
16700316;16700667;0.02
16700316;16700666;0.15
16700316;16700665;0.06
16700316;16700669;0.01
16700316;16700655;0.01
16700316;16700565;0.1
16700316;16700671;0.07
16700316;16700670;0.0526
16700316;16700672;0.004
16700316;16700564;0.01
16700317;16700653;0.02
16700317;16700652;0.0005
16700317;16700592;0.003
16700317;16700582;0.05
16700317;16700659;0.05
16700317;16700609;0.0005
16700317;16700657;0.02
16700317;16700611;0.01
16700317;16700613;0.004
16700317;16700649;0.025
16700317;16700622;0.06
16700317;16700654;0.005
16700317;16700658;0.001
16700317;16700651;0.004
16700317;16700616;0.02
16700317;16700621;0.003
16700317;16700617;0.03
16700317;16700656;0.0003
16700317;16700655;0.0125
16700317;16700618;0.05
16700317;16700581;0.35
16700318;16700587;0.005
16700318;16700581;0.2
16700318;16700580;0.08
16700318;16700583;0.01
16700318;16700582;0.04
16700318;16700584;0.02
16700318;16700586;0.005
16700318;16700585;0.0005
16700318;16700588;0.01
16700318;16700589;0.02
16700318;16700590;0.02
16700318;16700592;0.05
16700318;16700591;0.0006
16700319;16700664;0.002
16700319;16700652;0.0003
16700319;16700592;0.003
16700319;16700582;0.05
16700319;16700609;0.0005
16700319;16700660;0.002
16700319;16700611;0.02
16700319;16700649;0.003
16700319;16700622;0.07
16700319;16700651;0.004
16700319;16700616;0.02
16700319;16700621;0.005
16700319;16700617;0.03
16700319;16700593;0.03
16700319;16700656;0.001
16700319;16700589;0.005
16700319;16700618;0.03
16700319;16700581;0.35
16598565;16700753;0.00204081632653061
16598565;16701037;0.00102040816326531
16598565;16701038;0.000102040816326531
16598565;16701039;0.0978571428571429
16598565;16701040;0.00102040816326531
16598565;16701145;1.02040816326531
16598565;16700790;1.02040816326531
16598565;16700791;0.085
16598565;16700788;0.00102040816326531
16598565;16700753;0.00202040610162643
16598565;16701037;0.00101020305081321
16598565;16701038;0.000101020305081321
16598565;16701039;0.0968784725729872
16598565;16701040;0.00101020305081321
16598565;16701145;1.01000101020305
16598565;16700790;1
16598565;16700791;0.0841499141327407
16598565;16700788;0.000909182745731892
16598566;16701082;0.0879509834858525
16598566;16701083;0.000184074892184706
16598566;16701084;1.84074892184706E-05
16598566;16700667;3.68149784369412E-05
16598566;16700566;0.000901966971705059
16598566;16701086;0.00092037446092353
16598566;16700573;0.000092037446092353
16598566;16701040;0.00092037446092353
16598566;16700807;0.000092037446092353
16598566;16701087;0.00092037446092353
16598566;16701146;0.00105185652676975
16598566;16701147;1.02040601661933
16598566;16700791;0.0849900073629957
16598566;16701148;1.02040601661933
16598567;16701082;0.0185270396029366
16598567;16701083;3.87757212284148E-05
16598567;16701084;3.87757212284149E-06
16598567;16700667;7.75514424568297E-06
16598567;16700566;0.000190001034019233
16598567;16701086;0.000193878606142074
16598567;16700573;1.93878606142074E-05
16598567;16701040;0.000193878606142074
16598567;16700807;1.93878606142074E-05
16598567;16701087;0.000193878606142074
16598567;16700868;0.0204218798469652
16598567;16701149;0.000517009616378865
16700320;16701150;2
16700320;16700414;1
16700321;16700497;0.1667
16700321;16700518;0.0833
16700321;16700916;1
16700321;16700160;1
16700321;16701151;2
16700322;16701150;2
16700322;16700237;1
16700323;16700286;1
16700323;16701150;2
16700324;16700568;0.005
16700324;16700563;0.003
16700324;16700565;0.05
16700324;16700575;0.025
16700324;16700574;0.01
16700324;16700576;0.005
16700324;16700566;0.055
16700324;16700577;0.06
16700324;16700578;0.06
16700324;16700562;0.05
16700324;16700573;0.005
16700324;16700569;0.003
16700324;16700570;0.003
16700324;16700564;0.0007
16700324;16700572;0.005
16700325;16701150;2
16700325;16700233;1
16700326;16701099;1
16700326;16700518;0.0833
16700326;16700497;0.33
16700326;16700287;1
16700326;16701151;2
16700327;16701101;1
16700327;16700518;0.0833
16700327;16700497;0.33
16700327;16700289;1
16700327;16701151;2
16700328;16598561;1
16700328;16701151;1
16700329;16598560;1
16700329;16701151;1
16700330;16598557;1
16700330;16701151;2
16700331;16700969;1
16700331;16700170;1
16700331;16701152;1
16700332;16598557;1
16700332;16700092;1
16700332;16701153;1
16700332;16701154;1
16598568;16700862;0.00999873239274314
16598568;16700263;0.00391229694276177
16598568;16701155;0.00135979687554017
16598569;16700394;0.00391229694276177
16598569;16701156;0.00135979687554017
16598569;16700862;0.00999873239274314
16700333;16700008;1
16700333;16701150;1
16700334;16701150;2
16700334;16700228;1
16700335;16598563;1
16700335;16701151;2
16700336;16598564;1
16700336;16701151;2
16700337;16700111;1
16700337;16701151;2
16700338;16700073;1
16700338;16701151;1
16700339;16701151;1
16700339;16598642;1
16700340;16700078;1
16700340;16701151;1
16700341;16700103;1
16700341;16701151;1
16700342;16700109;1
16700342;16701151;2
16700343;16700106;1
16700343;16701151;1
16700344;16700107;1
16700344;16701151;2
16700345;16700108;1
16700345;16701151;2
16700346;16700099;1
16700346;16701151;1
16700347;16701157;1
16700347;16701151;2
16700348;16598659;1
16700348;16701151;2
16700349;16700381;1
16700349;16701158;1
16700349;16700980;0.0833
16700349;16700497;0.5
16700349;16701151;2
16700350;16700247;1
16700350;16700497;0.1666
16700350;16700506;0.0833
16700350;16701151;4
16700351;16700647;0.05
16700351;16700592;0.035
16700351;16701139;0.01
16700351;16700565;0.09
16700351;16700658;0.001
16700351;16701140;0.0055
16700351;16701141;0.003
16700351;16700654;0.005
16700351;16700653;0.02
16700351;16700655;0.015
16700351;16701142;0.4
16700351;16700676;0.005
16700351;16701143;0.04
16700351;16700649;0.005
16700352;16701159;1
16700352;16598563;1
16700352;16598559;1
16700352;16701160;1
16700353;16700565;0.15
16700353;16701161;0.08
16700353;16701162;0.02
16700353;16701163;0.03
16700353;16700667;0.05
16700353;16701164;0.005
16700353;16701165;0.05
16700353;16701166;0.005
16700353;16701167;0.003
16700353;16701168;0.004
16700353;16701169;0.005
16700353;16701170;0.00025
16700353;16700565;0.15
16700353;16701161;0.08
16700353;16701162;0.02
16700353;16701163;0.03
16700353;16700667;0.05
16700353;16701164;0.005
16700353;16701165;0.05
16700353;16701166;0.005
16700353;16701167;0.003
16700353;16701168;0.004
16700353;16701169;0.005
16700353;16701170;0.00025
16700354;16701172;0.001
16700354;16700640;0.025
16700354;16701068;0.0005
16700354;16701173;0.001
16700354;16701174;0.01
16700354;16700682;0.02
16700354;16700680;0.0015
16700354;16701175;0.005
16700354;16701176;0.01
16700354;16700635;0.06
16700354;16700604;0.0005
16700354;16701177;0.03
16700354;16701178;0.004
16700354;16700564;0.0005
16700354;16701179;0.016
16700354;16700693;0.004
16700354;16701180;0.0015
16700354;16700568;0.005
16700354;16701181;0.004
16700354;16701182;0.005
16700354;16701183;0.025
16700354;16701184;0.04
16700354;16701185;0.02
16700354;16701186;0.002
16700354;16701187;0.015
16700354;16700690;0.054
16700354;16700644;0.03
16700354;16701063;0.038
16700354;16700631;0.055
16700354;16700573;0.001
16700355;16700653;0.02
16700355;16700652;0.0005
16700355;16700592;0.003
16700355;16700582;0.05
16700355;16700659;0.05
16700355;16700609;0.0005
16700355;16701139;0.01
16700355;16700613;0.004
16700355;16700649;0.025
16700355;16700622;0.06
16700355;16700654;0.005
16700355;16700658;0.001
16700355;16700651;0.004
16700355;16700616;0.02
16700355;16700621;0.003
16700355;16700617;0.03
16700355;16700656;0.0003
16700355;16700655;0.015
16700355;16700618;0.05
16700355;16700581;0.35
16700356;16701172;0.001
16700356;16700640;0.025
16700356;16701068;0.0005
16700356;16701173;0.001
16700356;16701174;0.01
16700356;16700682;0.02
16700356;16700680;0.0015
16700356;16701175;0.005
16700356;16701176;0.01
16700356;16700635;0.06
16700356;16700604;0.0005
16700356;16701177;0.03
16700356;16701178;0.004
16700356;16700564;0.0005
16700356;16701179;0.016
16700356;16700693;0.004
16700356;16701180;0.0015
16700356;16700568;0.005
16700356;16701181;0.004
16700356;16701182;0.005
16700356;16701183;0.025
16700356;16701184;0.04
16700356;16701185;0.02
16700356;16701186;0.002
16700356;16701187;0.015
16700356;16700690;0.054
16700356;16700644;0.03
16700356;16701063;0.038
16700356;16700631;0.055
16700356;16700573;0.001
16700356;16701172;0.001
16700356;16700640;0.025
16700356;16701068;0.0005
16700356;16701173;0.001
16700356;16701174;0.01
16700356;16700682;0.02
16700356;16700680;0.0015
16700356;16701175;0.005
16700356;16701176;0.01
16700356;16700635;0.06
16700356;16700604;0.0005
16700356;16701177;0.03
16700356;16701178;0.004
16700356;16700564;0.0005
16700356;16701179;0.016
16700356;16700693;0.004
16700356;16701180;0.0015
16700356;16700568;0.005
16700356;16701181;0.004
16700356;16701182;0.005
16700356;16701183;0.025
16700356;16701184;0.04
16700356;16701185;0.02
16700356;16701186;0.002
16700356;16701187;0.015
16700356;16700690;0.054
16700356;16700644;0.03
16700356;16701063;0.038
16700356;16700631;0.055
16700356;16700573;0.001
16700357;16700693;0.01
16700357;16701139;0.01
16700357;16701190;0.03
16700357;16700599;0.005
16700357;16701191;0.01
16700357;16701192;0.014
16700357;16700598;0.0005
16700357;16700609;0.002
16700357;16700677;0.0004
16700357;16700613;0.01
16700357;16700693;0.01
16700357;16701139;0.01
16700357;16701190;0.015
16700357;16700599;0.005
16700357;16701191;0.01
16700357;16701192;0.014
16700357;16700598;0.0005
16700357;16700609;0.002
16700357;16700677;0.0004
16700357;16700613;0.01
16598570;16700294;0.00370188638098354
16598570;16701193;0.00136662668556682
16598570;16700862;0.0105186639043361
16598570;16700294;0.00381465615113304
16598570;16701193;0.00135859281573092
16598570;16700862;0.00999833487231498
16598571;16701194;1.05201662734524
16598571;16701195;1.05201662734524
16598571;16700844;1.05201662734524
16598571;16701196;0.0876867767666554
16598571;16700294;0.0572126727334007
16598571;16701194;1.04999169573161
16598571;16701195;1.00498256103637
16598571;16700844;1
16598571;16701196;0.0833194928860101
16598571;16700294;0.0558046836073742
16598572;16700295;0.0035675380309712
16598572;16701197;0.00136606758181519
16598572;16700862;0.010518720379977
16598572;16700295;0.00376583106063436
16598572;16701197;0.00135988343856241
16598572;16700862;0.0100011207830538
16598573;16701198;1.0519677366968
16598573;16701199;1.0519677366968
16598573;16700844;1.0519677366968
16598573;16701196;0.0876414226167921
16598573;16700295;0.055134520651762
16598573;16701198;0.99547289189484
16598573;16701199;1.00501799934548
16598573;16700844;1
16598573;16701196;0.0833424239118578
16598573;16700295;0.0549798189156758
16598574;16700862;0.0100010371445928
16598574;16701200;0.00121852043915665
16598574;16700298;0.0037337205339813
16598574;16700862;0.0100016492276117
16598574;16701200;0.00135969654211944
16598574;16700298;0.00373275182789394
16598575;16700843;0.083347644398649
16598575;16700844;1
16598575;16701201;1.01001774572099
16598575;16701202;1
16598575;16700298;0.0577022153529109
16598575;16700843;0.0833511434067108
16598575;16700844;1
16598575;16701201;1.05001068604403
16598575;16701202;1.00502244069246
16598575;16700298;0.0544186792049583
16598576;16700296;0.00372310481718952
16598576;16701203;0.00136714894612556
16598576;16700862;0.0105204670239288
16598576;16700296;0.00373905269912867
16598576;16701203;0.00135763223004077
16598576;16700862;0.0100004822190981
16598577;16701204;1.05197446471951
16598577;16701205;1.05197446471951
16598577;16700844;1.05197446471951
16598577;16700843;0.0876786622224733
16598577;16700296;0.0575391220834981
16598577;16701204;1.04998106777736
16598577;16701205;1.00497646995186
16598577;16700844;1
16598577;16700843;0.0833558716936225
16598577;16700296;0.0545248012116622
16598578;16700297;0.00366830062416936
16598578;16701206;0.00136863449895372
16598578;16700862;0.0105204772932732
16598578;16700297;0.00382410628587471
16598578;16701206;0.00135816473248328
16598578;16700862;0.0100003414380612
16598579;16701207;1.05193142602694
16598579;16701208;1.05193142602694
16598579;16700844;1.05193142602694
16598579;16700843;0.0876655905599466
16598579;16700297;0.0566904152287655
16598579;16701207;1.05002498473155
16598579;16701208;1.00499694631059
16598579;16700844;1
16598579;16700843;0.0833379601354728
16598579;16700297;0.0559657986785853
16598580;16700374;0.0109955952843633
16598580;16701210;0.00167336010709505
16598580;16700862;0.00999697715593557
16598581;16701211;1.01013645224172
16598581;16701212;1.01013645224172
16598581;16700374;0.392982456140351
16598581;16701213;0.0834307992202729
16598582;16700374;0.215327695560254
16598582;16701214;1.05010570824524
16598582;16701215;0.0625792811839323
16598583;16700374;0.0110586319218241
16598583;16701217;0.00167209554831705
16598583;16700862;0.01
16598584;16700374;0.216609953211399
16598584;16701218;1.04997873245427
16598584;16701215;0.0625265844321565
16598585;16700374;0.434328358208955
16598585;16701219;1.00511727078891
16598585;16701220;1.00511727078891
16598585;16701213;0.0831556503198294
16700358;16701221;1.04999605975661
16700358;16700885;1.04999605975661
16700358;16700862;0.00999696038366713
16700358;16700357;0.0114661082778885
16700358;16701221;1.00499223801919
16700358;16700885;1.00499223801919
16700358;16700862;0.00999564435609064
16700358;16700357;0.0114921989300752
16598586;16701223;1.01010544815466
16598586;16700759;1.01010544815466
16598586;16700760;0.0101054481546573
16598586;16700357;0.223747803163445
16598586;16701223;1.00498410863912
16598586;16700759;1.00498410863912
16598586;16700760;0.083357411152846
16598586;16700357;0.22298468650679
16598587;16701224;0.00122873084370996
16598587;16700862;0.00999833361106482
16598587;16700354;0.00579213809192721
16598587;16701224;0.00136028562271267
16598587;16700862;0.00999903102941944
16598587;16700354;0.00379575590885714
16598588;16701225;1.00998611202963
16598588;16701226;1
16598588;16700734;0.0624958666754844
16598588;16700354;0.0666622577871834
16598588;16701225;1.05001089561996
16598588;16701226;1.00501198518196
16598588;16700734;0.062486380475049
16598588;16700354;0.0554859446502506
16598589;16701227;1.00998611202963
16598589;16701228;1
16598589;16700734;0.0624958666754844
16598589;16700354;0.0666622577871834
16598589;16701227;1.05001089561996
16598589;16701228;1.00501198518196
16598589;16700734;0.062486380475049
16598589;16700356;0.0554859446502506
16598590;16700862;0.00122968011078613
16598590;16701229;0.01
16598590;16700354;0.00579213809192721
16598590;16700862;0.00999903102941944
16598590;16701229;0.00136028562271267
16598590;16700354;0.00379575590885714
16598591;16701230;0.00122873084370996
16598591;16700862;0.00999833361106482
16598591;16700263;0.00579213809192721
16598591;16701230;0.00135836296857693
16598591;16700862;0.00999825103480441
16598591;16700263;0.0059377368390369
16598592;16701231;1.00998611202963
16598592;16701232;1
16598592;16700734;0.0624958666754844
16598592;16700263;0.0666622577871834
16598592;16701231;1.05001089561996
16598592;16701232;1.00501198518196
16598592;16700734;0.062486380475049
16598592;16700263;0.0554859446502506
16598596;16700314;0.00934918303653387
16598596;16701233;0.00167064439140811
16598596;16700862;0.00999632825408482
16598597;16700314;0.124454687628611
16598597;16701234;1.06288583422504
16598597;16700977;0.0664252201827311
16598597;16700314;0.137110163787301
16598597;16701234;1.04998878169172
16598597;16700977;0.0625084137312093
16598598;16700862;0.0100020521605682
16598598;16701235;0.00198970350741008
16598598;16701236;0.00918118793329586
16598599;16700862;0.0105221504757451
16598599;16701237;0.00205047034911956
16598599;16701238;0.00915966688850118
16598599;16700862;0.00999973428518286
16598599;16701237;0.00198400396800794
16598599;16701238;0.00911401822803646
16598600;16701239;0.00198400396800794
16598600;16700862;0.00999973428518286
16598600;16701240;0.00911401822803646
16598601;16701241;0.0056785869601579
16598601;16700862;0.0100023416853444
16598601;16701242;0.00122787720648089
16598601;16701241;0.00580123714158778
16598601;16700862;0.0100019365936457
16598601;16701242;0.00136131141564996
16598602;16700785;0.0833547227926078
16598602;16701243;1.01001026694045
16598602;16701241;0.0653554928131417
16598602;16700785;0.0624920127795527
16598602;16701243;1.05003194888179
16598602;16701241;0.0650798722044728
16598603;16701034;0.0833995234312947
16598603;16701244;1.01000794281176
16598603;16701241;0.161795075456712
16598603;16701034;0.0624900872323553
16598603;16701244;1.04996034892942
16598603;16701241;0.161538461538462
16598604;16701245;0.00205319015625452
16598604;16700862;0.0105165749318013
16598604;16701246;0.00981771912744238
16598604;16701245;0.00198857986989006
16598604;16700862;0.00999971591716145
16598604;16701246;0.00974404136246129
16598605;16701247;0.00205439685587959
16598605;16700862;0.0105220847662007
16598605;16701248;0.00909740520744942
16598605;16701247;0.00198695292855761
16598605;16700862;0.00999630743261064
16598605;16701248;0.0090467901039194
16598606;16700862;0.0100004550832802
16598606;16701249;0.00145688541003004
16598606;16701250;0.0115875580231182
16598606;16700862;0.00999745055905598
16598606;16701249;0.00167534690607131
16598606;16701250;0.00927359143387843
16700359;16701251;1
16700359;16700546;0.0833
16700359;16700513;0.1667
16700360;16701252;1
16700360;16700546;0.0833
16700360;16700513;0.167
16700361;16701253;1
16700361;16700515;0.0833
16700361;16700513;0.167
16700362;16701151;2
16700362;16598656;1
16598607;16700064;0.00368274895538657
16598607;16701254;0.0013829309980461
16598607;16700862;0.0106296599769388
16598607;16700064;0.00377370375036125
16598607;16701254;0.00135979310395933
16598607;16700862;0.0100002223094993
16598608;16700063;0.00368274895538657
16598608;16701255;0.0013829309980461
16598608;16700862;0.0106296599769388
16598608;16700063;0.00386190422022523
16598608;16701255;0.00135744890607819
16598608;16700862;0.00999886247298373
16700363;16700568;0.005
16700363;16700565;0.05
16700363;16700575;0.025
16700363;16700573;0.005
16700363;16700630;0.002
16700363;16700574;0.01
16700363;16700576;0.005
16700363;16700566;0.055
16700363;16700577;0.06
16700363;16700578;0.06
16700363;16700562;0.05
16700363;16700563;0.003
16700363;16700564;0.00132
16700363;16700571;0.002
16700363;16700572;0.005
16598609;16701256;0.00159947433492128
16598609;16700862;0.0100031989486698
16598609;16700376;0.00871497367351703
16598609;16701256;0.00167120158554201
16598609;16700862;0.0100020155195002
16598609;16700376;0.00868562934596392
16598610;16701257;1.0628899950922
16598610;16701055;0.0664656804318867
16598610;16700376;0.212017107200449
16598610;16701257;1.04999661269562
16598610;16701055;0.0625296389133528
16598610;16700376;0.210199173497731
16598611;16701258;0.00159947433492128
16598611;16700862;0.0100031989486698
16598611;16700375;0.00871497367351703
16598611;16701258;0.00167120158554201
16598611;16700862;0.0100020155195002
16598611;16700375;0.00868562934596392
16598612;16701259;1.0628899950922
16598612;16701055;0.0664656804318867
16598612;16700375;0.212017107200449
16598612;16701259;1.04999661269562
16598612;16701055;0.0625296389133528
16598612;16700375;0.210199173497731
16598613;16701260;1.06294586655476
16598613;16701261;1.06294586655476
16598613;16701213;0.0885438522870332
16598613;16700375;0.422996223248007
16598613;16701260;1.00488997555012
16598613;16701261;1.00488997555012
16598613;16701213;0.0831295843520782
16598613;16700375;0.421454767726161
16598614;16701262;0.00169606512890095
16598614;16700862;0.0106072829953427
16598614;16700355;0.00924126297260626
16598614;16701262;0.00166929844349199
16598614;16700862;0.00999774419129258
16598614;16700355;0.00937965260545906
16598615;16700774;1.05196760461011
16598615;16701263;1.05196760461011
16598615;16701264;1.11509708233828
16598615;16701265;1.11509708233828
16598615;16700720;1.11509708233828
16598615;16700778;0.0657252621742291
16598615;16700355;0.158628387498702
16598615;16700774;1.00497512437811
16598615;16701263;1.00497512437811
16598615;16701264;1.03497817037263
16598615;16701265;1.03000304599452
16598615;16700720;1.02000203066301
16598615;16700778;0.0624936541780891
16598615;16700355;0.158315565031983
16598616;16701266;0.000513009931872281
16598616;16700734;0.0101986374456209
16598616;16700599;0.000018673561520151
16598616;16700676;0.000018673561520151
16598616;16700752;9.33678076007552E-05
16598616;16700753;4.66839038003776E-05
16598616;16700754;0.00018673561520151
16598616;16700736;0.00112041369120906
16598616;16700735;0.017189013379299
16598616;16701266;0.000510401992609379
16598616;16700734;0.0100038790551438
16598616;16700599;1.85786325309814E-05
16598616;16700676;1.85786325309814E-05
16598616;16700752;0.000092893162654907
16598616;16700753;4.64465813274535E-05
16598616;16700754;0.000185786325309814
16598616;16700736;0.00111471795185888
16598616;16700735;0.0171016312447684
16598617;16701267;1.00998636223659
16598617;16700788;0.000894373322775065
16598617;16700742;0.0280673969469007
16598617;16700599;8.57859311072984E-05
16598617;16700676;8.57859311072984E-05
16598617;16700752;0.000428929655536492
16598617;16700753;0.000214464827768246
16598617;16700754;0.000857859311072984
16598617;16700736;0.0051471558664379
16598617;16700735;0.0789659495842682
16598618;16700309;0.00584894391675376
16598618;16701268;0.00136676352693902
16598618;16700862;0.0105206335350937
16598618;16700309;0.00595350595350595
16598618;16701268;0.00135736499372863
16598618;16700862;0.00999982818164636
16598619;16700309;0.0673165895571712
16598619;16701269;1.05194976867151
16598619;16700715;0.0657633840052875
16598619;16700309;0.0669349645846748
16598619;16701269;1.05003219575016
16598619;16700715;0.0625241468126207
16598620;16700309;0.15503355704698
16598620;16700796;1.00492170022371
16598620;16700719;1.00492170022371
16598620;16701270;1.03504847129008
16598620;16701271;1.02997762863535
16598620;16700720;1.0199850857569
16598620;16700721;0.0624906785980612
16598620;16701272;1.0199850857569
16598620;16700309;0.15503355704698
16598620;16700796;1.00497141436739
16598620;16700719;1.00497141436739
16598620;16701270;1.03499875714641
16598620;16701271;1.02997762863535
16598620;16700721;0.0624906785980612
16598621;16700735;0.0153757351339577
16598621;16700736;0.000755100559064837
16598621;16700737;0.000377550279532419
16598621;16700804;0.000188775139766209
16598621;16700587;9.43875698831046E-05
16598621;16700805;0.000188775139766209
16598621;16700574;9.43875698831046E-05
16598621;16700806;0.000377550279532419
16598621;16700807;0.000188775139766209
16598621;16700808;0.000188775139766209
16598621;16700582;9.43875698831046E-05
16598621;16700809;0.000188775139766209
16598621;16700810;0.000377550279532419
16598621;16700571;0.000188775139766209
16598621;16700811;9.43875698831046E-06
16598621;16700812;9.43875698831046E-05
16598621;16700813;9.43875698831046E-05
16598621;16701273;0.000508240760909025
16598621;16700734;0.010201118129674
16598621;16700735;0.0152979845409232
16598621;16700736;0.000751282236509427
16598621;16700737;0.000375641118254714
16598621;16700804;0.000187820559127357
16598621;16700587;9.39102795636784E-05
16598621;16700805;0.000187820559127357
16598621;16700574;9.39102795636784E-05
16598621;16700806;0.000375641118254714
16598621;16700807;0.000187820559127357
16598621;16700808;0.000187820559127357
16598621;16700582;9.39102795636784E-05
16598621;16700809;0.000187820559127357
16598621;16700810;0.000375641118254714
16598621;16700571;0.000187820559127357
16598621;16700811;9.39102795636784E-06
16598621;16700812;9.39102795636784E-05
16598621;16700813;9.39102795636784E-05
16598621;16701273;0.000505670736112114
16598621;16700734;0.0100050567073611
16598622;16700742;0.02836273214702
16598622;16701274;1.02035900225348
16598622;16700788;0.000932473385655451
16598622;16700735;0.0740512083300956
16598622;16700736;0.00363664620405626
16598622;16700737;0.00181832310202813
16598622;16700804;0.000909161551014065
16598622;16700587;0.000454580775507032
16598622;16700805;0.000909161551014065
16598622;16700574;0.000454580775507032
16598622;16700806;0.00181832310202813
16598622;16700807;0.000909161551014065
16598622;16700808;0.000909161551014065
16598622;16700582;0.000454580775507032
16598622;16700809;0.000909161551014065
16598622;16700810;0.00181832310202813
16598622;16700571;0.000909161551014065
16598622;16700811;4.54580775507032E-05
16598622;16700812;0.000454580775507032
16598622;16700813;0.000454580775507032
16598622;16700742;0.0280612244897959
16598622;16701274;1.00998542274052
16598622;16700788;0.00087463556851312
16598622;16700735;0.0694580903790088
16598622;16700736;0.00341107871720117
16598622;16700737;0.00170553935860058
16598622;16700804;0.000852769679300291
16598622;16700587;0.000426384839650146
16598622;16700805;0.000852769679300291
16598622;16700574;0.000426384839650146
16598622;16700806;0.00170553935860058
16598622;16700807;0.000852769679300291
16598622;16700808;0.000852769679300291
16598622;16700582;0.000426384839650146
16598622;16700809;0.000852769679300291
16598622;16700810;0.00170553935860058
16598622;16700571;0.000852769679300291
16598622;16700811;4.26384839650146E-05
16598622;16700812;0.000426384839650146
16598622;16700813;0.000426384839650146
16598623;16701275;0.00136843325988635
16598623;16700862;0.0105183810738722
16598623;16700374;0.00590571726777224
16598623;16701275;0.00136034563288183
16598623;16700862;0.0100011676786548
16598623;16700374;0.0060690098085007
16598624;16701272;1.01995126408772
16598624;16700721;0.0624428876028023
16598624;16700796;1.0050258909534
16598624;16700719;1.0050258909534
16598624;16701276;1.03000304599452
16598624;16701277;1.03502893694791
16598624;16700374;0.158315565031983
16598625;16700067;0.0347009111939946
16598625;16701278;1.06609697370285
16598625;16700770;0.0668051555639488
16598625;16701279;1.06609697370285
16598625;16700067;0.0340896050492493
16598625;16701278;1.0499665295974
16598625;16700770;0.0624940231423927
16598625;16701279;1.00497274552931
16598626;16700067;0.00346500618751105
16598626;16701280;0.00130134160953859
16598626;16700862;0.00999823213970025
16598626;16700067;0.00373274205624113
16598626;16701280;0.00135602804203163
16598626;16700862;0.0100000523562951
16598627;16700066;0.00368274895538657
16598627;16701281;0.0013829309980461
16598627;16700862;0.0106296599769388
16598627;16700066;0.0037863016550432
16598627;16701281;0.00135689750033458
16598627;16700862;0.0100001487010959
16598628;16700066;0.0577584231033692
16598628;16701282;1.06291542516617
16598628;16701283;1.06291542516617
16598628;16700734;0.0664107265642906
16598628;16700066;0.0553261991417242
16598628;16701282;1.00499755554348
16598628;16701283;1.05002987669075
16598628;16700734;0.0625237655494595
16598629;16700065;0.00368274895538657
16598629;16701284;0.0013829309980461
16598629;16700862;0.0106296599769388
16598629;16700065;0.00308636363636364
16598629;16701284;0.00135696556652362
16598629;16700862;0.0100004941331195
16598630;16701285;1.06291542516617
16598630;16701286;1.06291542516617
16598630;16700734;0.0664107265642906
16598630;16700065;0.04032
16598630;16701285;1.00496015159115
16598630;16701286;1.04999164019395
16598630;16700734;0.0624756172323469
16598630;16700065;0.04074
16598631;16700064;0.0577584231033692
16598631;16701287;1.06291542516617
16598631;16701288;1.06291542516617
16598631;16700734;0.0664107265642906
16598631;16700064;0.04074
16598631;16701287;1.00497159090909
16598631;16701288;1.04998907342657
16598631;16700734;0.0625
16598632;16700063;0.0577584231033692
16598632;16701289;1.06291542516617
16598632;16701290;1.06291542516617
16598632;16700734;0.0664107265642906
16598632;16700063;0.04074
16598632;16701289;1.00500194520091
16598632;16701290;1.05001945200911
16598632;16700734;0.0625243150113933
16598633;16701291;0.0013746880727867
16598633;16700862;0.0105779210741338
16598633;16700278;0.00556500231875097
16598633;16701291;0.00136131141564996
16598633;16700862;0.0100019365936457
16598633;16700278;0.00580123714158778
16598634;16700278;0.0653569344485509
16598634;16701292;1.07968618297348
16598634;16700715;0.0674965959929975
16598634;16700278;0.0659095321296836
16598634;16701292;1.07584287840549
16598634;16700715;0.0625121335662978
16598635;16701293;0.000497961470231241
16598635;16700734;0.0102082101397404
16598635;16700735;0.0162964115651551
16598635;16700736;0.00112041330802029
16598635;16700737;0.000186735551336715
16598635;16700663;1.86735551336715E-05
16598635;16700738;0.000024275621673773
16598635;16700653;0.000373471102673431
16598635;16701294;0.000186735551336715
16598635;16700596;0.000280103327005073
16598635;16700611;0.000186735551336715
16598635;16701293;0.00051777175402796
16598635;16700734;0.00998994913653946
16598635;16700735;0.0159479791673012
16598635;16700736;0.00109645783205921
16598635;16700737;0.000182742972009868
16598635;16700663;1.82742972009868E-05
16598635;16700738;2.37565863612829E-05
16598635;16700653;0.000365485944019736
16598635;16701294;0.000182742972009868
16598635;16700596;0.000274114458014802
16598635;16700611;0.000182742972009868
16598636;16700249;0.00599657338663621
16598636;16701295;0.00136593522405459
16598636;16700862;0.010521233816317
16598636;16700249;0.00608998260004971
16598636;16701295;0.0013612206005942
16598636;16700862;0.0100020122391487
16598637;16700742;0.028353687399413
16598637;16701296;1.02040140111711
16598637;16700788;0.00113604089747231
16598637;16700735;0.0743567168418063
16598637;16700736;0.00511218403862539
16598637;16700737;0.000852030673104232
16598637;16700663;8.52030673104232E-05
16598637;16700738;0.00011076398750355
16598637;16700653;0.00170406134620846
16598637;16701294;0.000852030673104232
16598637;16700596;0.00127804600965635
16598637;16700611;0.000852030673104232
16598637;16700742;0.0280716804880374
16598637;16701296;1.01000857878181
16598637;16700788;0.00090553808025927
16598637;16700735;0.0748670288818988
16598637;16700736;0.00514726908778953
16598637;16700737;0.000857878181298256
16598637;16700663;8.57878181298256E-05
16598637;16700738;0.000111524163568773
16598637;16700653;0.00171575636259651
16598637;16701294;0.000857878181298256
16598637;16700596;0.00128681727194738
16598637;16700611;0.000857878181298256
16598638;16700715;0.065752620166245
16598638;16700249;0.0690165341525117
16598638;16701297;1.05195157209975
16598638;16700249;0.0685954269715352
16598638;16701297;1.04999666688887
16598638;16700715;0.0625291647223518
16598639;16701272;1.01997323175126
16598639;16700721;0.0624935653248224
16598639;16700766;1.00499330793782
16598639;16700719;1.00499330793782
16598639;16700249;0.158910738185936
16598639;16701298;1.02995984762689
16598639;16701299;1.03495315556471
16598640;16701300;0.000513962652047285
16598640;16700734;0.00999371823425275
16598640;16700735;0.0155347686216283
16598640;16700736;0.00118782479584261
16598640;16700737;0.000197970799307102
16598640;16700663;1.97970799307102E-05
16598640;16700738;2.57362039099233E-05
16598640;16700653;0.000395941598614204
16598640;16700739;0.00197970799307102
16598640;16700650;0.000257362039099233
16598640;16700611;0.000197970799307102
16598641;16700735;0.0700625
16598641;16700736;0.00535714285714286
16598641;16700737;0.000892857142857143
16598641;16700663;8.92857142857143E-05
16598641;16700738;0.000116071428571429
16598641;16700653;0.00178571428571429
16598641;16700739;0.00892857142857143
16598641;16700650;0.00116071428571429
16598641;16700611;0.000892857142857143
16598641;16700788;0.000995879120879121
16598641;16701301;1.02039835164835
16598641;16700742;0.028331043956044
16598641;16700735;0.0693080137242246
16598641;16700736;0.00529945306926657
16598641;16700737;0.000883242178211095
16598641;16700663;8.83242178211095E-05
16598641;16700738;0.000114821483167442
16598641;16700653;0.00176648435642219
16598641;16700739;0.00883242178211095
16598641;16700650;0.00114821483167442
16598641;16700611;0.000883242178211095
16598641;16700788;0.000883242178211095
16598641;16701301;1.00998743078439
16598641;16700742;0.0280599245847063
16598642;16701302;1.05197294498667
16598642;16700715;0.0657428011192139
16598642;16700307;0.0673180726607768
16598642;16701302;1.05
16598642;16700715;0.0625107112253642
16598642;16700307;0.066805912596401
16598643;16700307;0.154733551652277
16598643;16700716;1.00496179418478
16598643;16701303;1.03498064900268
16598643;16701304;1.02996923687605
16598643;16700719;1.00496179418478
16598643;16701272;1.01999603056465
16598643;16700721;0.0625186067281929
16598644;16700307;0.00584894391675376
16598644;16701305;0.00148161760483306
16598644;16700862;0.0105206335350937
16598644;16700307;0.00594298847420417
16598644;16701305;0.00136068422978412
16598644;16700862;0.00999931394072448
16598645;16701272;1.01999491654664
16598645;16700726;0.0625264763195798
16598645;16700723;1.00499872913666
16598645;16700722;1.00499872913666
16598645;16700307;0.264212488350419
16598645;16701306;1.02999237481996
16598645;16701307;1.03499110395662
16598646;16700307;0.442505430847212
16598646;16701308;1.05184648805214
16598646;16701212;1.05184648805214
16598646;16701213;0.0876176683562636
16598646;16700307;0.441588785046729
16598646;16701308;1.00509770603229
16598646;16701212;1.00509770603229
16598646;16701213;0.083404134806004
16598647;16701309;0.000522769516728624
16598647;16700734;0.0101940055762082
16598647;16700735;0.016300970027881
16598647;16700799;0.000283166821561338
16598647;16700736;0.00113266728624535
16598647;16700610;0.00036811686802974
16598647;16700611;0.000188777881040892
16598647;16700614;0.000188777881040892
16598647;16700737;0.000377555762081784
16598647;16700617;3.77555762081784E-05
16598647;16701309;0.000520110957004161
16598647;16700734;0.00999768839574665
16598647;16700735;0.0162180709662506
16598647;16700799;0.000281726768377254
16598647;16700736;0.00112690707350902
16598647;16700610;0.00036624479889043
16598647;16700611;0.000187817845584836
16598647;16700614;0.000187817845584836
16598647;16700737;0.000375635691169672
16598647;16700617;3.75635691169672E-05
16598648;16701310;1.01000382660034
16598648;16700788;0.000874651506040562
16598648;16700742;0.0280435139124255
16598648;16700735;0.0736380036079375
16598648;16700799;0.00127917782758432
16598648;16700736;0.00511671131033729
16598648;16700610;0.00166293117585962
16598648;16700611;0.000852785218389548
16598648;16700614;0.000852785218389548
16598648;16700737;0.0017055704367791
16598648;16700617;0.00017055704367791
16598649;16700308;0.00584894391675376
16598649;16701311;0.00136676352693902
16598649;16700862;0.0105206335350937
16598649;16700308;0.00595876158648086
16598649;16701311;0.00135856324771137
16598649;16700862;0.00999719115615452
16598650;16701272;1.01985370950888
16598650;16700721;0.0625466487535453
16598650;16700796;1.00492610837438
16598650;16700719;1.00492610837438
16598650;16700308;0.155172413793103
16598650;16701312;1.029855202269
16598650;16701313;1.03493058665472
16700364;16701314;1
16700364;16700980;0.0833
16700364;16700513;0.25
16700365;16701315;1
16700365;16700980;0.0833
16700365;16700513;0.25
16700366;16701316;1
16700366;16700980;0.0833
16700366;16700513;0.25
16700367;16701317;1
16700367;16700529;0.0833
16700368;16701318;1
16700368;16700980;0.0833
16700368;16700513;0.25
16700369;16701319;1
16700369;16700980;0.0833
16700369;16700497;0.5
16598651;16700370;0.0087150350398316
16598651;16701320;0.00160010952621356
16598651;16700862;0.0100028237226933
16598651;16700370;0.00927363237340756
16598651;16701320;0.00166827249045427
16598651;16700862;0.0100007136994612
16598652;16700370;0.158628387498702
16598652;16700792;1.05196760461011
16598652;16700793;1.05196760461011
16598652;16701321;1.11509708233828
16598652;16701322;1.11509708233828
16598652;16700720;1.11509708233828
16598652;16700778;0.0657252621742291
16598652;16700370;0.158628387498702
16598652;16700792;1.05196760461011
16598652;16701323;1.05196760461011
16598652;16701321;1.11509708233828
16598652;16701322;1.11509708233828
16598652;16700720;1.11509708233828
16598652;16700778;0.0657252621742291
16598652;16700370;0.158171028606208
16598652;16700792;1.00502130249544
16598652;16701323;1.00502130249544
16598652;16701321;1.03499695678637
16598652;16701322;1.03002637451816
16598652;16700720;1.02003448975451
16598652;16700778;0.0624873199431933
16598653;16700319;0.009181240063593
16598653;16701324;0.00166931637519873
16598653;16700862;0.00999823352764529
16598654;16700319;0.154857837920024
16598654;16700796;1.05199939181998
16598654;16701323;1.05199939181998
16598654;16700720;1.11509806902843
16598654;16701325;1.11509806902843
16598654;16701326;1.11509806902843
16598654;16700778;0.0656834422989205
16598654;16700319;0.154857837920024
16598654;16700796;1.05199939181998
16598654;16700793;1.05199939181998
16598654;16700720;1.11509806902843
16598654;16701325;1.11509806902843
16598654;16701326;1.11509806902843
16598654;16700778;0.0656834422989205
16598654;16700319;0.156527631380816
16598654;16700796;1.00496913115495
16598654;16701323;1.03493449781659
16598654;16700720;1.02002710435175
16598654;16701325;1.03493449781659
16598654;16701326;1.02996536666165
16598654;16700778;0.062490588766752
16598655;16700313;0.00305454545454545
16598655;16701327;0.00136447660571537
16598655;16700862;0.0102072671532949
16598655;16700313;0.00381149806522941
16598655;16701328;0.00135986733001658
16598655;16700862;0.00999815736134144
16598656;16700313;0.04137
16598656;16701329;1.05002901166914
16598656;16701330;1.00502868931726
16598656;16700734;0.0624717942105602
16598657;16700313;0.12460843373494
16598657;16701331;1.05006418485237
16598657;16700977;0.0625160462130937
16598658;16701332;0.00138985785296939
16598658;16700862;0.0106882794104823
16598658;16700316;0.00549402633644371
16598658;16701332;0.00136109017357967
16598658;16700862;0.00999940350629843
16598658;16700316;0.00563686547982496
16598659;16700316;0.104694640631491
16598659;16701333;1.0905691732447
16598659;16701334;1.0905691732447
16598659;16701335;0.0908807644370586
16598659;16700316;0.102588638195004
16598659;16701333;1.04995970991136
16598659;16701334;1.00493553585818
16598659;16701335;0.0624496373892023
16598660;16700315;0.212630480167015
16598660;16701336;1.05198329853862
16598660;16700759;1.05198329853862
16598660;16700760;0.0657620041753653
16598660;16700315;0.212533224289511
16598660;16701336;1.00511142915559
16598660;16700759;1.00511142915559
16598660;16700760;0.0625638928644449
16700370;16700664;0.001
16700370;16700653;0.02
16700370;16700652;0.0003
16700370;16700662;0.02
16700370;16700592;0.003
16700370;16700582;0.04
16700370;16700609;0.0005
16700370;16700660;0.0015
16700370;16700613;0.01
16700370;16700661;0.002
16700370;16700649;0.006
16700370;16700622;0.07
16700370;16700654;0.01
16700370;16700651;0.004
16700370;16700616;0.02
16700370;16700621;0.03
16700370;16700617;0.005
16700370;16700663;0.001
16700370;16700593;0.03
16700370;16700656;0.0009
16700370;16700618;0.03
16700370;16700581;0.33
16700370;16701139;0.01
16700371;16701337;1
16700371;16700980;0.0833
16700371;16700513;0.25
16700372;16701338;1
16700372;16700980;0.0833
16700372;16700513;0.1667
16700373;16701339;1
16700373;16700546;0.01
16700373;16700513;0.02
16700374;16700587;0.005
16700374;16700581;0.2
16700374;16700582;0.04
16700374;16700580;0.08
16700374;16700583;0.01
16700374;16700584;0.02
16700374;16700586;0.005
16700374;16700585;0.0005
16700374;16700588;0.01
16700374;16700589;0.02
16700374;16700590;0.02
16700374;16700592;0.05
16700374;16700591;0.0006
16700375;16700568;0.005
16700375;16700563;0.003
16700375;16700565;0.05
16700375;16700575;0.025
16700375;16700566;0.055
16700375;16700577;0.06
16700375;16700578;0.06
16700375;16700574;0.01
16700375;16700576;0.005
16700375;16700562;0.05
16700375;16700573;0.005
16700375;16700569;0.003
16700375;16700570;0.003
16700375;16700564;0.0007
16700375;16700572;0.005
16700376;16700568;0.005
16700376;16700563;0.003
16700376;16700565;0.05
16700376;16700575;0.025
16700376;16700566;0.055
16700376;16700577;0.06
16700376;16700578;0.06
16700376;16700574;0.01
16700376;16700576;0.005
16700376;16700562;0.05
16700376;16700573;0.005
16700376;16700569;0.003
16700376;16700570;0.003
16700376;16700564;0.0007
16700376;16700572;0.005
16700376;16700571;0.002
16700377;16701340;1
16700377;16700980;0.0833
16700377;16700513;0.33
16700378;16701341;1
16700378;16700498;0.01
16700379;16701342;1
16700379;16700980;0.0833
16700379;16700513;0.333
16700380;16701343;1
16700380;16700980;0.0833
16700380;16700513;0.1667
16700381;16701158;1
16700381;16700980;0.0833
16700381;16700497;0.5
16700382;16701344;1
16700382;16700513;0.15
16700382;16701011;0.0833
16700383;16700497;0.1666
16700383;16700506;0.0833
16598661;16701345;1.05001082485386
16598661;16701236;0.222775492530851
16598661;16701215;0.062567655336653
16598662;16701346;1.05002730748225
16598662;16701236;0.112397596941562
16598662;16701347;0.0624795193883124
16700384;16701348;1
16700384;16700523;0.0833
16700385;16700520;0.01
16700385;16701348;1
16598663;16700064;0.00368274895538657
16598663;16701349;0.0013829309980461
16598663;16700862;0.0106296599769388
16598663;16700064;0.00308636363636364
16598663;16701349;0.00135979310395933
16598663;16700862;0.0100002223094993
16598664;16700063;0.00368274895538657
16598664;16701350;0.0013829309980461
16598664;16700862;0.0106296599769388
16598664;16700063;0.00308636363636364
16598664;16701350;0.00135744890607819
16598664;16700862;0.00999886247298373
16700386;16701351;1
16700386;16700510;0.0833
16700387;16701352;1
16700387;16700922;0.0833
16700387;16700513;0.1667
16700388;16701353;1
16700388;16700520;0.005
16700389;16701354;1
16700389;16700922;0.083
16700390;16700178;1
16700390;16700223;1
16700390;16701355;1
16700391;16700367;1
16700391;16700247;1
16700391;16701356;1
16700391;16701357;0.083
16700391;16700367;1
16700391;16700247;1
16700391;16701358;1
16700391;16701357;0.083
16700392;16700178;2
16700392;16701359;1
16598665;16701082;0.0879509834858525
16598665;16701083;0.000184074892184706
16598665;16701084;1.84074892184706E-05
16598665;16700667;3.68149784369412E-05
16598665;16700566;0.000901966971705059
16598665;16701086;0.00092037446092353
16598665;16700573;0.000092037446092353
16598665;16701040;0.00092037446092353
16598665;16700807;0.000092037446092353
16598665;16701087;0.00092037446092353
16598665;16701147;1.02040601661933
16598665;16701148;1.02040601661933
16598665;16700791;0.0849900073629957
16598665;16700788;0.00105185652676975
16598665;16701082;0.0882852919438285
16598665;16701083;0.000184774575018477
16598665;16701084;1.84774575018477E-05
16598665;16700667;3.69549150036955E-05
16598665;16700566;0.00090539541759054
16598665;16701086;0.000923872875092387
16598665;16700573;9.23872875092387E-05
16598665;16701040;0.000923872875092387
16598665;16700807;9.23872875092387E-05
16598665;16701087;0.000923872875092387
16598665;16701147;1.01003061978672
16598665;16701148;1
16598665;16700791;0.0841516207369866
16598665;16700788;0.00084468377151304
16598666;16701360;1.0049864498645
16598666;16701361;1.049972899729
16598666;16701335;0.0625474254742547
16598666;16701240;0.111544715447154
16598667;16701362;1.05196480938416
16598667;16701363;1.05196480938416
16598667;16701335;0.087624633431085
16598667;16701246;0.119472140762463
16598667;16701362;1.00499535315985
16598667;16701363;1.04995353159851
16598667;16701335;0.0874767657992565
16598667;16701246;0.119539962825279
16700393;16598560;1
16700393;16598559;1
16700393;16701364;1
16700393;16701011;0.083
16700393;16598560;1
16700393;16598559;1
16700393;16701365;1
16700393;16701011;0.083
16700394;16700645;0.001
16700394;16701366;0.0025
16700394;16700599;0.001
16700394;16700786;0.01
16700394;16700644;0.04
16700394;16700678;0.02
16700394;16700689;0.04
16700394;16700690;0.14
16700394;16700680;0.004
16700394;16700681;0.005
16700394;16700640;0.02
16700394;16700682;0.05
16700394;16700683;0.05
16700394;16700684;0.08
16700394;16701113;0.05
16700394;16700685;0.01
16700394;16701367;0.01
16700394;16700630;0.0018
16700394;16701368;0.01
16700394;16700634;0.002
16700394;16700687;0.001
16700394;16700604;0.001
16700394;16700688;0.05
16700394;16700635;0.03
16700394;16701369;0.004
16700394;16701370;0.05
16700395;16700645;0.002
16700395;16701372;0.001
16700395;16700644;0.04
16700395;16700678;0.02
16700395;16700689;0.04
16700395;16700690;0.14
16700395;16700679;0.005
16700395;16700680;0.004
16700395;16700681;0.02
16700395;16700640;0.01
16700395;16700682;0.08
16700395;16700683;0.06
16700395;16700684;0.09
16700395;16700685;0.02
16700395;16700630;0.0018
16700395;16700686;0.003
16700395;16700687;0.001
16700395;16700634;0.002
16700395;16700604;0.001
16700395;16700688;0.05
16700395;16700635;0.03
16700395;16700564;0.0005
16700395;16700692;0.04
16700395;16701370;0.05
16700396;16700260;1
16700396;16701151;1
16700397;16700262;1
16700397;16701151;1
16700398;16701150;2
16700398;16700389;1
16700399;16598646;1
16700399;16700107;1
16700399;16701374;1
16700399;16701375;0.083
16700400;16598625;1
16700400;16700108;1
16700400;16701376;1
16700400;16701377;1
16700401;16598646;1
16700401;16701151;1
16700402;16700244;1
16700402;16701008;1
16700402;16700529;0.083
16700402;16701151;1
16700403;16700361;1
16700403;16701253;1
16700403;16700518;0.0833
16700403;16700497;0.1666
16700403;16701151;1
16700404;16700364;1
16700404;16701314;1
16700404;16700980;0.0833
16700404;16700497;0.25
16700404;16701151;1
16700405;16700366;1
16700405;16701316;1
16700405;16700980;0.0833
16700405;16700497;0.25
16700405;16701151;1
16700406;16700367;1
16700406;16701317;1
16700406;16700529;0.0833
16700406;16701151;1
16700407;16700368;1
16700407;16701318;1
16700407;16700498;0.0833
16700407;16700497;0.5
16700407;16701151;1
16700408;16700371;1
16700408;16701337;1
16700408;16700980;0.0833
16700408;16700497;0.25
16700408;16701151;1
16700409;16701082;0.0189182768451061
16700409;16701083;3.95945517896737E-05
16700409;16701084;3.95945517896737E-06
16700409;16700667;7.91891035793475E-06
16700409;16700566;0.000194013303769401
16700409;16701086;0.000197972758948369
16700409;16700573;1.97972758948369E-05
16700409;16701040;0.000197972758948369
16700409;16700807;1.97972758948369E-05
16700409;16701087;0.000197972758948369
16700409;16701378;0.00052792735719565
16700409;16700868;0.00997782705099778
16700410;16700165;1
16700410;16598563;1
16700410;16701379;1
16700410;16701380;1
16700410;16701159;1
16700411;16701381;1
16700411;16700546;0.0833
16700411;16700513;0.167
16700412;16701382;1
16700412;16700980;0.0833
16700412;16700513;0.25
16700413;16701383;1
16700413;16700980;0.0833
16700413;16700513;0.25
16700414;16701384;1
16700414;16700546;0.0833
16700414;16700513;0.1667
16700415;16701385;1
16700415;16701011;0.05
16700416;16701386;1
16700416;16700546;0.005
16700417;16701387;1
16700417;16700546;0.05
16700418;16700682;0.08
16700418;16700683;0.06
16700418;16700684;0.09
16700418;16700689;0.03
16700418;16700644;0.03
16700418;16700678;0.02
16700418;16700681;0.02
16700418;16700640;0.01
16700418;16700599;0.005
16700418;16700680;0.004
16700418;16700630;0.002
16700418;16700679;0.005
16700418;16700685;0.02
16700418;16700573;0.005
16700418;16700687;0.001
16700418;16700604;0.001
16700418;16700697;0.01
16700418;16700634;0.002
16700418;16700686;0.003
16700418;16700692;0.04
16700418;16700564;0.001
16700418;16700653;0.005
16700418;16700635;0.03
16700418;16700688;0.05
16700418;16700690;0.08
16700418;16700682;0.08
16700418;16700683;0.06
16700418;16700684;0.09
16700418;16700689;0.03
16700418;16700644;0.03
16700418;16700678;0.02
16700418;16700681;0.02
16700418;16700640;0.01
16700418;16700599;0.005
16700418;16700680;0.004
16700418;16700630;0.002
16700418;16700679;0.005
16700418;16700685;0.02
16700418;16700573;0.005
16700418;16700687;0.001
16700418;16700604;0.001
16700418;16700697;0.01
16700418;16700634;0.002
16700418;16700686;0.003
16700418;16700692;0.04
16700418;16700564;0.001
16700418;16700653;0.005
16700418;16700635;0.03
16700418;16700688;0.05
16700418;16700690;0.08
16700419;16700682;0.08
16700419;16700683;0.06
16700419;16700684;0.09
16700419;16700689;0.04
16700419;16700644;0.04
16700419;16700678;0.02
16700419;16700681;0.02
16700419;16700640;0.01
16700419;16700599;0.005
16700419;16700680;0.004
16700419;16700630;0.002
16700419;16700679;0.005
16700419;16700685;0.02
16700419;16700573;0.005
16700419;16700687;0.001
16700419;16700604;0.001
16700419;16700697;0.01
16700419;16700634;0.002
16700419;16700686;0.003
16700419;16700692;0.04
16700419;16700564;0.001
16700419;16700653;0.005
16700419;16700635;0.03
16700419;16700688;0.05
16700419;16700690;0.14
16700419;16700682;0.08
16700419;16700683;0.06
16700419;16700684;0.09
16700419;16700689;0.04
16700419;16700644;0.04
16700419;16700678;0.02
16700419;16700681;0.02
16700419;16700640;0.01
16700419;16700599;0.005
16700419;16700680;0.004
16700419;16700630;0.002
16700419;16700679;0.005
16700419;16700685;0.02
16700419;16700573;0.005
16700419;16700687;0.001
16700419;16700604;0.001
16700419;16700697;0.01
16700419;16700634;0.002
16700419;16700686;0.003
16700419;16700692;0.04
16700419;16700564;0.001
16700419;16700653;0.005
16700419;16700635;0.03
16700419;16700688;0.05
16700419;16700690;0.14
16700420;16701272;1.01999491654664
16700420;16700726;0.0625264763195798
16700420;16700723;1.00499872913666
16700420;16700722;1.00499872913666
16700420;16700307;0.264212488350419
16700420;16701390;1.03499110395662
16700420;16701391;1.02999237481996
16700421;16700568;0.005
16700421;16700565;0.05
16700421;16700575;0.025
16700421;16700573;0.005
16700421;16700630;0.002
16700421;16700574;0.01
16700421;16700576;0.005
16700421;16700566;0.055
16700421;16700577;0.06
16700421;16700578;0.06
16700421;16700562;0.05
16700421;16700563;0.003
16700421;16700564;0.00132
16700421;16700571;0.002
16700421;16700572;0.005
16700422;16700568;0.005
16700422;16700565;0.05
16700422;16700575;0.025
16700422;16700573;0.005
16700422;16700630;0.002
16700422;16700574;0.01
16700422;16700576;0.005
16700422;16700566;0.055
16700422;16700577;0.06
16700422;16700578;0.06
16700422;16700562;0.05
16700422;16700563;0.003
16700422;16700564;0.00132
16700422;16700572;0.005
16700423;16701392;0.00272999331430209
16700423;16701393;0.00198448493595526
16700423;16700862;0.0100020163215927
16700424;16701394;0.00272999331430209
16700424;16701395;0.00198713799068247
16700424;16700862;0.0100020163215927
16700425;16701396;0.00135816473248328
16700425;16700862;0.0100003414380612
16700425;16700394;0.00382410628587471
16700426;16701397;1.05002498473155
16700426;16701398;1.00499694631059
16700426;16700844;1
16700426;16700843;0.0833379601354728
16700426;16700394;0.0559657986785853
16700427;16700573;0.009
16700427;16700647;0.643
16700427;16701399;0.15
16700427;16701400;0.15
16700427;16701401;0.02
16700427;16701402;0.02
16700427;16701403;0.008
16700427;16700573;0.009
16700427;16700647;0.643
16700427;16701399;0.15
16700427;16701400;0.15
16700427;16701401;0.02
16700427;16701402;0.02
16700427;16701403;0.008
16700428;16701404;0.00167120158554201
16700428;16700862;0.0100020155195002
16700428;16700421;0.00868562934596392
16700429;16701405;1.04999661269562
16700429;16701055;0.0625296389133528
16700429;16700421;0.210199173497731
16700430;16701406;1.00488997555012
16700430;16701261;1.00488997555012
16700430;16701213;0.0831295843520782
16700430;16700422;0.421454767726161
16700431;16701407;0.00167120158554201
16700431;16700862;0.0100020155195002
16700431;16700422;0.00868562934596392
16700432;16701408;1.04999661269562
16700432;16701055;0.0625296389133528
16700432;16700422;0.210199173497731
16700433;16701409;0.00136083401375034
16700433;16700862;0.0099991716662525
16700433;16700439;0.00596400298200149
16700434;16701410;1.04999553611285
16700434;16701411;1.00499955361128
16700434;16701196;0.0624944201410588
16700434;16700419;0.0449959825015624
16700435;16701412;0.00135816473248328
16700435;16700862;0.0100003414380612
16700435;16700419;0.00382410628587471
16700436;16701413;1.04999553611285
16700436;16701414;1.00499955361128
16700436;16701196;0.0624944201410588
16700436;16700418;0.0449959825015624
16700437;16701415;0.00135816473248328
16700437;16700862;0.0100003414380612
16700437;16700418;0.00382410628587471
16700438;16598642;1
16700438;16598643;1
16700438;16701416;1
16700438;16701417;0.083
16700438;16598642;1
16700438;16598643;1
16700438;16701418;1
16700438;16701417;0.083
16700439;16701419;0.01
16700439;16701045;0.002
16700439;16700565;0.07
16700439;16700568;0.007
16700439;16700667;0.05
16700439;16701420;0.01
16700439;16700681;0.05
16700439;16701421;0.02
16700439;16701422;0.15
16700439;16701187;0.02
16700439;16701423;0.001
16700439;16701424;0.002
16700439;16701425;0.1
16700439;16701426;0.002
16700439;16701427;0.01
16700439;16701428;0.02
16700439;16701429;0.0000036
16700439;16701430;0.0000024
16700439;16701431;0.000006
16700440;16700247;3
16700440;16701433;1
16700440;16701096;1
16700441;16598571;1
16700441;16701151;2
16700442;16598573;1
16700442;16701151;2
16700443;16701151;2
16700443;16598577;1
16700444;16701151;2
16700444;16598579;1
16700445;16701150;1
16700445;16700009;1
16700446;16701151;1
16700446;16598582;1
16700447;16701151;1
16700447;16598584;1
16700448;16700158;1
16700448;16701150;1
16700449;16700159;1
16700449;16701150;2
16700450;16701150;2
16700450;16700360;1
16700451;16701150;2
16700451;16700359;1
16700452;16701150;2
16700452;16700387;1
16700453;16701434;1
16700453;16700922;0.0833
16700454;16701435;1
16700454;16700512;0.01
16700455;16701436;1
16700456;16700735;0.0693080137242246
16700456;16700788;0.000883242178211095
16700456;16700736;0.00529945306926657
16700456;16700737;0.000883242178211095
16700456;16700663;8.83242178211095E-05
16700456;16700738;0.000114821483167442
16700456;16700653;0.00176648435642219
16700456;16700739;0.00883242178211095
16700456;16700650;0.00114821483167442
16700456;16700611;0.000883242178211095
16700456;16701437;1.00998743078439
16700456;16700742;0.0280599245847063
16700457;16700355;0.158315565031983
16700457;16700774;1.00497512437811
16700457;16701263;1.00497512437811
16700457;16701438;1.03497817037263
16700457;16701439;1.03497817037263
16700457;16700720;1.02000203066301
16700457;16700778;0.0624936541780891
16700458;16701151;1
16700458;16598559;1
16700459;16701151;1
16700459;16700092;1
16700460;16701150;2
16700460;16700384;1
16700461;16700023;1
16700461;16701150;2
16700462;16701150;1
16700462;16700164;1
16700463;16700176;1
16700463;16701150;2
16700464;16701150;2
16700464;16700453;1
16700465;16701150;1
16700465;16700012;1
16700466;16701150;2
16700466;16700225;1
16700467;16700014;1
16700467;16701150;2
16700468;16700179;1
16700468;16701150;2
16700469;16701151;1
16700469;16598565;1
16700470;16700021;1
16700470;16701150;1
16700471;16701151;1
16700471;16598566;1
16700472;16701150;2
16700472;16700412;1
16700473;16701150;2
16700473;16700415;1
16700474;16701150;2
16700474;16700413;1
16700475;16701151;1
16700475;16700252;1
16700476;16598638;1
16700476;16701151;1
16700477;16701151;1
16700477;16700250;1
16700478;16701151;1
16700478;16598645;1
16700479;16701151;2
16700479;16598625;1
16700480;16598597;1
16700480;16701151;2
16700481;16701151;1
16700481;16598652;1
16700482;16700429;1
16700482;16701151;1
16700483;16598610;1
16700483;16701151;1
16700484;16598612;1
16700484;16701151;1
16700485;16598613;1
16700485;16701151;1
16700486;16700432;1
16700486;16701151;1
16700487;16700430;1
16700487;16701151;1
16700488;16598622;1
16700488;16701151;1
16700489;16598624;1
16700489;16701151;1
16700490;16598619;1
16700490;16701151;1
16700491;16701440;1.05001074113856
16700491;16701441;1.0050268528464
16700491;16701442;1
16700491;16701196;0.0833512352309345
16700491;16701134;0.0437593984962406
16700492;16701443;1.05001074113856
16700492;16701444;1.0050268528464
16700492;16701442;1
16700492;16701196;0.0833512352309345
16700492;16701131;0.0437593984962406
16700493;16700682;0.03025
16700493;16700683;0.03
16700493;16700684;0.045
16700493;16700689;0.02
16700493;16700644;0.02
16700493;16700678;0.01
16700493;16700681;0.01
16700493;16700640;0.005
16700493;16700680;0.002
16700493;16700630;0.0005
16700493;16700679;0.0025
16700493;16700685;0.01
16700493;16700573;0.0005
16700493;16700687;0.0005
16700493;16700604;0.0005
16700493;16700634;0.001
16700493;16700692;0.02
16700493;16700564;0.000055
16700493;16700686;0.0015
16700493;16700635;0.015
16700493;16700688;0.025
16700493;16700690;0.07
16700493;16701445;0.015
16700493;16701446;0.00415
16700493;16701447;0.00055
16700493;16701448;0.0003
16700494;16700682;0.03025
16700494;16700683;0.03
16700494;16700684;0.045
16700494;16700689;0.02
16700494;16700644;0.02
16700494;16700678;0.01
16700494;16700681;0.01
16700494;16700640;0.005
16700494;16700680;0.002
16700494;16700630;0.0005
16700494;16700679;0.0025
16700494;16700685;0.01
16700494;16700573;0.0005
16700494;16700687;0.0005
16700494;16700604;0.0005
16700494;16700634;0.001
16700494;16700692;0.02
16700494;16700564;0.000055
16700494;16700686;0.0015
16700494;16700635;0.015
16700494;16700688;0.025
16700494;16700690;0.07
16700494;16701445;0.0134
16700494;16701446;0.00935
16700494;16701447;0.00105
16700494;16701448;0.001
16700495;16700682;0.03025
16700495;16700683;0.03
16700495;16700684;0.045
16700495;16700689;0.02
16700495;16700644;0.02
16700495;16700678;0.01
16700495;16700681;0.01
16700495;16700640;0.005
16700495;16700680;0.002
16700495;16700630;0.0005
16700495;16700679;0.0025
16700495;16700685;0.01
16700495;16700573;0.0005
16700495;16700687;0.0005
16700495;16700604;0.0005
16700495;16700634;0.001
16700495;16700692;0.02
16700495;16700564;0.000055
16700495;16700686;0.0015
16700495;16700635;0.015
16700495;16700688;0.025
16700495;16700690;0.07
16700495;16701445;0.0055
16700495;16701446;0.0135
16700495;16701447;0.00175
16700495;16701448;0.0015
16700496;16598557;1
16700496;16701151;2
