7010452,0108009,0.05,SKIN SEC LOÇAO HIDRAT. GRANEL,HUILE COCO RAFFINEE
7010452,0226405,0.003,SKIN SEC LOÇAO HIDRAT. GRANEL,CARBOPOL 981
7010452,0226404,0.0007,SKIN SEC LOÇAO HIDRAT. GRANEL,HIDRÓXIDO DE SÓDIO MERCK
7010452,0108077,0.05,SKIN SEC LOÇAO HIDRAT. GRANEL,GLICERINA PURA OLEON
7010452,0240703,0.055,SKIN SEC LOÇAO HIDRAT. GRANEL,PARAFINA LIQUIDA
7010452,1027108,1,SKIN SEC LOÇAO HIDRAT. GRANEL,INDUST. SKIN SEC LOÇÃO GRANEL
7010452,0226402,0.005,SKIN SEC LOÇAO HIDRAT. GRANEL,2 PHENOXYETHANOL
7010452,0226401,0.003,SKIN SEC LOÇAO HIDRAT. GRANEL,NIPAGIN CLARIANT
7010452,0226400,0.003,SKIN SEC LOÇAO HIDRAT. GRANEL,NIPAZOL CLARIANT
7010452,0108060,0.002,SKIN SEC LOÇAO HIDRAT. GRANEL,PARF TRENDRESSE U293496
7010452,0108051,0.005,SKIN SEC LOÇAO HIDRAT. GRANEL,EXTRAIT FLUI BOURGEON PEUPLIER
7010452,0226409,0.005,SKIN SEC LOÇAO HIDRAT. GRANEL,ALPHA TOCOPHERYLE ACETATE Z
7010452,0226406,0.01,SKIN SEC LOÇAO HIDRAT. GRANEL,SQUALENO VEGETAL
7010452,0108037,0.025,SKIN SEC LOÇAO HIDRAT. GRANEL,ARLACEL 2121-FL
7010452,0226408,0.005,SKIN SEC LOÇAO HIDRAT. GRANEL,CETEARYL ALC/CETEARYL MEL
7010452,0108022,0.06,SKIN SEC LOÇAO HIDRAT. GRANEL,WAGLINOL 6016
7010452,0226407,0.06,SKIN SEC LOÇAO HIDRAT. GRANEL,SILOXANE CYCLOPENTA CM5
7010453,0226400,0.003,SKINSEC LOC SEM PERFUME GRANEL,NIPAZOL CLARIANT
7010453,0226401,0.003,SKINSEC LOC SEM PERFUME GRANEL,NIPAGIN CLARIANT
7010453,1027192,1,SKINSEC LOC SEM PERFUME GRANEL,INDUST. SKIN SEC GRANEL S/PERF
7010453,0240703,0.055,SKINSEC LOC SEM PERFUME GRANEL,PARAFINA LIQUIDA
7010453,0108051,0.005,SKINSEC LOC SEM PERFUME GRANEL,EXTRAIT FLUI BOURGEON PEUPLIER
7010453,0226409,0.005,SKINSEC LOC SEM PERFUME GRANEL,ALPHA TOCOPHERYLE ACETATE Z
7010453,0226402,0.005,SKINSEC LOC SEM PERFUME GRANEL,2 PHENOXYETHANOL
7010453,0108077,0.05,SKINSEC LOC SEM PERFUME GRANEL,GLICERINA PURA OLEON
7010453,0226404,0.0007,SKINSEC LOC SEM PERFUME GRANEL,HIDRÓXIDO DE SÓDIO MERCK
7010453,0226405,0.003,SKINSEC LOC SEM PERFUME GRANEL,CARBOPOL 981
7010453,0108009,0.05,SKINSEC LOC SEM PERFUME GRANEL,HUILE COCO RAFFINEE
7010453,0226407,0.06,SKINSEC LOC SEM PERFUME GRANEL,SILOXANE CYCLOPENTA CM5
7010453,0108022,0.06,SKINSEC LOC SEM PERFUME GRANEL,WAGLINOL 6016
7010453,0226408,0.005,SKINSEC LOC SEM PERFUME GRANEL,CETEARYL ALC/CETEARYL MEL
7010453,0108037,0.025,SKINSEC LOC SEM PERFUME GRANEL,ARLACEL 2121-FL
7010453,0226406,0.01,SKINSEC LOC SEM PERFUME GRANEL,SQUALENO VEGETAL
7010456,0108116,0.06,ACTINE ESFOLIANTE GRANEL,PROPILENO GLICOL
7010456,0108017,0.05,ACTINE ESFOLIANTE GRANEL,POLYETHYLENE CIRE
7010456,0108056,0.05,ACTINE ESFOLIANTE GRANEL,EUA DISTILLEE MELILOT
7010456,0108063,0.003,ACTINE ESFOLIANTE GRANEL,PARF U210162 NATURE GN FREE
7010456,0240704,0.09,ACTINE ESFOLIANTE GRANEL,SEPIGEL 305
7010456,0108014,0.001,ACTINE ESFOLIANTE GRANEL,BROMURE DE CETRIMONIUM
7010456,0108035,0.003,ACTINE ESFOLIANTE GRANEL,GLUCONATO DE ZINCO
7010456,0108047,0.01,ACTINE ESFOLIANTE GRANEL,SALICILATO DE SODIO
7010456,0108027,0.075,ACTINE ESFOLIANTE GRANEL,STEPAN MILD SL3 BA
7010456,0226410,0.005,ACTINE ESFOLIANTE GRANEL,PCA DE ZINCO SOLABIA
7010456,1027073,1,ACTINE ESFOLIANTE GRANEL,INDUST. ACTINE ESFOLIANTE GRAN
7010456,0108015,0.002,ACTINE ESFOLIANTE GRANEL,TRILON BD
7010456,0108007,0.0015,ACTINE ESFOLIANTE GRANEL,SATIAGUM UTC 30
7010464,0201240,0.0103,SOAPELLE SAB. LIQ. 1% - GRANEL,ALCOOL NEUTRO
7010464,0209627,0.0309,SOAPELLE SAB. LIQ. 1% - GRANEL,COCOAMIDOPROPILBETAINA
7010464,0209886,3.26666666666667E-07,SOAPELLE SAB. LIQ. 1% - GRANEL,CORANTE RED D&C 33
7010464,0209966,6.95333333333333E-06,SOAPELLE SAB. LIQ. 1% - GRANEL,CORANTE AMARELO AYE 23
7010464,0213012,0.000515333333333333,SOAPELLE SAB. LIQ. 1% - GRANEL,EDTA DISSODICO
7010464,0214337,0.00206,SOAPELLE SAB. LIQ. 1% - GRANEL,ESSENCIA SOAPELLE
7010464,0214820,0.0206,SOAPELLE SAB. LIQ. 1% - GRANEL,EXTRATO GLIC ALOE VERA
7010464,0217614,0.0309,SOAPELLE SAB. LIQ. 1% - GRANEL,GLICERINA PURA 03473015
7010464,0219439,0.000926666666666667,SOAPELLE SAB. LIQ. 1% - GRANEL,HIDROXIDO DE SODIO
7010464,0221316,0.0103,SOAPELLE SAB. LIQ. 1% - GRANEL,IRGASAN DP- 300
7010464,0226320,0.00206,SOAPELLE SAB. LIQ. 1% - GRANEL,NIPAGIN
7010464,0227597,0.0206,SOAPELLE SAB. LIQ. 1% - GRANEL,OLETH 3 FOSFATO
7010464,0228389,0.00515333333333333,SOAPELLE SAB. LIQ. 1% - GRANEL,PIRROLIDONA CARBOX. DE SODIO
7010464,0108116,0.0515,SOAPELLE SAB. LIQ. 1% - GRANEL,PROPILENO GLICOL
7010464,0236164,0.0257533333333333,SOAPELLE SAB. LIQ. 1% - GRANEL,SYNOTOL CN- 80
7010464,0237349,0.309,SOAPELLE SAB. LIQ. 1% - GRANEL,TEXAPON N 040
7010469,0220908,0.00207333333333333,SUAVIE SAB. LIQ - GRANEL,IMIDAZOLIDINIL UREIA
7010469,0201313,0.00078,SUAVIE SAB. LIQ - GRANEL,ALOE VERA PO
7010469,0228086,0.000726666666666667,SUAVIE SAB. LIQ - GRANEL,PEG 120 METILGLUCOSEDIOLEATO
7010469,0237349,0.362366666666667,SUAVIE SAB. LIQ - GRANEL,TEXAPON N 040
7010469,0226307,0.0724733333333333,SUAVIE SAB. LIQ - GRANEL,N-COCOIL L-GLUTAMATO DISSODICO
7010469,0209627,0.0517666666666667,SUAVIE SAB. LIQ - GRANEL,COCOAMIDOPROPILBETAINA
7010469,0215135,0.00518,SUAVIE SAB. LIQ - GRANEL,FENOXIETANOL E PARABENOS
7010469,0228389,0.0155333333333333,SUAVIE SAB. LIQ - GRANEL,PIRROLIDONA CARBOX. DE SODIO
7010469,0223307,0.0207066666666667,SUAVIE SAB. LIQ - GRANEL,LAURIL POLIGLICOSE
7010469,0214807,0.00103333333333333,SUAVIE SAB. LIQ - GRANEL,EXTRATO DE CAMOMILA
7010469,0214803,0.00103333333333333,SUAVIE SAB. LIQ - GRANEL,EXTRATO DE ALECRIM
7010469,0207291,0.00310666666666667,SUAVIE SAB. LIQ - GRANEL,CITOQUINAS DO LEITE
7010469,0237642,0.0103533333333333,SUAVIE SAB. LIQ - GRANEL,TIOLISINA COMPLEX 30
7010469,P0000706,0.0207066666666667,SUAVIE SAB. LIQ - GRANEL,SEBONORMINE 0P
7010469,0236164,0.0517666666666667,SUAVIE SAB. LIQ - GRANEL,SYNOTOL CN- 80
7010469,0200360,0.000726666666666667,SUAVIE SAB. LIQ - GRANEL,ACIDO CITRICO FARMAC
7010469,0214287,0.0103533333333333,SUAVIE SAB. LIQ - GRANEL,ESSENCIA ESKIMO SII
7010528,0235021,0.000946666666666667,KLINSE SHAMPOO - GRANEL,SALCARE SC60
7010528,0213012,0.000526666666666667,KLINSE SHAMPOO - GRANEL,EDTA DISSODICO
7010528,0214296,0.00157333333333333,KLINSE SHAMPOO - GRANEL,ESSENCIA HERBAL FRESH
7010528,0223043,0.0063,KLINSE SHAMPOO - GRANEL,LACTATO DE MENTILA
7010528,0236164,0.0315,KLINSE SHAMPOO - GRANEL,SYNOTOL CN- 80
7010528,0226342,0.0105,KLINSE SHAMPOO - GRANEL,OCTOPIROX
7010528,0220921,0.0021,KLINSE SHAMPOO - GRANEL,IODO PROPINIL BUTIL CARBAMATO
7010528,0108116,0.0315,KLINSE SHAMPOO - GRANEL,PROPILENO GLICOL
7010528,0214820,0.0105,KLINSE SHAMPOO - GRANEL,EXTRATO GLIC ALOE VERA
7010528,0209627,0.042,KLINSE SHAMPOO - GRANEL,COCOAMIDOPROPILBETAINA
7010528,0227597,0.021,KLINSE SHAMPOO - GRANEL,OLETH 3 FOSFATO
7010528,0226307,0.0735,KLINSE SHAMPOO - GRANEL,N-COCOIL L-GLUTAMATO DISSODICO
7010528,0209458,0.00315333333333333,KLINSE SHAMPOO - GRANEL,CLORETO DE SODIO P/ COSMETICO
7010528,0228086,0.0315,KLINSE SHAMPOO - GRANEL,PEG 120 METILGLUCOSEDIOLEATO
7010528,0227565,0.0042,KLINSE SHAMPOO - GRANEL,OLEO DE RICINO HIDROGENADO
7010528,0213503,0.00105333333333333,KLINSE SHAMPOO - GRANEL,ENXOFRE SOLUVEL
7010528,0207117,0.021,KLINSE SHAMPOO - GRANEL,CAPRILOIL GLICINA
7010528,0200371,0.021,KLINSE SHAMPOO - GRANEL,ACIDO SALICILICO 00340
7010528,0237349,0.3465,KLINSE SHAMPOO - GRANEL,TEXAPON N 040
7010528,0228389,0.00525333333333333,KLINSE SHAMPOO - GRANEL,PIRROLIDONA CARBOX. DE SODIO
7010528,0228394,0.00105333333333333,KLINSE SHAMPOO - GRANEL,PIRROLIDONA CARBOX. DE ZINCO
7010528,0123077,0.00105333333333333,KLINSE SHAMPOO - GRANEL,L-ARGININA INJETAVEL 00646016
7010528,0206253,0.000313333333333333,KLINSE SHAMPOO - GRANEL,ANTI - UV (TINOGARD HS)
7010528,0219439,0.0105,KLINSE SHAMPOO - GRANEL,HIDROXIDO DE SODIO
7010529,0209627,0.052,KLINSE SHAMPOO NEUTRO - GRANEL,COCOAMIDOPROPILBETAINA
7010529,0226307,0.0728,KLINSE SHAMPOO NEUTRO - GRANEL,N-COCOIL L-GLUTAMATO DISSODICO
7010529,0237349,0.364,KLINSE SHAMPOO NEUTRO - GRANEL,TEXAPON N 040
7010529,0209458,0.00312,KLINSE SHAMPOO NEUTRO - GRANEL,CLORETO DE SODIO P/ COSMETICO
7010529,0228086,0.0052,KLINSE SHAMPOO NEUTRO - GRANEL,PEG 120 METILGLUCOSEDIOLEATO
7010529,0227565,0.00416,KLINSE SHAMPOO NEUTRO - GRANEL,OLEO DE RICINO HIDROGENADO
7010529,0235823,0.0052,KLINSE SHAMPOO NEUTRO - GRANEL,SOLUVIT RICHTER
7010529,0235021,0.00104,KLINSE SHAMPOO NEUTRO - GRANEL,SALCARE SC60
7010529,0206253,0.000313333333333333,KLINSE SHAMPOO NEUTRO - GRANEL,ANTI - UV (TINOGARD HS)
7010529,0123077,0.00208,KLINSE SHAMPOO NEUTRO - GRANEL,L-ARGININA INJETAVEL 00646016
7010529,0228389,0.0312,KLINSE SHAMPOO NEUTRO - GRANEL,PIRROLIDONA CARBOX. DE SODIO
7010529,0213012,0.00052,KLINSE SHAMPOO NEUTRO - GRANEL,EDTA DISSODICO
7010529,0214296,0.00208,KLINSE SHAMPOO NEUTRO - GRANEL,ESSENCIA HERBAL FRESH
7010529,0108116,0.0312,KLINSE SHAMPOO NEUTRO - GRANEL,PROPILENO GLICOL
7010529,0223043,0.00312,KLINSE SHAMPOO NEUTRO - GRANEL,LACTATO DE MENTILA
7010529,0236164,0.0312,KLINSE SHAMPOO NEUTRO - GRANEL,SYNOTOL CN- 80
7010529,0214820,0.0208,KLINSE SHAMPOO NEUTRO - GRANEL,EXTRATO GLIC ALOE VERA
7010529,0227597,0.0208,KLINSE SHAMPOO NEUTRO - GRANEL,OLETH 3 FOSFATO
7010530,0108089,0.06,DOCTAR CREME GRANEL,CETEARYL ALCOOL/CETEARETH 33
7010530,0108102,0.15,DOCTAR CREME GRANEL,PALMITATE ETHYLHEXYL
7010530,0108085,0.02,DOCTAR CREME GRANEL,STEARATE GLYCERYL SG
7010530,1027191,1,DOCTAR CREME GRANEL,INDUST DOCTAR CREME GRANEL
7010530,0226404,0.01,DOCTAR CREME GRANEL,HIDRÓXIDO DE SÓDIO MERCK
7010530,0108099,0.01,DOCTAR CREME GRANEL,CROTAMITON
7010530,0108100,0.0526,DOCTAR CREME GRANEL,GLYCOLIQUE ACIDE 57%
7010530,0108095,0.07,DOCTAR CREME GRANEL,ACETAMIDE MEA 70%
7010530,0108077,0.1,DOCTAR CREME GRANEL,GLICERINA PURA OLEON
7010530,0108118,0.01,DOCTAR CREME GRANEL,SODIUM SHALE OIL SULFONATE
7010530,0108105,0.004,DOCTAR CREME GRANEL,PARF. CAMAFLOR 8237F
7010531,0237427,0.01352,ACTINE LOCAO ADSTRINGEN GRANEL,PPG 1 PEG 9 LAURYL GLYCOL ETHE
7010531,0108014,0.00104,ACTINE LOCAO ADSTRINGEN GRANEL,BROMURE DE CETRIMONIUM
7010531,0226410,0.0052,ACTINE LOCAO ADSTRINGEN GRANEL,PCA DE ZINCO SOLABIA
7010531,0226404,0.0208,ACTINE LOCAO ADSTRINGEN GRANEL,HIDRÓXIDO DE SÓDIO MERCK
7010531,0200371,0.00104,ACTINE LOCAO ADSTRINGEN GRANEL,ACIDO SALICILICO 00340
7010531,0108088,0.0052,ACTINE LOCAO ADSTRINGEN GRANEL,LACTIQUE ACIDE
7010531,0108100,0.0728,ACTINE LOCAO ADSTRINGEN GRANEL,GLYCOLIQUE ACIDE 57%
7010531,0108108,0.052,ACTINE LOCAO ADSTRINGEN GRANEL,EUA HAMAMELIS STABILISEE
7010531,0226402,0.00312,ACTINE LOCAO ADSTRINGEN GRANEL,2 PHENOXYETHANOL
7010531,0108055,0.00104,ACTINE LOCAO ADSTRINGEN GRANEL,BISABOLOL(ALPHA)SYNTH
7010531,0108107,0.000626666666666667,ACTINE LOCAO ADSTRINGEN GRANEL,PARF. SKIN II PY 94574
7010534,0226409,0.001,SUNSAFE COLOR FPS60 GRANEL,ALPHA TOCOPHERYLE ACETATE Z
7010534,0108057,0.04,SUNSAFE COLOR FPS60 GRANEL,ETHYLHEXYLOXYPHENOL(BIS)METHO
7010534,P0000443,0.02,SUNSAFE COLOR FPS60 GRANEL,BUTYL METHOXY DIBENZOYLMETHANE
7010534,0237387,0.005,SUNSAFE COLOR FPS60 GRANEL,ALCOOL ESTEARILICO
7010534,0226364,0.004,SUNSAFE COLOR FPS60 GRANEL,BEHENATE DIGLYCERYL BEHE MEL
7010534,0108141,0.02,SUNSAFE COLOR FPS60 GRANEL,STEARATE GLY PEG100ST
7010534,0108042,0.01,SUNSAFE COLOR FPS60 GRANEL,CETYL PHOSPHATE POTASSIUM
7010534,0237388,0.08,SUNSAFE COLOR FPS60 GRANEL,DICAPRYLYL CARBONATE
7010534,0226362,0.06,SUNSAFE COLOR FPS60 GRANEL,ADIPATE DIISOPROPYL
7010534,0226359,0.09,SUNSAFE COLOR FPS60 GRANEL,TEGOSOFT TN
7010534,0226367,0.02,SUNSAFE COLOR FPS60 GRANEL,GLICERIDES PALM KERNEL HYDROG
7010534,0108008,0.001,SUNSAFE COLOR FPS60 GRANEL,ACIDO BENZOICO
7010534,P0000181,0.003,SUNSAFE COLOR FPS60 GRANEL,CAPRYL GLYCOL
7010534,P0000598,0.001,SUNSAFE COLOR FPS60 GRANEL,ACRYLATE C10 C30 ALKYL CRPM 21
7010534,0108029,0.002,SUNSAFE COLOR FPS60 GRANEL,XANTHANE GOMME
7010534,0108015,0.001,SUNSAFE COLOR FPS60 GRANEL,TRILON BD
7010534,0108032,0.03,SUNSAFE COLOR FPS60 GRANEL,DRY FLO PC
7010534,P0000600,0.05,SUNSAFE COLOR FPS60 GRANEL,SILICA (LIBELLÉ CHIMIQUE) 692847
7010534,0226358,0.04,SUNSAFE COLOR FPS60 GRANEL,UVASORB HBE
7010534,0237386,0.14,SUNSAFE COLOR FPS60 GRANEL,MBBT DECYL GLUCOSIDE MEL
7010534,0226404,0.00011,SUNSAFE COLOR FPS60 GRANEL,HIDRÓXIDO DE SÓDIO MERCK
7010534,P0000601,0.035,SUNSAFE COLOR FPS60 GRANEL,PIGMENTO BROYAT HYDROPHIL 692884
7010534,0108092,0.04,SUNSAFE COLOR FPS60 GRANEL,ALCOOL HIDRATADO DE CEREAIS
7010535,0226409,0.001,SUNSAFE P. SOLAR FPS 60 GRANEL,ALPHA TOCOPHERYLE ACETATE Z
7010535,0108057,0.04,SUNSAFE P. SOLAR FPS 60 GRANEL,ETHYLHEXYLOXYPHENOL(BIS)METHO
7010535,P0000443,0.02,SUNSAFE P. SOLAR FPS 60 GRANEL,BUTYL METHOXY DIBENZOYLMETHANE
7010535,0237387,0.005,SUNSAFE P. SOLAR FPS 60 GRANEL,ALCOOL ESTEARILICO
7010535,0226364,0.004,SUNSAFE P. SOLAR FPS 60 GRANEL,BEHENATE DIGLYCERYL BEHE MEL
7010535,0108141,0.02,SUNSAFE P. SOLAR FPS 60 GRANEL,STEARATE GLY PEG100ST
7010535,0108042,0.01,SUNSAFE P. SOLAR FPS 60 GRANEL,CETYL PHOSPHATE POTASSIUM
7010535,0237388,0.08,SUNSAFE P. SOLAR FPS 60 GRANEL,DICAPRYLYL CARBONATE
7010535,0226362,0.06,SUNSAFE P. SOLAR FPS 60 GRANEL,ADIPATE DIISOPROPYL
7010535,0226359,0.09,SUNSAFE P. SOLAR FPS 60 GRANEL,TEGOSOFT TN
7010535,0226367,0.02,SUNSAFE P. SOLAR FPS 60 GRANEL,GLICERIDES PALM KERNEL HYDROG
7010535,0108008,0.001,SUNSAFE P. SOLAR FPS 60 GRANEL,ACIDO BENZOICO
7010535,P0000181,0.003,SUNSAFE P. SOLAR FPS 60 GRANEL,CAPRYL GLYCOL
7010535,P0000598,0.001,SUNSAFE P. SOLAR FPS 60 GRANEL,ACRYLATE C10 C30 ALKYL CRPM 21
7010535,0108029,0.002,SUNSAFE P. SOLAR FPS 60 GRANEL,XANTHANE GOMME
7010535,0108015,0.001,SUNSAFE P. SOLAR FPS 60 GRANEL,TRILON BD
7010535,0108032,0.03,SUNSAFE P. SOLAR FPS 60 GRANEL,DRY FLO PC
7010535,P0000600,0.05,SUNSAFE P. SOLAR FPS 60 GRANEL,SILICA (LIBELLÉ CHIMIQUE) 692847
7010535,0226358,0.04,SUNSAFE P. SOLAR FPS 60 GRANEL,UVASORB HBE
7010535,0237386,0.14,SUNSAFE P. SOLAR FPS 60 GRANEL,MBBT DECYL GLUCOSIDE MEL
7010535,0226404,0.0005,SUNSAFE P. SOLAR FPS 60 GRANEL,HIDRÓXIDO DE SÓDIO MERCK
7010535,0108092,0.04,SUNSAFE P. SOLAR FPS 60 GRANEL,ALCOOL HIDRATADO DE CEREAIS
7010536,0226409,0.001,SUNSAFE COLOR  PS FPS30 GRANEL,ALPHA TOCOPHERYLE ACETATE Z
7010536,0108057,0.03,SUNSAFE COLOR  PS FPS30 GRANEL,ETHYLHEXYLOXYPHENOL(BIS)METHO
7010536,P0000443,0.02,SUNSAFE COLOR  PS FPS30 GRANEL,BUTYL METHOXY DIBENZOYLMETHANE
7010536,0237387,0.005,SUNSAFE COLOR  PS FPS30 GRANEL,ALCOOL ESTEARILICO
7010536,0226364,0.004,SUNSAFE COLOR  PS FPS30 GRANEL,BEHENATE DIGLYCERYL BEHE MEL
7010536,0108141,0.02,SUNSAFE COLOR  PS FPS30 GRANEL,STEARATE GLY PEG100ST
7010536,0108042,0.01,SUNSAFE COLOR  PS FPS30 GRANEL,CETYL PHOSPHATE POTASSIUM
7010536,0237388,0.08,SUNSAFE COLOR  PS FPS30 GRANEL,DICAPRYLYL CARBONATE
7010536,0226362,0.06,SUNSAFE COLOR  PS FPS30 GRANEL,ADIPATE DIISOPROPYL
7010536,0226359,0.09,SUNSAFE COLOR  PS FPS30 GRANEL,TEGOSOFT TN
7010536,0226367,0.02,SUNSAFE COLOR  PS FPS30 GRANEL,GLICERIDES PALM KERNEL HYDROG
7010536,0108008,0.001,SUNSAFE COLOR  PS FPS30 GRANEL,ACIDO BENZOICO
7010536,P0000181,0.003,SUNSAFE COLOR  PS FPS30 GRANEL,CAPRYL GLYCOL
7010536,P0000598,0.001,SUNSAFE COLOR  PS FPS30 GRANEL,ACRYLATE C10 C30 ALKYL CRPM 21
7010536,0108029,0.002,SUNSAFE COLOR  PS FPS30 GRANEL,XANTHANE GOMME
7010536,0108015,0.001,SUNSAFE COLOR  PS FPS30 GRANEL,TRILON BD
7010536,0108032,0.03,SUNSAFE COLOR  PS FPS30 GRANEL,DRY FLO PC
7010536,P0000600,0.05,SUNSAFE COLOR  PS FPS30 GRANEL,SILICA (LIBELLÉ CHIMIQUE) 692847
7010536,0226358,0.03,SUNSAFE COLOR  PS FPS30 GRANEL,UVASORB HBE
7010536,0237386,0.08,SUNSAFE COLOR  PS FPS30 GRANEL,MBBT DECYL GLUCOSIDE MEL
7010536,0226404,0.00014,SUNSAFE COLOR  PS FPS30 GRANEL,HIDRÓXIDO DE SÓDIO MERCK
7010536,P0000601,0.035,SUNSAFE COLOR  PS FPS30 GRANEL,PIGMENTO BROYAT HYDROPHIL 692884
7010536,0108092,0.04,SUNSAFE COLOR  PS FPS30 GRANEL,ALCOOL HIDRATADO DE CEREAIS
7010537,0226409,0.001,SUNSAFE P. SOLAR FPS30 GRANEL,ALPHA TOCOPHERYLE ACETATE Z
7010537,0108057,0.03,SUNSAFE P. SOLAR FPS30 GRANEL,ETHYLHEXYLOXYPHENOL(BIS)METHO
7010537,P0000443,0.02,SUNSAFE P. SOLAR FPS30 GRANEL,BUTYL METHOXY DIBENZOYLMETHANE
7010537,0237387,0.005,SUNSAFE P. SOLAR FPS30 GRANEL,ALCOOL ESTEARILICO
7010537,0226364,0.004,SUNSAFE P. SOLAR FPS30 GRANEL,BEHENATE DIGLYCERYL BEHE MEL
7010537,0108141,0.02,SUNSAFE P. SOLAR FPS30 GRANEL,STEARATE GLY PEG100ST
7010537,0108042,0.01,SUNSAFE P. SOLAR FPS30 GRANEL,CETYL PHOSPHATE POTASSIUM
7010537,0237388,0.08,SUNSAFE P. SOLAR FPS30 GRANEL,DICAPRYLYL CARBONATE
7010537,0226362,0.06,SUNSAFE P. SOLAR FPS30 GRANEL,ADIPATE DIISOPROPYL
7010537,0226359,0.09,SUNSAFE P. SOLAR FPS30 GRANEL,TEGOSOFT TN
7010537,0226367,0.02,SUNSAFE P. SOLAR FPS30 GRANEL,GLICERIDES PALM KERNEL HYDROG
7010537,0108008,0.001,SUNSAFE P. SOLAR FPS30 GRANEL,ACIDO BENZOICO
7010537,P0000181,0.003,SUNSAFE P. SOLAR FPS30 GRANEL,CAPRYL GLYCOL
7010537,P0000598,0.001,SUNSAFE P. SOLAR FPS30 GRANEL,ACRYLATE C10 C30 ALKYL CRPM 21
7010537,0108029,0.002,SUNSAFE P. SOLAR FPS30 GRANEL,XANTHANE GOMME
7010537,0108015,0.001,SUNSAFE P. SOLAR FPS30 GRANEL,TRILON BD
7010537,0108032,0.03,SUNSAFE P. SOLAR FPS30 GRANEL,DRY FLO PC
7010537,P0000600,0.05,SUNSAFE P. SOLAR FPS30 GRANEL,SILICA (LIBELLÉ CHIMIQUE) 692847
7010537,0226358,0.03,SUNSAFE P. SOLAR FPS30 GRANEL,UVASORB HBE
7010537,0237386,0.08,SUNSAFE P. SOLAR FPS30 GRANEL,MBBT DECYL GLUCOSIDE MEL
7010537,0226404,0.0005,SUNSAFE P. SOLAR FPS30 GRANEL,HIDRÓXIDO DE SÓDIO MERCK
7010537,0108092,0.04,SUNSAFE P. SOLAR FPS30 GRANEL,ALCOOL HIDRATADO DE CEREAIS
7010543,0108077,0.05,GRANEL ACTINE TRAT ANTIACNE,GLICERINA PURA OLEON
7010543,0226373,0.05,GRANEL ACTINE TRAT ANTIACNE,NICOTINAMIDA
7010543,0237350,0.03,GRANEL ACTINE TRAT ANTIACNE,MELAVOIDE
7010543,0226370,0.03,GRANEL ACTINE TRAT ANTIACNE,ACNEOL SR
7010543,0226372,0.0485,GRANEL ACTINE TRAT ANTIACNE,BIOGENIC SA 200
7010543,0226368,0.005,GRANEL ACTINE TRAT ANTIACNE,LIPOSSOMAS DE RESVERATRIOL
7010543,0209458,0.01,GRANEL ACTINE TRAT ANTIACNE,CLORETO DE SODIO P/ COSMETICO
7010543,0108015,0.002,GRANEL ACTINE TRAT ANTIACNE,TRILON BD
7010543,0235515,0.1,GRANEL ACTINE TRAT ANTIACNE,SILICONE DC5225C
7010543,0235516,0.07,GRANEL ACTINE TRAT ANTIACNE,SILICONE DC9040
7010543,0239517,0.08,GRANEL ACTINE TRAT ANTIACNE,SILICONE DC245
7010543,0237398,0.005,GRANEL ACTINE TRAT ANTIACNE,EUXYL PE 9010
7010543,P0000278,0.011,GRANEL ACTINE TRAT ANTIACNE,Herbal Control 22.
7010543,0226371,0.03,GRANEL ACTINE TRAT ANTIACNE,SUNSIL 150H
7010543,0226369,0.01,GRANEL ACTINE TRAT ANTIACNE,ORGASOL CARESSE
7010544,0108156,0.1,ACTINE FREE SAB LIQUIDO,SARCOSINATE LAUROYL NA LS30
7010544,0108008,0.0015,ACTINE FREE SAB LIQUIDO,ACIDO BENZOICO
7010544,0108157,0.001,ACTINE FREE SAB LIQUIDO,HUILE PEPINS COURGE ENRICHIE
7010544,0237369,0.01,ACTINE FREE SAB LIQUIDO,METHYL GLUCETH 20
7010544,0108077,0.03,ACTINE FREE SAB LIQUIDO,GLICERINA PURA OLEON
7010544,0108155,0.05,ACTINE FREE SAB LIQUIDO,SORBATE POLY 20
7010544,0108088,0.005,ACTINE FREE SAB LIQUIDO,LACTIQUE ACIDE
7010544,0108014,0.0005,ACTINE FREE SAB LIQUIDO,BROMURE DE CETRIMONIUM
7010544,0108035,0.003,ACTINE FREE SAB LIQUIDO,GLUCONATO DE ZINCO
7010544,0213013,0.002,ACTINE FREE SAB LIQUIDO,EDTA DISSODICO
7010544,0226402,0.0035,ACTINE FREE SAB LIQUIDO,2 PHENOXYETHANOL
7010544,0214820,0.01,ACTINE FREE SAB LIQUIDO,EXTRATO GLIC ALOE VERA
7010544,0223043,0.002,ACTINE FREE SAB LIQUIDO,LACTATO DE MENTILA
7010544,0108063,0.015,ACTINE FREE SAB LIQUIDO,PARF U210162 NATURE GN FREE
7010544,P0000267,0.1,ACTINE FREE SAB LIQUIDO,MIRANOL C2M CONC ( COCOAMPHODIACETADE 2NA 38-40%)
7010544,P0000268,0.035,ACTINE FREE SAB LIQUIDO,ELFACOC GT 282 ( CETEARETH-60 MYRISTYL GLYCOL)
7010544,P0000269,0.1,ACTINE FREE SAB LIQUIDO,DECYL GLUCOSIDE
7010544,P0000270,1,ACTINE FREE SAB LIQUIDO,INDUSTRIALIZAÇÃO ACTINE FREE SAB LIQUIDO
9190400,P0000735,1.05197294498667,ACTINE SAB. LIQUIDO 60 ML BG18,BISNAGA ACTINE SAB LIQ 60ML SLEEVE '
9190400,1611508,0.0657428011192139,ACTINE SAB. LIQUIDO 60 ML BG18,CAIXA PAP 036
9190400,P0001035,0.0673180726607768,ACTINE SAB. LIQUIDO 60 ML BG18,GRANEL ACTINE SAB LIQUIDO
9190408,P0001035,0.155607048278672,ACTINE SAB. LIQUIDO 140mL BG18,GRANEL ACTINE SAB LIQUIDO
9190408,1716349,1.05199633326543,ACTINE SAB. LIQUIDO 140mL BG18,FRASCO PET LARANJA 140ML
9190408,1822115,1.11509472397637,ACTINE SAB. LIQUIDO 140mL BG18,ROT ACTINE SAB. LIQUIDO FRENTE
9190408,1822117,1.11509472397637,ACTINE SAB. LIQUIDO 140mL BG18,ROT ACTINE SAB. LIQUIDO VERSO
9190408,P0000271,1.05199633326543,ACTINE SAB. LIQUIDO 140mL BG18,VALVULA PRECISÃO DO BRASIL (24/410 SOFT BRANCA)
9190408,1014693,1.11509472397637,ACTINE SAB. LIQUIDO 140mL BG18,SLEEVE 52mm BOBINA
9190408,1611503,0.0657465878997759,ACTINE SAB. LIQUIDO 140mL BG18,CAIXA 033
9190410,P0001035,0.2659500391679,ACTINE SAB. LIQUIDO 240 ML 3 TON,GRANEL ACTINE SAB LIQUIDO
9190410,P0000763,1.05196274697537,ACTINE SAB. LIQUIDO 240 ML 3 TON,VALVULA PRECISÃO DO BRASIL (SOFT BRANCA) 24/410 - 240ML
9190410,1716350,1.05196274697537,ACTINE SAB. LIQUIDO 240 ML 3 TON,FRASCO PET LARANJA 240ML
9190410,1822110,1.11506658542954,ACTINE SAB. LIQUIDO 240 ML 3 TON,ROT ACTINE SAB LIQ 240ML FRENT
9190410,1822111,1.11506658542954,ACTINE SAB. LIQUIDO 240 ML 3 TON,ROT ACTINE SAB LIQ 240ML VERSO
9190410,1014693,1.11506658542954,ACTINE SAB. LIQUIDO 240 ML 3 TON,SLEEVE 52mm BOBINA
9190410,1611505,0.0657150317695187,ACTINE SAB. LIQUIDO 240 ML 3 TON,CAIXA P/ FRASCO DE 240 ML
9190416,P0000714,0.0653569344485509,ACTINE ESFOLIANTE FACIAL 60G,GRANEL ACTINE ESFOLIANTE  1TON
9190416,P0001068,1.06289308176101,ACTINE ESFOLIANTE FACIAL 60G,BISNAGA ACTINE ESFOLIANTE  60G SLEEVE
9190416,1611508,0.066459184335084,ACTINE ESFOLIANTE FACIAL 60G,CAIXA PAP 036
9190418,P0001048,0.0666622577871834,ACTINE PROTETOR SOLAR FPS 30,GRANEL ACTINE PROTETOR SOLAR FPS30
9190418,P0000734,1.06289266582898,ACTINE PROTETOR SOLAR FPS 30,BISNAGA ACTINE SOLAR FPS30  60ML SLEEVE
9190418,1508030,1.06289266582898,ACTINE PROTETOR SOLAR FPS 30,CART ACTINE PROTETOR SOLAR
9190418,1617532,0.0664638582104358,ACTINE PROTETOR SOLAR FPS 30,CAIXA 031
9190419,0225047,0.0738247213779129,ACTINE SABONETE BARRA 80G,MASSA 100% VEGETAL P/ SABONETE
9190419,0209664,0.00564481111593574,ACTINE SABONETE BARRA 80G,COMPOSTO HIDRATANTE S820A1DV
9190419,0202647,0.000940801852655956,ACTINE SABONETE BARRA 80G,ASTROCARYUM MURUMURU SODIO
9190419,0228394,9.40801852655956E-05,ACTINE SABONETE BARRA 80G,PIRROLIDONA CARBOX. DE ZINCO
9190419,0200321,0.000122304240845274,ACTINE SABONETE BARRA 80G,ACIDO ETIDRONICO
9190419,0200371,0.00188160370531191,ACTINE SABONETE BARRA 80G,ACIDO SALICILICO 00340
9190419,0213500,0.00940801852655956,ACTINE SABONETE BARRA 80G,ENXOFRE
9190419,0214243,0.00122304240845274,ACTINE SABONETE BARRA 80G,ESSENCIA ACTINE
9190419,0214820,0.000940801852655956,ACTINE SABONETE BARRA 80G,EXTRATO GLIC ALOE VERA
9190419,1014690,0.000542770299609205,ACTINE SABONETE BARRA 80G,FILME POLIPROPILENO BOPP
9190419,P0000939,1.02040816326531,ACTINE SABONETE BARRA 80G,CARTUCHO ACTINE  SABONETE BARRA 80G P DW
9190419,1614528,0.0283326096396005,ACTINE SABONETE BARRA 80G,CAIXA 087
9190424,0108035,8.97955424571744E-05,SUAVIE SAB BARRA NF,GLUCONATO DE ZINCO
9190424,0108055,8.97955424571744E-05,SUAVIE SAB BARRA NF,BISABOLOL(ALPHA)SYNTH
9190424,0108067,0.000448977712285872,SUAVIE SAB BARRA NF,HUILE JOJOBA
9190424,0108082,0.000224488856142936,SUAVIE SAB BARRA NF,KARITE BEURRE SB45
9190424,0108112,0.000897955424571744,SUAVIE SAB BARRA NF,PARFUM ADELINE 84A
9190424,0209664,0.00538773254743047,SUAVIE SAB BARRA NF,COMPOSTO HIDRATANTE S820A1DV
9190424,0225047,0.0826567968318291,SUAVIE SAB BARRA NF,MASSA 100% VEGETAL P/ SABONETE
9190424,1014690,0.000506538957450728,SUAVIE SAB BARRA NF,FILME POLIPROPILENO BOPP
9190424,P0001049,1.02039970528642,SUAVIE SAB BARRA NF,CARTUCHO SUAVIE SABONETE BARRA 80G DW
9190424,1614528,0.0283661816172407,SUAVIE SAB BARRA NF,CAIXA 087
9190426,P0001060,0.212630480167015,ACTINE LOC. ADSTRINGENTE 190ML,GRANEL ACTINE LOÇÃO ADSTRINGENTE
9190426,1716363,1.05198329853862,ACTINE LOC. ADSTRINGENTE 190ML,FRASCO ACTINE LOCAO ADSTR.
9190426,1036104,1.05198329853862,ACTINE LOC. ADSTRINGENTE 190ML,TAMPA ACTINE LOCAO ADSTR.
9190426,1617534,0.0657620041753653,ACTINE LOC. ADSTRINGENTE 190ML,CAIXA 040
9190430,1822195,1.06006768189509,ACTINE FREE SAB LIQUIDO 140 ML,ROTULO ACTINE FREE SAB LIQ
9190430,1822196,1.06006768189509,ACTINE FREE SAB LIQUIDO 140 ML,CONTRARROTULO ACTINE FREE SAB
9190430,1716359,1.01001128031585,ACTINE FREE SAB LIQUIDO 140 ML,FRASCO ACTINE FREE 1400ML
9190430,1014693,1.06006768189509,ACTINE FREE SAB LIQUIDO 140 ML,SLEEVE 52mm BOBINA
9190430,1611503,0.0624647490129724,ACTINE FREE SAB LIQUIDO 140 ML,CAIXA 033
9190430,7010544,0.148054145516074,ACTINE FREE SAB LIQUIDO 140 ML,GRANEL ACTINE FREE SAB LIQ
9190430,P0000271,0.980400451212634,ACTINE FREE SAB LIQUIDO 140 ML,VALVULA PRECISÃO DO BRASIL (24/410 SOFT BRANCA)
9190431,1508046,1.03027196938636,ACTINE FREE BARRA OR,CARTUCHO ACTINE FREE 80G
9190431,1614528,0.0278119447861145,ACTINE FREE BARRA OR,CAIXA 087
9190431,1014690,0.00048380483804838,ACTINE FREE BARRA OR,FILME POLIPROPILENO BOPP
9190431,0225047,0.0715621156211562,ACTINE FREE BARRA OR,MASSA 100% VEGETAL P/ SABONETE
9190431,0209664,0.00492004920049201,ACTINE FREE BARRA OR,COMPOSTO HIDRATANTE S820A1DV
9190431,0202647,0.000820008200082001,ACTINE FREE BARRA OR,ASTROCARYUM MURUMURU SODIO
9190431,0228394,8.20008200082001E-05,ACTINE FREE BARRA OR,PIRROLIDONA CARBOX. DE ZINCO
9190431,0200321,0.00010660106601066,ACTINE FREE BARRA OR,ACIDO ETIDRONICO
9190431,0200371,0.001640016400164,ACTINE FREE BARRA OR,ACIDO SALICILICO 00340
9190431,0237384,0.000820008200082001,ACTINE FREE BARRA OR,NANO MELALEUCA
9190431,0108063,0.001230012300123,ACTINE FREE BARRA OR,PARF U210162 NATURE GN FREE
9190431,0214820,0.000820008200082001,ACTINE FREE BARRA OR,EXTRATO GLIC ALOE VERA
9190432,7010543,0.0347009111939946,ACTINE T. CUIDADO ANTIACNE 30G BG18,GRANEL ACTINE TRAT ANTIACNE
9190432,1718378,1.06609697370285,ACTINE T. CUIDADO ANTIACNE 30G BG18,BISNAGA ACTINE TRAT 30G
9190432,P0000573,0.0668051555639488,ACTINE T. CUIDADO ANTIACNE 30G BG18,CAIXA 500
9190432,P0000940,1.06609697370285,ACTINE T. CUIDADO ANTIACNE 30G BG18,CARTUCHO ACTINE  TRAT GEL ANTIACNE 30G P DW
9192733,P0001062,0.158628387498702,DOCTAR SHAMPOO 140ML BG18,GRANEL DOCTAR SHAMPOO
9192733,1716352,1.05196760461011,DOCTAR SHAMPOO 140ML BG18,FRASCO PET AMBAR DOCTAR 140ML
9192733,1036097,1.05196760461011,DOCTAR SHAMPOO 140ML BG18,TAMPA FLIP TOP BRANCA DOCTAR
9192733,1831226,1.11509708233828,DOCTAR SHAMPOO 140ML BG18,ROT DOCTAR SHAMPOO FRENTE
9192733,1831228,1.11509708233828,DOCTAR SHAMPOO 140ML BG18,ROT DOCTAR SHAMPOO VERSO
9192733,1014693,1.11509708233828,DOCTAR SHAMPOO 140ML BG18,SLEEVE 52mm BOBINA
9192733,1611681,0.0657252621742291,DOCTAR SHAMPOO 140ML BG18,CAIXA  140ml SHAMPOO
9192735,P0001061,0.104694640631491,DOCTAR CREME 100ML,GRANEL DOCTAR CREME
9192735,1718224,1.14250103863731,DOCTAR CREME 100ML,BISNAGA DOCTAR CREME 100ML
9192735,1508029,1.06294142085584,DOCTAR CREME 100ML,CARTUCHO DOCTAR CREME 100ML
9192735,1611505,0.0714582467802243,DOCTAR CREME 100ML,CAIXA P/ FRASCO DE 240 ML
9193004,7010518,0.066611685592844,AV CLEANANCE GEL 60ML,CLEANANCE GEL GRANEL N.FORMULA
9193004,1718368,1.02998583180021,AV CLEANANCE GEL 60ML,BISNAGA CLEANANCE 60ML
9193004,P0000446,0.083338619975047,AV CLEANANCE GEL 60ML,CAIXA AV 060
9193005,0225047,0.086036688517657,AV CLEANANCE SAB BARRA 80G - 05 BG19,MASSA 100% VEGETAL P/ SABONETE
9193005,0100301,0.000446711778388666,AV CLEANANCE SAB BARRA 80G - 05 BG19,LAURATE GLYCERIL
9193005,0200371,0.000893423556777331,AV CLEANANCE SAB BARRA 80G - 05 BG19,ACIDO SALICILICO 00340
9193005,0108014,8.93423556777331E-05,AV CLEANANCE SAB BARRA 80G - 05 BG19,BROMURE DE CETRIMONIUM
9193005,0108035,8.93423556777331E-05,AV CLEANANCE SAB BARRA 80G - 05 BG19,GLUCONATO DE ZINCO
9193005,0215150,0.001340135335166,AV CLEANANCE SAB BARRA 80G - 05 BG19,FIRST DAY HYPO 448941
9193005,P0001370,0.000898710086699091,AV CLEANANCE SAB BARRA 80G - 05 BG19,FLOW PACK SABONETE BARRA 80G AV DW DU
9193005,P0000708,1.01004440685134,AV CLEANANCE SAB BARRA 80G - 05 BG19,CARTUCHO CLEANANCE SAB BARRA
9193005,1405989,1,AV CLEANANCE SAB BARRA 80G - 05 BG19,BULA AVENE CLEAANCE BARRA
9193005,P0000313,0.084161556354409,AV CLEANANCE SAB BARRA 80G - 05 BG19,CAIXA AV CLEANANCE SAB BARRA 80G
9195922,P0001046,0.158628387498702,KLINSE SHAMPOO 140ML BG18,GRANEL KLINSE SHAMPOO
9195922,1716353,1.05196760461011,KLINSE SHAMPOO 140ML BG18,FRASCO PET AZUL KLINSE 140ML
9195922,1036099,1.05196760461011,KLINSE SHAMPOO 140ML BG18,TAMPA FLIP TOP AZUL KLINSE
9195922,1833007,1.11509708233828,KLINSE SHAMPOO 140ML BG18,ROT KLINSE SHAMPOO FRENTE
9195922,1833009,1.11509708233828,KLINSE SHAMPOO 140ML BG18,ROT KLINSE SHAMPOO VERSO
9195922,1014693,1.11509708233828,KLINSE SHAMPOO 140ML BG18,SLEEVE 52mm BOBINA
9195922,1611681,0.0657252621742291,KLINSE SHAMPOO 140ML BG18,CAIXA  140ml SHAMPOO
9195925,P0001070,0.154857837920024,KLINSE SHAMPOO NEUTRO 140ML,GRANEL KLINSE SHAMPOO NEUTRO
9195925,1716351,1.05199939181998,KLINSE SHAMPOO NEUTRO 140ML,FRASCO PET BRANCO 140ML
9195925,1036099,1.05199939181998,KLINSE SHAMPOO NEUTRO 140ML,TAMPA FLIP TOP AZUL KLINSE
9195925,1014693,1.11509806902843,KLINSE SHAMPOO NEUTRO 140ML,SLEEVE 52mm BOBINA
9195925,1833010,1.11509806902843,KLINSE SHAMPOO NEUTRO 140ML,ROT KLINSE SHAMPOO NEUTRO FR
9195925,1833011,1.11509806902843,KLINSE SHAMPOO NEUTRO 140ML,ROT KLINSE SHAMPOO NEUTRO VER
9195925,1611681,0.0656834422989205,KLINSE SHAMPOO NEUTRO 140ML,CAIXA  140ml SHAMPOO
9197755,0225047,0.0775375582800898,SOAPELLE SAB BARRA NF 80G OR,MASSA 100% VEGETAL P/ SABONETE
9197755,0138041,0.00134691763080642,SOAPELLE SAB BARRA NF 80G OR,TRICLOROCARBANILIDA - TCC
9197755,0209664,0.00538767052322569,SOAPELLE SAB BARRA NF 80G OR,COMPOSTO HIDRATANTE S820A1DV
9197755,0214337,0.00175099292004835,SOAPELLE SAB BARRA NF 80G OR,ESSENCIA SOAPELLE
9197755,0214820,0.000897945087204282,SOAPELLE SAB BARRA NF 80G OR,EXTRATO GLIC ALOE VERA
9197755,0221316,0.000897945087204282,SOAPELLE SAB BARRA NF 80G OR,IRGASAN DP- 300
9197755,0202647,0.00179589017440856,SOAPELLE SAB BARRA NF 80G OR,ASTROCARYUM MURUMURU SODIO
9197755,0228389,0.000179589017440857,SOAPELLE SAB BARRA NF 80G OR,PIRROLIDONA CARBOX. DE SODIO
9197755,1014690,0.000518045242617855,SOAPELLE SAB BARRA NF 80G OR,FILME POLIPROPILENO BOPP
9197755,P0001030,1.02037644620964,SOAPELLE SAB BARRA NF 80G OR,CARTUCHO SOAPELLE  SABONETE BARRA 80G P DW
9197755,1614528,0.0283198065964428,SOAPELLE SAB BARRA NF 80G OR,CAIXA 087
9197779,0225047,0.0740512083300956,SKINSEC SABONETE BARRA 80G NF,MASSA 100% VEGETAL P/ SABONETE
9197779,0209664,0.00363664620405626,SKINSEC SABONETE BARRA 80G NF,COMPOSTO HIDRATANTE S820A1DV
9197779,0202647,0.00181832310202813,SKINSEC SABONETE BARRA 80G NF,ASTROCARYUM MURUMURU SODIO
9197779,0237376,0.000909161551014065,SKINSEC SABONETE BARRA 80G NF,MANTEIGA DE KARITE
9197779,0207291,0.000454580775507032,SKINSEC SABONETE BARRA 80G NF,CITOQUINAS DO LEITE
9197779,0226353,0.000909161551014065,SKINSEC SABONETE BARRA 80G NF,OLEO DE AMENDOAS
9197779,0226406,0.000454580775507032,SKINSEC SABONETE BARRA 80G NF,SQUALENO VEGETAL
9197779,0201738,0.00181832310202813,SKINSEC SABONETE BARRA 80G NF,AMIDO DE MILHO
9197779,0237360,0.000909161551014065,SKINSEC SABONETE BARRA 80G NF,TITANIUM DIOXIDE
9197779,0228969,0.000909161551014065,SKINSEC SABONETE BARRA 80G NF,PVP K-30
9197779,0209627,0.000454580775507032,SKINSEC SABONETE BARRA 80G NF,COCOAMIDOPROPILBETAINA
9197779,0209629,0.000909161551014065,SKINSEC SABONETE BARRA 80G NF,PATIONIC 138C
9197779,0209628,0.00181832310202813,SKINSEC SABONETE BARRA 80G NF,SODIUM COCOYL ISETHIONATE
9197779,0108060,0.000909161551014065,SKINSEC SABONETE BARRA 80G NF,PARF TRENDRESSE U293496
9197779,0206242,4.54580775507032E-05,SKINSEC SABONETE BARRA 80G NF,ANTI-OXIDANTE FENOLICO
9197779,0237375,0.000454580775507032,SKINSEC SABONETE BARRA 80G NF,D PANTENOL
9197779,0237374,0.000454580775507032,SKINSEC SABONETE BARRA 80G NF,CERAMIDAS SH1%
9197779,1014690,0.000543942808299013,SKINSEC SABONETE BARRA 80G NF,FILME POLIPROPILENO BOPP
9197779,1509722,1.02035900225348,SKINSEC SABONETE BARRA 80G NF,CART SKINSEC SAB BARRA 80G NF
9197779,1614528,0.02836273214702,SKINSEC SABONETE BARRA 80G NF,CAIXA 087
9197783,P0001069,0.157103192966219,SKIN SEC SAB. LIQ. 140 ML,GRANEL SKINSEC SAB LIQ
9197783,1716351,1.06830643897854,SKIN SEC SAB. LIQ. 140 ML,FRASCO PET BRANCO 140ML
9197783,P0000271,1.05182785747339,SKIN SEC SAB. LIQ. 140 ML,VALVULA PRECISÃO DO BRASIL (24/410 SOFT BRANCA)
9197783,1822168,1.115070183557,SKIN SEC SAB. LIQ. 140 ML,ROT SKIN SEC SAB. LIQ. FRENTE
9197783,1822169,1.115070183557,SKIN SEC SAB. LIQ. 140 ML,ROT SKIN SEC SAB. LIQ. VERSO
9197783,1014693,1.115070183557,SKIN SEC SAB. LIQ. 140 ML,SLEEVE 52mm BOBINA
9197783,1611503,0.0657103192966219,SKIN SEC SAB. LIQ. 140 ML,CAIXA 033
9197879,7010452,0.250283058220607,SKIN SEC LOÇAO HIDRAT. GRANEL
9197879,1037180,1,VALV. ARC8 PLP24/410 BCA 240ML
9197879,1822166,1.06000834276861,RÓTULO SKIN SEC LOÇAO HIDRATAN
9197879,1822167,1.06000834276861,CONTRA RÓTULO SKIN SEC LOÇAO
9197879,1716354,1,FRASCO PET BRANCO 240ML
9197879,1014693,1.02002264465765,SLEEVE 52mm BOBINA
9197879,1611505,0.0625111733508134,CAIXA P/ FRASCO DE 240 ML
9197880,7010452,0.063,SKIN SEC LOÇÃO HIDR CORP 60ML,SKIN SEC LOÇAO HIDRAT. GRANEL
9197880,1036096,1.04533333333333,SKIN SEC LOÇÃO HIDR CORP 60ML,TAMPA FLIP TOP BRANCA
9197880,1822172,1.09093333333333,SKIN SEC LOÇÃO HIDR CORP 60ML,RÓTULO SKIN SEC LOÇAO HIDRATAN
9197880,1822173,1.09093333333333,SKIN SEC LOÇÃO HIDR CORP 60ML,CONTRA RÓTULO SKIN SEC LOÇÃO
9197880,1716330,1.04533333333333,SKIN SEC LOÇÃO HIDR CORP 60ML,FRS PET BRANCO OPACO 60ML
9197880,P0000261,1,SKIN SEC LOÇÃO HIDR CORP 60ML,INDUST. SKIN SEC LOÇÃO 60 ML
9197882,P0001037,0.155607048278672,SUAVIE SAB. LIQUIDO 140ML BG18,GRANEL SUAVIE SAB LIQUIDO
9197882,1716351,1.05199633326543,SUAVIE SAB. LIQUIDO 140ML BG18,FRASCO PET BRANCO 140ML
9197882,P0000271,1.05199633326543,SUAVIE SAB. LIQUIDO 140ML BG18,VALVULA PRECISÃO DO BRASIL (24/410 SOFT BRANCA)
9197882,P0001232,1.11509472397637,SUAVIE SAB. LIQUIDO 140ML BG18,ROTULO SUAVIE SAB LIQ 140ML P DW
9197882,P0001233,1.11509472397637,SUAVIE SAB. LIQUIDO 140ML BG18,CONTRA ROTULO SUAVIE SAB LIQ 140ML P DW
9197882,1014693,1.11509472397637,SUAVIE SAB. LIQUIDO 140ML BG18,SLEEVE 52mm BOBINA
9197882,1611503,0.0657465878997759,SUAVIE SAB. LIQUIDO 140ML BG18,CAIXA 033
9197883,P0001037,0.0673165895571712,SUAVIE SAB. LIQUIDO 60ML,GRANEL SUAVIE SAB LIQUIDO
9197883,P0001234,1.05194976867151,SUAVIE SAB. LIQUIDO 60ML,BISNAGA SUAVIE SAB LIQ  60ML P DW
9197883,1611508,0.0657633840052875,SUAVIE SAB. LIQUIDO 60ML,CAIXA PAP 036
9197885,1716354,1,SKINSEC LOC HIDRAT S/PER 240ML,FRASCO PET BRANCO 240ML
9197885,1037180,1,SKINSEC LOC HIDRAT S/PER 240ML,VALV. ARC8 PLP24/410 BCA 240ML
9197885,1822193,1.06000834276861,SKINSEC LOC HIDRAT S/PER 240ML,ROTULO SKINSEC LOC SEM PERFUME
9197885,1822194,1.06000834276861,SKINSEC LOC HIDRAT S/PER 240ML,C ROTULO SKINSEC LOC S/PERFUME
9197885,1611505,0.0625111733508134,SKINSEC LOC HIDRAT S/PER 240ML,CAIXA P/ FRASCO DE 240 ML
9197885,1014693,1.02002264465765,SKINSEC LOC HIDRAT S/PER 240ML,SLEEVE 52mm BOBINA
9197885,7010453,0.250283058220607,SKINSEC LOC HIDRAT S/PER 240ML,SKINSEC LOC SEM PERFUME GRANEL
9199201,1718375,1.05002987669075,DW SUNSAFE PROTETOR SOLAR FPS 30 - 50mL BG19,BISNAGA SUNSAFE FPS30
9199201,1508037,1.00499755554348,DW SUNSAFE PROTETOR SOLAR FPS 30 - 50mL BG19,CART SUNSAFE FPS30
9199201,1617532,0.0625237655494595,DW SUNSAFE PROTETOR SOLAR FPS 30 - 50mL BG19,CAIXA 031
9199201,7010537,0.0553261991417242,DW SUNSAFE PROTETOR SOLAR FPS 30 - 50mL BG19,SUNSAFE P. SOLAR FPS30 GRANEL
9199202,1718374,1.05557716889902,DW SUNSAFE COLOR PROTETOR SOLAR FPS 60 – 50mL - 05 BG19,BISNAGA SUNSAFE FPS60 COLOR
9199202,1508034,1.00500194520091,DW SUNSAFE COLOR PROTETOR SOLAR FPS 60 – 50mL - 05 BG19,CART SUNSAFE FPS60 COLOR
9199202,1617532,0.0625243150113933,DW SUNSAFE COLOR PROTETOR SOLAR FPS 60 – 50mL - 05 BG19,CAIXA 031
9199202,7010534,0.0566053465236481,DW SUNSAFE COLOR PROTETOR SOLAR FPS 60 – 50mL - 05 BG19,SUNSAFE COLOR PS FPS60 GRANEL
9199204,1718376,1.04999164019395,DW SUNSAFE COLOR PROTETOR SOLAR FPS30 - 50mL - 05 BG19,BISNAGA SUNSAFE FPS30 COLOR
9199204,1508036,1.00496015159115,DW SUNSAFE COLOR PROTETOR SOLAR FPS30 - 50mL - 05 BG19,CART SUNSAFE FPS30 COLOR
9199204,1617532,0.0624756172323469,DW SUNSAFE COLOR PROTETOR SOLAR FPS30 - 50mL - 05 BG19,CAIXA 031
9199204,7010536,0.0567630830964722,DW SUNSAFE COLOR PROTETOR SOLAR FPS30 - 50mL - 05 BG19,SUNSAFE COLOR PS FPS30 GRANEL
9199206,7010519,0.0551643828196934,AV P. SOLAR COLOR FPS30 50 ML,AVENE SOLAR FPS30 COR GRANEL
9199206,1718372,1.04999187564318,AV P. SOLAR COLOR FPS30 50 ML,BISNAGA AVENE SOLAR FPS 30 TT
9199206,1508040,1.00498293885067,AV P. SOLAR COLOR FPS30 50 ML,CART AV SOLAR TQ FPS30 COLOR
9199206,P0000477,0.0833559009911715,AV P. SOLAR COLOR FPS30 50 ML,CAIXA PAP SOLARES
9199206,1405988,1,AV P. SOLAR COLOR FPS30 50 ML,BULA AVENE SOLAR
9199207,7010521,0.0551643828196934,AV P. SOLAR FPS30 50 ML - 03 - BG19,AVENE SOLAR FPS30 GRANEL
9199207,P0000477,0.0833559009911715,AV P. SOLAR FPS30 50 ML - 03 - BG19,CAIXA PAP SOLARES
9199207,1718369,1.04999187564318,AV P. SOLAR FPS30 50 ML - 03 - BG19,BISNAGA AVENE SOLAR FPS 30
9199207,1508041,0.100471212695662,AV P. SOLAR FPS30 50 ML - 03 - BG19,CART AV SOLAR TQ FPS30
9199207,1405988,1,AV P. SOLAR FPS30 50 ML - 03 - BG19,BULA AVENE SOLAR
9990421,P0001048,0.00579213809192721,ACTINE PROT. SOLAR FPS 30 SACHE,GRANEL ACTINE PROTETOR SOLAR FPS30
9990421,0564154,0.00137908049807791,ACTINE PROT. SOLAR FPS 30 SACHE,ESTRUT. ACTINE PROTETOR SOLAR
9990421,1611661,0.0106304121726839,ACTINE PROT. SOLAR FPS 30 SACHE,CAIXA 054
9990425,0564150,0.0013810009761292,ACTINE ESFOLIANTE FACIAL SACHE BG18,ARTE SACHE ACTINE ESFOLIANTE F
9990425,1611661,0.010626497470938,ACTINE ESFOLIANTE FACIAL SACHE BG18,CAIXA 054
9990425,P0000714,0.00559055816842666,ACTINE ESFOLIANTE FACIAL SACHE BG18,GRANEL ACTINE ESFOLIANTE  1TON
9990426,0225047,0.0156138289934375,ACTINE SABONETE BARRA  AG,MASSA 100% VEGETAL P/ SABONETE
9990426,0209664,0.00119386993705397,ACTINE SABONETE BARRA  AG,COMPOSTO HIDRATANTE S820A1DV
9990426,0202647,0.000198978322842329,ACTINE SABONETE BARRA  AG,ASTROCARYUM MURUMURU SODIO
9990426,0228394,1.98978322842329E-05,ACTINE SABONETE BARRA  AG,PIRROLIDONA CARBOX. DE ZINCO
9990426,0200321,2.58671819695027E-05,ACTINE SABONETE BARRA  AG,ACIDO ETIDRONICO
9990426,0200371,0.000397956645684658,ACTINE SABONETE BARRA  AG,ACIDO SALICILICO 00340
9990426,0213500,0.00198978322842329,ACTINE SABONETE BARRA  AG,ENXOFRE
9990426,0214243,0.000258671819695027,ACTINE SABONETE BARRA  AG,ESSENCIA ACTINE
9990426,0214820,0.000198978322842329,ACTINE SABONETE BARRA  AG,EXTRATO GLIC ALOE VERA
9990426,P0000937,0.000516578338148354,ACTINE SABONETE BARRA  AG,FLOW PACK ACTINE SABONETE BARRA 16G P DW
9990426,1617532,0.0101976390456694,ACTINE SABONETE BARRA  AG,CAIXA 031
9991112,P0001062,0.0115875580231182,DOCTAR SHAMPOO SACHET AG1,GRANEL DOCTAR SHAMPOO
9991112,0564140,0.00136524984072085,DOCTAR SHAMPOO SACHET AG1,ARTE SACHE DOCTAR SHAMPOO 10ML
9991112,1611661,0.0105238008555566,DOCTAR SHAMPOO SACHET AG1,CAIXA 054
9991114,0564155,0.00137700194898737,DOCTAR CREME SACHET BG18,ESTRUTURA DOCTAR CREME 10ML
9991114,1611661,0.0106240996525718,DOCTAR CREME SACHET BG18,CAIXA 054
9991114,P0001061,0.0106770612659944,DOCTAR CREME SACHET BG18,GRANEL DOCTAR CREME
9993004,0225047,0.0190646605549295,AV CLEANANCE SAB BARRA AG 16G - 05 - BG19,MASSA 100% VEGETAL P/ SABONETE
9993004,0100301,9.89857765053452E-05,AV CLEANANCE SAB BARRA AG 16G - 05 - BG19,LAURATE GLYCERIL
9993004,0200371,0.00019797155301069,AV CLEANANCE SAB BARRA AG 16G - 05 - BG19,ACIDO SALICILICO 00340
9993004,0108014,0.000019797155301069,AV CLEANANCE SAB BARRA AG 16G - 05 - BG19,BROMURE DE CETRIMONIUM
9993004,0108035,0.000019797155301069,AV CLEANANCE SAB BARRA AG 16G - 05 - BG19,GLUCONATO DE ZINCO
9993004,0215150,0.000296957329516036,AV CLEANANCE SAB BARRA AG 16G - 05 - BG19,FIRST DAY HYPO 448941
9993004,P0000863,0.00051777175402796,AV CLEANANCE SAB BARRA AG 16G - 05 - BG19,FLOW PACK CLEANANCE  SABONETE BARRA 16G P AV
9993004,P0000955,0.00998994913653946,AV CLEANANCE SAB BARRA AG 16G - 05 - BG19,AV CAIXA SAB BARRA AG AVENE
9995020,P0001035,0.00584894391675376,ACTINE SAB LIQUIDO AG - 5 ML,GRANEL ACTINE SAB LIQUIDO
9995020,0564136,0.00136676352693902,ACTINE SAB LIQUIDO AG - 5 ML,ARTE SACHE ACTINE LÍQUIDO 5ML
9995020,1611661,0.0105206335350937,ACTINE SAB LIQUIDO AG - 5 ML,CAIXA 054
9995024,7010543,0.0055650072345094,ACTINE FREE SAB LIQ SACHE 5ML,GRANEL ACTINE TRAT ANTIACNE
9995024,0564171,0.00136740177762231,ACTINE FREE SAB LIQ SACHE 5ML,ESTRUTURA ACTINE FREE DAB LIQ
9995024,1611661,0.0100011130014469,ACTINE FREE SAB LIQ SACHE 5ML,CAIXA 054
9995026,1014705,0.000419901399671332,ACTINE FREE SAB BARRA,FLOW PACK ACTINE FREE
9995026,1617532,0.00997336657788859,ACTINE FREE SAB BARRA,CAIXA 031
9995026,0225047,0.0148359494531648,ACTINE FREE SAB BARRA,MASSA 100% VEGETAL P/ SABONETE
9995026,0209664,0.00102000340001133,ACTINE FREE SAB BARRA,COMPOSTO HIDRATANTE S820A1DV
9995026,0202647,0.000170000566668556,ACTINE FREE SAB BARRA,ASTROCARYUM MURUMURU SODIO
9995026,0228394,1.70000566668556E-05,ACTINE FREE SAB BARRA,PIRROLIDONA CARBOX. DE ZINCO
9995026,0200321,2.21000736669122E-05,ACTINE FREE SAB BARRA,ACIDO ETIDRONICO
9995026,0200371,0.000340001133337111,ACTINE FREE SAB BARRA,ACIDO SALICILICO 00340
9995026,0237384,0.000170000566668556,ACTINE FREE SAB BARRA,NANO MELALEUCA
9995026,0108063,0.000255000850002833,ACTINE FREE SAB BARRA,PARF U210162 NATURE GN FREE
9995026,0214820,0.000170000566668556,ACTINE FREE SAB BARRA,EXTRATO GLIC ALOE VERA
9995027,7010543,0.00570895957124549,ACTINE T. CUIDADO ANTIACNE 5ML BG18,GRANEL ACTINE TRAT ANTIACNE
9995027,P0001027,0.00144471629966212,ACTINE T. CUIDADO ANTIACNE 5ML BG18,ESTRUTURA ACTINE TRAT GEL ANTIACNE 5G P DW
9995027,1611661,0.00808575090294769,ACTINE T. CUIDADO ANTIACNE 5ML BG18,CAIXA 054
9997253,P0001046,0.0115875580231182,KLINSE SHAMPOO SACHET AG,GRANEL KLINSE SHAMPOO
9997253,0564141,0.00136524984072085,KLINSE SHAMPOO SACHET AG,ARTE SACHE KLINSE SHAMPOO 10ML
9997253,1611661,0.0105238008555566,KLINSE SHAMPOO SACHET AG,CAIXA 054
9997256,P0001070,0.0113116392714349,KLINSE SH. NEUTRO SACHET AG,GRANEL KLINSE SHAMPOO NEUTRO
9997256,0564143,0.00136605952909818,KLINSE SH. NEUTRO SACHET AG,ARTE SACHE KLINSE N SHAMP 10ML
9997256,1611661,0.0105175477565526,KLINSE SH. NEUTRO SACHET AG,CAIXA 054
9997290,P0001042,0.0108646446355817,SKIN SEC LOÇÃO SACHET AG,GRANEL SKIN SEC LOÇÃO COM PERFUME
9997290,0564152,0.00137963741404212,SKIN SEC LOÇÃO SACHET AG,ESTRUTURA SACHE SKINSEC LOÇÃO
9997290,1611661,0.0106275194550432,SKIN SEC LOÇÃO SACHET AG,CAIXA 054
9997291,P0001109,0.0108646446355817,SKINSEC LOC HIDRAT S/PER 10ML,GRANEL SKIN SEC LOÇÃO SEM PERFUME
9997291,0564156,0.00137963741404212,SKINSEC LOC HIDRAT S/PER 10ML,ESTRUTURA SKISEC LOCAO S/PERF.
9997291,1611661,0.0106275194550432,SKINSEC LOC HIDRAT S/PER 10ML,CAIXA 054
9997729,0225047,0.016300970027881,SOAPELLE SAB BARRA NF 16G AG,MASSA 100% VEGETAL P/ SABONETE
9997729,0138041,0.000283166821561338,SOAPELLE SAB BARRA NF 16G AG,TRICLOROCARBANILIDA - TCC
9997729,0209664,0.00113266728624535,SOAPELLE SAB BARRA NF 16G AG,COMPOSTO HIDRATANTE S820A1DV
9997729,0214337,0.00036811686802974,SOAPELLE SAB BARRA NF 16G AG,ESSENCIA SOAPELLE
9997729,0214820,0.000188777881040892,SOAPELLE SAB BARRA NF 16G AG,EXTRATO GLIC ALOE VERA
9997729,0221316,0.000188777881040892,SOAPELLE SAB BARRA NF 16G AG,IRGASAN DP- 300
9997729,0202647,0.000377555762081784,SOAPELLE SAB BARRA NF 16G AG,ASTROCARYUM MURUMURU SODIO
9997729,0228389,3.77555762081784E-05,SOAPELLE SAB BARRA NF 16G AG,PIRROLIDONA CARBOX. DE SODIO
9997729,P0001029,0.000522769516728624,SOAPELLE SAB BARRA NF 16G AG,FLOW PACK SOAPELLE  SABONETE BARRA 16G P DW
9997729,1617532,0.0101940055762082,SOAPELLE SAB BARRA NF 16G AG,CAIXA 031
9997730,P0001036,0.00584894391675376,SOAPELLE SAB LIQ AG 1% - 5 ML,GRANEL SOAPELLE SAB LIQ
9997730,0564139,0.00136676352693902,SOAPELLE SAB LIQ AG 1% - 5 ML,ARTE SACHE SOAPELLE LÍQUID 5ML
9997730,1611661,0.0105206335350937,SOAPELLE SAB LIQ AG 1% - 5 ML,CAIXA 054
9997734,P0001069,0.00590571726777224,SKIN SEC SAB. LIQUIDO AG 5 ML,GRANEL SKINSEC SAB LIQ
9997734,0564138,0.00136843325988635,SKIN SEC SAB. LIQUIDO AG 5 ML,ARTE SACHE SKINSEC LÍQUID 5ML
9997734,1611661,0.0105183810738722,SKIN SEC SAB. LIQUIDO AG 5 ML,CAIXA 054
9997740,0225047,0.0153757351339577,SKIN SEC SABONETE BARRA AG NF,MASSA 100% VEGETAL P/ SABONETE
9997740,0209664,0.000755100559064837,SKIN SEC SABONETE BARRA AG NF,COMPOSTO HIDRATANTE S820A1DV
9997740,0202647,0.000377550279532419,SKIN SEC SABONETE BARRA AG NF,ASTROCARYUM MURUMURU SODIO
9997740,0237376,0.000188775139766209,SKIN SEC SABONETE BARRA AG NF,MANTEIGA DE KARITE
9997740,0207291,9.43875698831046E-05,SKIN SEC SABONETE BARRA AG NF,CITOQUINAS DO LEITE
9997740,0226353,0.000188775139766209,SKIN SEC SABONETE BARRA AG NF,OLEO DE AMENDOAS
9997740,0226406,9.43875698831046E-05,SKIN SEC SABONETE BARRA AG NF,SQUALENO VEGETAL
9997740,0201738,0.000377550279532419,SKIN SEC SABONETE BARRA AG NF,AMIDO DE MILHO
9997740,0237360,0.000188775139766209,SKIN SEC SABONETE BARRA AG NF,TITANIUM DIOXIDE
9997740,0228969,0.000188775139766209,SKIN SEC SABONETE BARRA AG NF,PVP K-30
9997740,0209627,9.43875698831046E-05,SKIN SEC SABONETE BARRA AG NF,COCOAMIDOPROPILBETAINA
9997740,0209629,0.000188775139766209,SKIN SEC SABONETE BARRA AG NF,PATIONIC 138C
9997740,0209628,0.000377550279532419,SKIN SEC SABONETE BARRA AG NF,SODIUM COCOYL ISETHIONATE
9997740,0108060,0.000188775139766209,SKIN SEC SABONETE BARRA AG NF,PARF TRENDRESSE U293496
9997740,0206242,9.43875698831046E-06,SKIN SEC SABONETE BARRA AG NF,ANTI-OXIDANTE FENOLICO
9997740,0237375,9.43875698831046E-05,SKIN SEC SABONETE BARRA AG NF,D PANTENOL
9997740,0237374,9.43875698831046E-05,SKIN SEC SABONETE BARRA AG NF,CERAMIDAS SH1%
9997740,1014702,0.000508240760909025,SKIN SEC SABONETE BARRA AG NF,FLOW PACK SKINSEC BARRA AG NF
9997740,1617532,0.010201118129674,SKIN SEC SABONETE BARRA AG NF,CAIXA 031
9997762,0108035,0.000018673561520151,SUAVIE SABONETE BARRA NF AG,GLUCONATO DE ZINCO
9997762,0108055,0.000018673561520151,SUAVIE SABONETE BARRA NF AG,BISABOLOL(ALPHA)SYNTH
9997762,0108067,9.33678076007552E-05,SUAVIE SABONETE BARRA NF AG,HUILE JOJOBA
9997762,0108082,4.66839038003776E-05,SUAVIE SABONETE BARRA NF AG,KARITE BEURRE SB45
9997762,0108112,0.00018673561520151,SUAVIE SABONETE BARRA NF AG,PARFUM ADELINE 84A
9997762,0209664,0.00112041369120906,SUAVIE SABONETE BARRA NF AG,COMPOSTO HIDRATANTE S820A1DV
9997762,0225047,0.017189013379299,SUAVIE SABONETE BARRA NF AG,MASSA 100% VEGETAL P/ SABONETE
9997762,P0001051,0.000513009931872281,SUAVIE SABONETE BARRA NF AG,FLOW PACK SUAVIE SABONETE BARRA 16G P DW
9997762,1617532,0.0101986374456209,SUAVIE SABONETE BARRA NF AG,CAIXA 031
9997765,P0001037,0.00584894391675376,SUAVIE SAB. LIQ. AG 5 ML,GRANEL SUAVIE SAB LIQUIDO
9997765,P0001235,0.00136676352693902,SUAVIE SAB. LIQ. AG 5 ML,ESTRUTURA SUAVIE SAB LIQ 5ML P DW
9997765,1611661,0.0105206335350937,SUAVIE SAB. LIQ. AG 5 ML,CAIXA 054
9997884,1718366,1.02040173916465,ACTINE LOCAO ADSTRINGENTE AG,FRASCO ACTINE LOCAO ADSTR. AG
9997884,1038261,1.02040173916465,ACTINE LOCAO ADSTRINGENTE AG,TAMPA ACTINE LOCAO ADSTR. AG
9997884,1611661,0.0102008695823251,ACTINE LOCAO ADSTRINGENTE AG,CAIXA 054
9997884,1027095,1,ACTINE LOCAO ADSTRINGENTE AG,INDUST. ACTINE LOCAO ADSTR. AG
9997884,P0001060,0.0100188868559287,ACTINE LOCAO ADSTRINGENTE AG,GRANEL ACTINE LOÇÃO ADSTRINGENTE
9998001,7010535,0.00600225084406653,DW SUNSAFE PROTETOR SOLAR FPS 60 – SACHET 5 mL,SUNSAFE P. SOLAR FPS60 GRANEL
9998001,0564167,0.00138147043236452,DW SUNSAFE PROTETOR SOLAR FPS 60 – SACHET 5 mL,ESTR SACHET SUNSAFE FPS60
9998001,1611661,0.0106289858697011,DW SUNSAFE PROTETOR SOLAR FPS 60 – SACHET 5 mL,CAIXA 054
9998002,7010537,0.00600225084406653,DW SUNSAFE PROTETOR SOLAR FPS 30 -  SACHET 5 mL,SUNSAFE P. SOLAR FPS30 GRANEL
9998002,0564165,0.00138147043236452,DW SUNSAFE PROTETOR SOLAR FPS 30 -  SACHET 5 mL,ESTR SACHET SUNSAFE FPS30
9998002,1611661,0.0106289858697011,DW SUNSAFE PROTETOR SOLAR FPS 30 -  SACHET 5 mL,CAIXA 054
9998003,7010536,0.00600225084406653,DW SUNSAFE COLOR PROTETOR SOLAR FPS30 - SACHET 5 mL,SUNSAFE COLOR PS FPS30 GRANEL
9998003,0564166,0.00138147043236452,DW SUNSAFE COLOR PROTETOR SOLAR FPS30 - SACHET 5 mL,EST SACHET SUNSAFE FPS30 COLOR
9998003,1611661,0.0106289858697011,DW SUNSAFE COLOR PROTETOR SOLAR FPS30 - SACHET 5 mL,CAIXA 054
9998004,7010534,0.00600225084406653,DW SUNSAFE COLOR PROTETOR SOLAR FPS 60 – SACHET 5mL,SUNSAFE COLOR PS FPS60 GRANEL
9998004,0564168,0.00138147043236452,DW SUNSAFE COLOR PROTETOR SOLAR FPS 60 – SACHET 5mL,EST SACHET SUNSAFE FPS60 COLOR
9998004,1611661,0.0106289858697011,DW SUNSAFE COLOR PROTETOR SOLAR FPS 60 – SACHET 5mL,CAIXA 054
9998005,7010521,0.00389298373103561,AV P.SOLAR FPS30 SACHET 3ML,AVENE SOLAR FPS30 GRANEL
9998005,0564164,0.00129766124367854,AV P.SOLAR FPS30 SACHET 3ML,ESTR SACHET AV SOLAR FPS30
9998005,P0000545,0.0100031143869848,AV P.SOLAR FPS30 SACHET 3ML,CAIXA PAP SOLARES  SACHET
9998006,7010519,0.00389298373103561,AV PS COLOR FPS30 SACHET 3ML,AVENE SOLAR FPS30 COR GRANEL
9998006,P0000545,0.0100031143869848,AV PS COLOR FPS30 SACHET 3ML,CAIXA PAP SOLARES  SACHET
9998006,0564163,0.00129766124367854,AV PS COLOR FPS30 SACHET 3ML,ESTR SACHET AV SOLAR FPS30 TT
9998007,7010522,0.00336,AV PROT SOLAR TOQUE SECO FPS70  AG,AVENE SOLAR FPS50 GRANEL
9998007,0564161,0.0013632,AV PROT SOLAR TOQUE SECO FPS70  AG,ESTR SACHET AV SOLAR FPS50
9998007,P0000545,0.02,AV PROT SOLAR TOQUE SECO FPS70  AG,CAIXA PAP SOLARES  SACHET
9998008,7010520,0.00336,AV PROT SOLAR TOQUE SECO FPS70 COLOR AG,AVENE SOLAR FPS50 COR GRANEL
9998008,0564162,0.0013632,AV PROT SOLAR TOQUE SECO FPS70 COLOR AG,ESTR SACHET AV SOLAR FPS50 TT
9998008,P0000545,0.02,AV PROT SOLAR TOQUE SECO FPS70 COLOR AG,CAIXA PAP SOLARES  SACHET
P0000211,P0001048,0.132231404958678,ACTINE PROTETOR SOLAR FPS 30 120 ML,GRANEL ACTINE PROTETOR SOLAR FPS30
P0000211,P0000733,1.06283615374524,ACTINE PROTETOR SOLAR FPS 30 120 ML,BISNAGA ACTINE SOLAR FPS30  120 ML SLEEVE
P0000211,P0000215,0.0663780663780664,ACTINE PROTETOR SOLAR FPS 30 120 ML,CAIXA PAPELAO 120
P0000517,0237426,0.1,PILOTO GRANEL ACTINE CONTROL SAB LIQ,DISODIUM COCOAMPHODIACETATE
P0000517,0237410,0.1,PILOTO GRANEL ACTINE CONTROL SAB LIQ,SODIUM LAUROYL SARCOSINATE
P0000517,0226376,0.035,PILOTO GRANEL ACTINE CONTROL SAB LIQ,CETEARETH 60 MYRISTYL GLYCOL
P0000517,0108008,0.0015,PILOTO GRANEL ACTINE CONTROL SAB LIQ,ACIDO BENZOICO
P0000517,0108157,0.001,PILOTO GRANEL ACTINE CONTROL SAB LIQ,HUILE PEPINS COURGE ENRICHIE
P0000517,0237369,0.01,PILOTO GRANEL ACTINE CONTROL SAB LIQ,METHYL GLUCETH 20
P0000517,0108077,0.03,PILOTO GRANEL ACTINE CONTROL SAB LIQ,GLICERINA PURA OLEON
P0000517,0228985,0.05,PILOTO GRANEL ACTINE CONTROL SAB LIQ,POLYSORBATE 20
P0000517,0210309,0.1,PILOTO GRANEL ACTINE CONTROL SAB LIQ,DECIL GLUCOSIDEO
P0000517,0108088,0.005,PILOTO GRANEL ACTINE CONTROL SAB LIQ,LACTIQUE ACIDE
P0000517,0108014,0.0005,PILOTO GRANEL ACTINE CONTROL SAB LIQ,BROMURE DE CETRIMONIUM
P0000517,0108035,0.003,PILOTO GRANEL ACTINE CONTROL SAB LIQ,GLUCONATO DE ZINCO
P0000517,0108015,0.002,PILOTO GRANEL ACTINE CONTROL SAB LIQ,TRILON BD
P0000517,0226402,0.0035,PILOTO GRANEL ACTINE CONTROL SAB LIQ,2 PHENOXYETHANOL
P0000517,0214820,0.01,PILOTO GRANEL ACTINE CONTROL SAB LIQ,EXTRATO GLIC ALOE VERA
P0000517,0223043,0.002,PILOTO GRANEL ACTINE CONTROL SAB LIQ,LACTATO DE MENTILA
P0000517,0108063,0.005,PILOTO GRANEL ACTINE CONTROL SAB LIQ,PARF U210162 NATURE GN FREE
P0000519,P0000517,0.159531143946118,ACTINE CONTROL SAB LIQ 140ML,GRANEL ACTINE CONTROL SAB LIQ
P0000519,1716359,1.05195008614838,ACTINE CONTROL SAB LIQ 140ML,FRASCO ACTINE FREE 1400ML
P0000519,P0000755,1.11507335665431,ACTINE CONTROL SAB LIQ 140ML,ROTULO ACTINE CONTROL SAB LIQ
P0000519,P0000753,1.11507335665431,ACTINE CONTROL SAB LIQ 140ML,CONTRA RÓTULO ACTINE CONTROL SAB LIQ
P0000519,P0000271,1.05195008614838,ACTINE CONTROL SAB LIQ 140ML,VALVULA PRECISÃO DO BRASIL (24/410 SOFT BRANCA)
P0000519,1014693,1.11507335665431,ACTINE CONTROL SAB LIQ 140ML,SLEEVE 52mm BOBINA
P0000519,1611503,0.0657338275988096,ACTINE CONTROL SAB LIQ 140ML,CAIXA 033
P0000520,P0000517,0.00599657338663621,ACTINE CONTROL SAB LIQ AG 5ML,GRANEL ACTINE CONTROL SAB LIQ
P0000520,P0000816,0.00136593522405459,ACTINE CONTROL SAB LIQ AG 5ML,ESTRUTURA ACTINE CONTROL SAB LIQ
P0000520,1611661,0.010521233816317,ACTINE CONTROL SAB LIQ AG 5ML,CAIXA 054
P0000521,0225047,0.078543,ACTINE CONTROL SAB BARRA 80G,MASSA 100% VEGETAL P/ SABONETE
P0000521,0209664,0.0054,ACTINE CONTROL SAB BARRA 80G,COMPOSTO HIDRATANTE S820A1DV
P0000521,0202647,0.0009,ACTINE CONTROL SAB BARRA 80G,ASTROCARYUM MURUMURU SODIO
P0000521,0228394,0.00009,ACTINE CONTROL SAB BARRA 80G,PIRROLIDONA CARBOX. DE ZINCO
P0000521,0200321,0.000117,ACTINE CONTROL SAB BARRA 80G,ACIDO ETIDRONICO
P0000521,0200371,0.0018,ACTINE CONTROL SAB BARRA 80G,ACIDO SALICILICO 00340
P0000521,0237384,0.0009,ACTINE CONTROL SAB BARRA 80G,NANO MELALEUCA
P0000521,0108063,0.00135,ACTINE CONTROL SAB BARRA 80G,PARF U210162 NATURE GN FREE
P0000521,0214820,0.0009,ACTINE CONTROL SAB BARRA 80G,EXTRATO GLIC ALOE VERA
P0000521,1014690,0.00055,ACTINE CONTROL SAB BARRA 80G,FILME POLIPROPILENO BOPP
P0000521,1614528,0.02835,ACTINE CONTROL SAB BARRA 80G,CAIXA 087
P0000521,P0000751,1.0204,ACTINE CONTROL SAB BARRA 80G,CARTUCHO ACTINE CONTROL SAB BARRA 80G
P0000528,0225047,0.0162964115651551,ACTINE CONTROL SAB BARRA 16G,MASSA 100% VEGETAL P/ SABONETE
P0000528,0209664,0.00112041330802029,ACTINE CONTROL SAB BARRA 16G,COMPOSTO HIDRATANTE S820A1DV
P0000528,0202647,0.000186735551336715,ACTINE CONTROL SAB BARRA 16G,ASTROCARYUM MURUMURU SODIO
P0000528,0228394,1.86735551336715E-05,ACTINE CONTROL SAB BARRA 16G,PIRROLIDONA CARBOX. DE ZINCO
P0000528,0200321,0.000024275621673773,ACTINE CONTROL SAB BARRA 16G,ACIDO ETIDRONICO
P0000528,0200371,0.000373471102673431,ACTINE CONTROL SAB BARRA 16G,ACIDO SALICILICO 00340
P0000528,0237384,0.000186735551336715,ACTINE CONTROL SAB BARRA 16G,NANO MELALEUCA
P0000528,0108063,0.000280103327005073,ACTINE CONTROL SAB BARRA 16G,PARF U210162 NATURE GN FREE
P0000528,0214820,0.000186735551336715,ACTINE CONTROL SAB BARRA 16G,EXTRATO GLIC ALOE VERA
P0000528,P0001263,0.000497961470231241,ACTINE CONTROL SAB BARRA 16G,FLOW PACK ACTINE CONTROL SAB BARRA 16G P DW
P0000528,1617532,0.0102082101397404,ACTINE CONTROL SAB BARRA 16G,CAIXA 031
P0000554,7010538,0.0577022153529109,AV CLEANANCE SOLAR FPS30 50ml,GRANEL CLEANANCE SOLAR FPS 30
P0000554,P0000489,1.06291144312783,AV CLEANANCE SOLAR FPS30 50ml,BISNAGA CLEANANCE SOLAR SPF 30
P0000554,1405988,1.06291144312783,AV CLEANANCE SOLAR FPS30 50ml,BULA AVENE SOLAR
P0000554,P0000474,1.06291144312783,AV CLEANANCE SOLAR FPS30 50ml,CARTUCHO CLEANANCE SOLAR SPF 30
P0000554,P0000477,0.0885568721735646,AV CLEANANCE SOLAR FPS30 50ml,CAIXA PAP SOLARES
P0000555,7010538,0.00389298373103561,AV CLEANANCE SOLAR FPS30 SACHET,GRANEL CLEANANCE SOLAR FPS 30
P0000555,P0001740,0.00129766124367854,AV CLEANANCE SOLAR FPS30 SACHET,SACHE CLEANANCE SOLAR FPS30 3ML PF AV
P0000555,1611661,0.0100031143869848,AV CLEANANCE SOLAR FPS30 SACHET,CAIXA 054
P0000556,7010532,0.00373275182789394,AV CLEANANCE SOLAR FPS50 SACHET - 04 - BG19,GRANEL CLEANANCE SOLAR FPS 50
P0000556,P0001739,0.00135969654211944,AV CLEANANCE SOLAR FPS50 SACHET - 04 - BG19,SACHE CLEANANCE SOLAR FPS50+ 3ML PF AV
P0000556,1611661,0.0100016492276117,AV CLEANANCE SOLAR FPS50 SACHET - 04 - BG19,CAIXA 054
P0000557,7010532,0.0544186792049583,AV CLEANANCE SOLAR FPS50 50ml - 06 BG19,GRANEL CLEANANCE SOLAR FPS 50
P0000557,P0001643,1.00502244069246,AV CLEANANCE SOLAR FPS50 50ml - 06 BG19,CARTUCHO CLEANANCE SOLAR FPS50+ 50ML PF AV
P0000557,1405988,1,AV CLEANANCE SOLAR FPS50 50ml - 06 BG19,BULA AVENE SOLAR
P0000557,P0000477,0.0833511434067108,AV CLEANANCE SOLAR FPS50 50ml - 06 BG19,CAIXA PAP SOLARES
P0000557,P0000490,1.05001068604403,AV CLEANANCE SOLAR FPS50 50ml - 06 BG19,BISNAGA CLEANANCE SOLAR FPS 50
P0000563,P0000596,0.00602699537321567,AV CLEANANCE GEL AG - 03 - BG19,CLEANANCE GEL GRANEL 1T
P0000563,P0000470,0.00135672623120006,AV CLEANANCE GEL AG - 03 - BG19,ESTRUTURA CLEANANCE GEL 5
P0000563,1611661,0.0100015074735902,AV CLEANANCE GEL AG - 03 - BG19,CAIXA 054
P0000564,P0000593,0.0678288672350792,AV CLEANANCE GEL 60ML - 06,CLEANANCE GEL GRANEL 3T
P0000564,P0001646,1.0500043500957,AV CLEANANCE GEL 60ML - 06,BISNAGA CLEANANCE GEL 60ML PF AV
P0000564,P0000446,0.0875021750478511,AV CLEANANCE GEL 60ML - 06,CAIXA AV 060
P0000565,P0000488,1.05001078981442,AV CLEANANCE GEL 150ML - 09,BISNAGA CLEANANCE GEL 150
P0000565,P0000469,0.0875053949072076,AV CLEANANCE GEL 150ML - 09,CAIXA PAP 150
P0000565,P0000593,0.168240181268882,AV CLEANANCE GEL 150ML - 09,CLEANANCE GEL GRANEL 3T
P0000566,P0000593,0.337208044982699,AV CLEANANCE GEL 300ML - 05 - BG19,CLEANANCE GEL GRANEL 3T
P0000566,P0000473,1.00497404844291,AV CLEANANCE GEL 300ML - 05 - BG19,FRASCO CLEANANCE GEL 300
P0000566,1036100,1.00497404844291,AV CLEANANCE GEL 300ML - 05 - BG19,CAPS DUOCAP JANVIER
P0000566,P0000476,0.0833693771626298,AV CLEANANCE GEL 300ML - 05 - BG19,CAIXA PAP 300
P0000568,0108082,0.000430465476668771,CLEANANCE HYDRA SAVON 16G AG - 05 - BG19,KARITE BEURRE SB45
P0000568,P0000458,0.000215232738334386,CLEANANCE HYDRA SAVON 16G AG - 05 - BG19,HUILE AMANDE DOUCE RAFFINEE
P0000568,0237366,2.15232738334386E-05,CLEANANCE HYDRA SAVON 16G AG - 05 - BG19,L - SERINE
P0000568,P0000461,0.0206408196062676,CLEANANCE HYDRA SAVON 16G AG - 05 - BG19,BASE SYNDET MI HS 27/21
P0000568,P0000550,0.000215232738334386,CLEANANCE HYDRA SAVON 16G AG - 05 - BG19,NOYAU ETA GLYCERINE
P0000568,P0000485,0.000516558572002525,CLEANANCE HYDRA SAVON 16G AG - 05 - BG19,FLOW PACK CLEANANCE HYDRA PAIN  SAB BARRA
P0000568,P0000955,0.00998679905871549,CLEANANCE HYDRA SAVON 16G AG - 05 - BG19,AV CAIXA SAB BARRA AG AVENE
P0000593,0108035,0.001,CLEANANCE GEL GRANEL 3T,GLUCONATO DE ZINCO
P0000593,0100301,0.003,CLEANANCE GEL GRANEL 3T,LAURATE GLYCERIL
P0000593,P0000460,0.2,CLEANANCE GEL GRANEL 3T,ZINC COCETH SULFATE
P0000593,0237364,0.08,CLEANANCE GEL GRANEL 3T,NA LAUROYL METHYL ISETHIONATE
P0000593,0237356,0.05,CLEANANCE GEL GRANEL 3T,SODIUM COCOAMPHOACETATE
P0000593,0228985,0.02,CLEANANCE GEL GRANEL 3T,POLYSORBATE 20
P0000593,0226376,0.01,CLEANANCE GEL GRANEL 3T,CETEARETH 60 MYRISTYL GLYCOL
P0000593,0108015,0.009,CLEANANCE GEL GRANEL 3T,TRILON BD
P0000593,P0000457,0.004,CLEANANCE GEL GRANEL 3T,BENZOATE SODIUM
P0000593,0227565,0.01,CLEANANCE GEL GRANEL 3T,OLEO DE RICINO HIDROGENADO
P0000593,P0000466,0.004,CLEANANCE GEL GRANEL 3T,PARF. PF617565 E1302515/01 AV
P0000593,P0001537,0.0000005,CLEANANCE GEL GRANEL 3T,COL JAUNE CI 19410
P0000593,P0001512,0.007,CLEANANCE GEL GRANEL 3T,1707 - ÁCIDO CÍTRICO MONOHIDRATADO
P0000593,0226404,0.003,CLEANANCE GEL GRANEL 3T,HIDRÓXIDO DE SÓDIO MERCK
P0000593,P0000550,0.02,CLEANANCE GEL GRANEL 3T,NOYAU ETA GLYCERINE
P0000593,P0000562,0.000012,CLEANANCE GEL GRANEL 3T,COL VERT TURQUOISE CI 61570
P0000593,0209458,0.004,CLEANANCE GEL GRANEL 3T,CLORETO DE SODIO P/ COSMETICO
P0000596,0108035,0.001,CLEANANCE GEL GRANEL 1T,GLUCONATO DE ZINCO
P0000596,0100301,0.003,CLEANANCE GEL GRANEL 1T,LAURATE GLYCERIL
P0000596,P0000460,0.2,CLEANANCE GEL GRANEL 1T,ZINC COCETH SULFATE
P0000596,0237364,0.08,CLEANANCE GEL GRANEL 1T,NA LAUROYL METHYL ISETHIONATE
P0000596,0237356,0.05,CLEANANCE GEL GRANEL 1T,SODIUM COCOAMPHOACETATE
P0000596,0228985,0.02,CLEANANCE GEL GRANEL 1T,POLYSORBATE 20
P0000596,0226376,0.01,CLEANANCE GEL GRANEL 1T,CETEARETH 60 MYRISTYL GLYCOL
P0000596,0108015,0.009,CLEANANCE GEL GRANEL 1T,TRILON BD
P0000596,P0000457,0.004,CLEANANCE GEL GRANEL 1T,BENZOATE SODIUM
P0000596,0227565,0.01,CLEANANCE GEL GRANEL 1T,OLEO DE RICINO HIDROGENADO
P0000596,P0000466,0.004,CLEANANCE GEL GRANEL 1T,PARF. PF617565 E1302515/01 AV
P0000596,P0001537,0.0000005,CLEANANCE GEL GRANEL 1T,COL JAUNE CI 19410
P0000596,P0001512,0.007,CLEANANCE GEL GRANEL 1T,1707 - ÁCIDO CÍTRICO MONOHIDRATADO
P0000596,0226404,0.003,CLEANANCE GEL GRANEL 1T,HIDRÓXIDO DE SÓDIO MERCK
P0000596,P0000550,0.02,CLEANANCE GEL GRANEL 1T,NOYAU ETA GLYCERINE
P0000596,P0000562,0.000012,CLEANANCE GEL GRANEL 1T,COL VERT TURQUOISE CI 61570
P0000596,0209458,0.004,CLEANANCE GEL GRANEL 1T,CLORETO DE SODIO P/ COSMETICO
P0000615,1611508,0.065752620166245,ACTINE CONTROL SAB LIQ 60ML,CAIXA PAP 036
P0000615,P0000517,0.0690165341525117,ACTINE CONTROL SAB LIQ 60ML,GRANEL ACTINE CONTROL SAB LIQ
P0000615,P0000736,1.05195157209975,ACTINE CONTROL SAB LIQ 60ML,BISNAGA ACTINE CONTROL SAB LIQ 60ML SLEEVE
P0000616,P0001042,0.212017107200449,SKIN SEC LOÇÃO PERFUME SUAVE 200 ML,GRANEL SKIN SEC LOÇÃO COM PERFUME
P0000616,P0000589,1.0628899950922,SKIN SEC LOÇÃO PERFUME SUAVE 200 ML,BISNAGA SKIN SEC LOÇÃO PERFUME SUAVE
P0000616,P0000591,0.0664656804318867,SKIN SEC LOÇÃO PERFUME SUAVE 200 ML,CAIXA PAP 200
P0000617,P0001109,0.212017107200449,SKIN SEC LOÇÃO SEM PERFUME 200 ML,GRANEL SKIN SEC LOÇÃO SEM PERFUME
P0000617,P0000590,1.0628899950922,SKIN SEC LOÇÃO SEM PERFUME 200 ML,BISNAGA SKIN SEC LOÇÃO S/ PARF
P0000617,P0000591,0.0664656804318867,SKIN SEC LOÇÃO SEM PERFUME 200 ML,CAIXA PAP 200
P0000619,P0000586,1.06292850146915,SKIN SEC LOÇÃO SEM PERFUME 350 ml,FRASCO SKIN SEC LOÇÃO
P0000619,P0000587,1.06292850146915,SKIN SEC LOÇÃO SEM PERFUME 350 ml,VALVULA SKIN SEC LOÇÃO
P0000619,P0000592,0.0664789422135162,SKIN SEC LOÇÃO SEM PERFUME 350 ml,CAIXA PAP 400
P0000619,P0001109,0.370225269343781,SKIN SEC LOÇÃO SEM PERFUME 350 ml,GRANEL SKIN SEC LOÇÃO SEM PERFUME
P0000621,0217614,0.01,GRANEL ACTINE PROTETOR SOLAR FPS70,GLICERINA PURA 03473015
P0000621,0237400,0.02,GRANEL ACTINE PROTETOR SOLAR FPS70,NEO HELIOPAN HYDRO
P0000621,0219439,0.002,GRANEL ACTINE PROTETOR SOLAR FPS70,HIDROXIDO DE SODIO
P0000621,0237396,0.03,GRANEL ACTINE PROTETOR SOLAR FPS70,EMULGINVL 75
P0000621,0237395,0.08,GRANEL ACTINE PROTETOR SOLAR FPS70,DUB ININ
P0000621,0237403,0.07,GRANEL ACTINE PROTETOR SOLAR FPS70,UVINUL A PLUS
P0000621,0237394,0.09,GRANEL ACTINE PROTETOR SOLAR FPS70,ETHYLHEXYL METHOXYCINNAMATE
P0000621,0237397,0.05,GRANEL ACTINE PROTETOR SOLAR FPS70,ESCALOL HMS
P0000621,0237389,0.04,GRANEL ACTINE PROTETOR SOLAR FPS70,BISETHYLHEXYLOXYPHENOL METHO.
P0000621,0237405,0.04,GRANEL ACTINE PROTETOR SOLAR FPS70,UVINUL T 150
P0000621,0237404,0.04,GRANEL ACTINE PROTETOR SOLAR FPS70,UVINUL N539T
P0000621,0237402,0.001,GRANEL ACTINE PROTETOR SOLAR FPS70,TINOGARD TS
P0000621,0237393,0.0005,GRANEL ACTINE PROTETOR SOLAR FPS70,BTH
P0000621,0237401,0.003,GRANEL ACTINE PROTETOR SOLAR FPS70,PEMULEN TR2
P0000621,0237386,0.04,GRANEL ACTINE PROTETOR SOLAR FPS70,MBBT DECYL GLUCOSIDE MEL
P0000621,0228394,0.001,GRANEL ACTINE PROTETOR SOLAR FPS70,PIRROLIDONA CARBOX. DE ZINCO
P0000621,0226373,0.01,GRANEL ACTINE PROTETOR SOLAR FPS70,NICOTINAMIDA
P0000621,0237399,0.06,GRANEL ACTINE PROTETOR SOLAR FPS70,MSS 500 3H SILICA
P0000621,0226368,0.002,GRANEL ACTINE PROTETOR SOLAR FPS70,LIPOSSOMAS DE RESVERATRIOL
P0000621,0237398,0.005,GRANEL ACTINE PROTETOR SOLAR FPS70,EUXYL PE 9010
P0000621,0226356,0.03,GRANEL ACTINE PROTETOR SOLAR FPS70,AMIDON MAIS MODIFIE DRY FLO PC
P0000712,0108046,0.002,GRANEL ACTINE PROTETOR SOLAR FPS30 1 TON,SULF CHONDROITINE SOD AVIAIR
P0000712,0108044,0.001,GRANEL ACTINE PROTETOR SOLAR FPS30 1 TON,EXTRAIT LIPIDIQUE DE SOJA
P0000712,0108041,0.001,GRANEL ACTINE PROTETOR SOLAR FPS30 1 TON,SITOSTEROL (BETA) 95%
P0000712,0108006,0.001,GRANEL ACTINE PROTETOR SOLAR FPS30 1 TON,POLOXAMER 188
P0000712,0108049,0.0005,GRANEL ACTINE PROTETOR SOLAR FPS30 1 TON,LECITHINE SOJA
P0000712,0213014,0.005,GRANEL ACTINE PROTETOR SOLAR FPS30 1 TON,CAPRIC CAPRYLIC TRIGLY 30 70
P0000712,0108019,0.003,GRANEL ACTINE PROTETOR SOLAR FPS30 1 TON,GLYCERIDES COCO HYDROGENE
P0000712,0108058,0.001,GRANEL ACTINE PROTETOR SOLAR FPS30 1 TON,TOCOPHERYL GLUCOSIDE 50%
P0000712,0108010,0.085,GRANEL ACTINE PROTETOR SOLAR FPS30 1 TON,METHOXYCINNAMATE(p)ETHYLHEXYL
P0000712,0108057,0.03,GRANEL ACTINE PROTETOR SOLAR FPS30 1 TON,ETHYLHEXYLOXYPHENOL(BIS)METHO
P0000712,0108117,0.04,GRANEL ACTINE PROTETOR SOLAR FPS30 1 TON,OCTOCRILENO
P0000712,0108042,0.018,GRANEL ACTINE PROTETOR SOLAR FPS30 1 TON,CETYL PHOSPHATE POTASSIUM
P0000712,0108020,0.03,GRANEL ACTINE PROTETOR SOLAR FPS30 1 TON,DECAMETIL CICLOPENTASILOXANE
P0000712,0108038,0.005,GRANEL ACTINE PROTETOR SOLAR FPS30 1 TON,CARBOMERE K
P0000712,0108029,0.001,GRANEL ACTINE PROTETOR SOLAR FPS30 1 TON,XANTHANE GOMME
P0000712,0108032,0.02,GRANEL ACTINE PROTETOR SOLAR FPS30 1 TON,DRY FLO PC
P0000712,0108033,0.02,GRANEL ACTINE PROTETOR SOLAR FPS30 1 TON,ACRYLATE(POLYMETHYLMET)
P0000712,0226402,0.0035,GRANEL ACTINE PROTETOR SOLAR FPS30 1 TON,2 PHENOXYETHANOL
P0000712,0108040,0.0025,GRANEL ACTINE PROTETOR SOLAR FPS30 1 TON,CHLORPHENESINE PURIFIEE
P0000712,0108008,0.001,GRANEL ACTINE PROTETOR SOLAR FPS30 1 TON,ACIDO BENZOICO
P0000712,0108015,0.002,GRANEL ACTINE PROTETOR SOLAR FPS30 1 TON,TRILON BD
P0000712,0108077,0.005,GRANEL ACTINE PROTETOR SOLAR FPS30 1 TON,GLICERINA PURA OLEON
P0000712,0226404,0.002,GRANEL ACTINE PROTETOR SOLAR FPS30 1 TON,HIDRÓXIDO DE SÓDIO MERCK
P0000712,0226410,0.005,GRANEL ACTINE PROTETOR SOLAR FPS30 1 TON,PCA DE ZINCO SOLABIA
P0000713,0226402,0.005,PILOTO GRANEL SKIN SEC LOÇÃO HIDRATANTE,2 PHENOXYETHANOL
P0000713,0226405,0.003,PILOTO GRANEL SKIN SEC LOÇÃO HIDRATANTE,CARBOPOL 981
P0000713,0108077,0.05,PILOTO GRANEL SKIN SEC LOÇÃO HIDRATANTE,GLICERINA PURA OLEON
P0000713,0108037,0.025,PILOTO GRANEL SKIN SEC LOÇÃO HIDRATANTE,ARLACEL 2121-FL
P0000713,0226406,0.01,PILOTO GRANEL SKIN SEC LOÇÃO HIDRATANTE,SQUALENO VEGETAL
P0000713,0226408,0.005,PILOTO GRANEL SKIN SEC LOÇÃO HIDRATANTE,CETEARYL ALC/CETEARYL MEL
P0000713,0240703,0.055,PILOTO GRANEL SKIN SEC LOÇÃO HIDRATANTE,PARAFINA LIQUIDA
P0000713,0108022,0.06,PILOTO GRANEL SKIN SEC LOÇÃO HIDRATANTE,WAGLINOL 6016
P0000713,0226407,0.06,PILOTO GRANEL SKIN SEC LOÇÃO HIDRATANTE,SILOXANE CYCLOPENTA CM5
P0000713,0108009,0.05,PILOTO GRANEL SKIN SEC LOÇÃO HIDRATANTE,HUILE COCO RAFFINEE
P0000713,0226409,0.005,PILOTO GRANEL SKIN SEC LOÇÃO HIDRATANTE,ALPHA TOCOPHERYLE ACETATE Z
P0000713,0226401,0.003,PILOTO GRANEL SKIN SEC LOÇÃO HIDRATANTE,NIPAGIN CLARIANT
P0000713,0226400,0.003,PILOTO GRANEL SKIN SEC LOÇÃO HIDRATANTE,NIPAZOL CLARIANT
P0000713,0226404,0.0007,PILOTO GRANEL SKIN SEC LOÇÃO HIDRATANTE,HIDRÓXIDO DE SÓDIO MERCK
P0000713,0108051,0.005,PILOTO GRANEL SKIN SEC LOÇÃO HIDRATANTE,EXTRAIT FLUI BOURGEON PEUPLIER
P0000714,0108027,0.075,PILOTO GRANEL ACTINE ESFOLIANTE  1TON,STEPAN MILD SL3 BA
P0000714,0108007,0.0015,PILOTO GRANEL ACTINE ESFOLIANTE  1TON,SATIAGUM UTC 30
P0000714,0240704,0.09,PILOTO GRANEL ACTINE ESFOLIANTE  1TON,SEPIGEL 305
P0000714,0108047,0.01,PILOTO GRANEL ACTINE ESFOLIANTE  1TON,SALICILATO DE SODIO
P0000714,0108035,0.003,PILOTO GRANEL ACTINE ESFOLIANTE  1TON,GLUCONATO DE ZINCO
P0000714,0108014,0.001,PILOTO GRANEL ACTINE ESFOLIANTE  1TON,BROMURE DE CETRIMONIUM
P0000714,0108015,0.002,PILOTO GRANEL ACTINE ESFOLIANTE  1TON,TRILON BD
P0000714,0108116,0.06,PILOTO GRANEL ACTINE ESFOLIANTE  1TON,PROPILENO GLICOL
P0000714,0108017,0.05,PILOTO GRANEL ACTINE ESFOLIANTE  1TON,POLYETHYLENE CIRE
P0000714,0108056,0.05,PILOTO GRANEL ACTINE ESFOLIANTE  1TON,EUA DISTILLEE MELILOT
P0000714,0108063,0.003,PILOTO GRANEL ACTINE ESFOLIANTE  1TON,PARF U210162 NATURE GN FREE
P0000714,0226410,0.005,PILOTO GRANEL ACTINE ESFOLIANTE  1TON,PCA DE ZINCO SOLABIA
P0000998,0237388,0.08,GRANEL Aqua-fluido com cor MAT PERFECT FPS30 AV,DICAPRYLYL CARBONATE
P0000998,0226362,0.06,GRANEL Aqua-fluido com cor MAT PERFECT FPS30 AV,ADIPATE DIISOPROPYL
P0000998,0226359,0.09,GRANEL Aqua-fluido com cor MAT PERFECT FPS30 AV,TEGOSOFT TN
P0000998,0226358,0.03,GRANEL Aqua-fluido com cor MAT PERFECT FPS30 AV,UVASORB HBE
P0000998,0108057,0.03,GRANEL Aqua-fluido com cor MAT PERFECT FPS30 AV,ETHYLHEXYLOXYPHENOL(BIS)METHO
P0000998,P0000443,0.02,GRANEL Aqua-fluido com cor MAT PERFECT FPS30 AV,BUTYL METHOXY DIBENZOYLMETHANE
P0000998,0108141,0.02,GRANEL Aqua-fluido com cor MAT PERFECT FPS30 AV,STEARATE GLY PEG100ST
P0000998,0108042,0.01,GRANEL Aqua-fluido com cor MAT PERFECT FPS30 AV,CETYL PHOSPHATE POTASSIUM
P0000998,0108058,0.002,GRANEL Aqua-fluido com cor MAT PERFECT FPS30 AV,TOCOPHERYL GLUCOSIDE 50%
P0000998,0226364,0.004,GRANEL Aqua-fluido com cor MAT PERFECT FPS30 AV,BEHENATE DIGLYCERYL BEHE MEL
P0000998,0108008,0.0018,GRANEL Aqua-fluido com cor MAT PERFECT FPS30 AV,ACIDO BENZOICO
P0000998,0237387,0.005,GRANEL Aqua-fluido com cor MAT PERFECT FPS30 AV,ALCOOL ESTEARILICO
P0000998,0226367,0.02,GRANEL Aqua-fluido com cor MAT PERFECT FPS30 AV,GLICERIDES PALM KERNEL HYDROG
P0000998,P0000601,0.035,GRANEL Aqua-fluido com cor MAT PERFECT FPS30 AV,PIGMENTO BROYAT HYDROPHIL 692884
P0000998,P0000598,0.001,GRANEL Aqua-fluido com cor MAT PERFECT FPS30 AV,ACRYLATE C10 C30 ALKYL CRPM 21
P0000998,0108015,0.001,GRANEL Aqua-fluido com cor MAT PERFECT FPS30 AV,TRILON BD
P0000998,P0000550,0.02,GRANEL Aqua-fluido com cor MAT PERFECT FPS30 AV,NOYAU ETA GLYCERINE
P0000998,0108029,0.002,GRANEL Aqua-fluido com cor MAT PERFECT FPS30 AV,XANTHANE GOMME
P0000998,P0000181,0.003,GRANEL Aqua-fluido com cor MAT PERFECT FPS30 AV,CAPRYL GLYCOL
P0000998,0108092,0.04,GRANEL Aqua-fluido com cor MAT PERFECT FPS30 AV,ALCOOL HIDRATADO DE CEREAIS
P0000998,0226404,0.00017,GRANEL Aqua-fluido com cor MAT PERFECT FPS30 AV,HIDRÓXIDO DE SÓDIO MERCK
P0000998,P0000704,0.0001,GRANEL Aqua-fluido com cor MAT PERFECT FPS30 AV,622384 ASCORBYL GLUCOSIDE
P0000998,0226404,0.000175,GRANEL Aqua-fluido com cor MAT PERFECT FPS30 AV,HIDRÓXIDO DE SÓDIO MERCK
P0000998,0108032,0.03,GRANEL Aqua-fluido com cor MAT PERFECT FPS30 AV,DRY FLO PC
P0000998,P0000600,0.05,GRANEL Aqua-fluido com cor MAT PERFECT FPS30 AV,SILICA (LIBELLÉ CHIMIQUE) 692847
P0000998,0237386,0.08,GRANEL Aqua-fluido com cor MAT PERFECT FPS30 AV,MBBT DECYL GLUCOSIDE MEL
P0000999,0237388,0.08,GRANEL Aqua-fluido MAT PERFECT FPS30 AV,DICAPRYLYL CARBONATE
P0000999,0226362,0.06,GRANEL Aqua-fluido MAT PERFECT FPS30 AV,ADIPATE DIISOPROPYL
P0000999,0226359,0.09,GRANEL Aqua-fluido MAT PERFECT FPS30 AV,TEGOSOFT TN
P0000999,0226358,0.03,GRANEL Aqua-fluido MAT PERFECT FPS30 AV,UVASORB HBE
P0000999,0108057,0.03,GRANEL Aqua-fluido MAT PERFECT FPS30 AV,ETHYLHEXYLOXYPHENOL(BIS)METHO
P0000999,P0000443,0.02,GRANEL Aqua-fluido MAT PERFECT FPS30 AV,BUTYL METHOXY DIBENZOYLMETHANE
P0000999,0108141,0.02,GRANEL Aqua-fluido MAT PERFECT FPS30 AV,STEARATE GLY PEG100ST
P0000999,0108042,0.01,GRANEL Aqua-fluido MAT PERFECT FPS30 AV,CETYL PHOSPHATE POTASSIUM
P0000999,0108058,0.002,GRANEL Aqua-fluido MAT PERFECT FPS30 AV,TOCOPHERYL GLUCOSIDE 50%
P0000999,0226364,0.004,GRANEL Aqua-fluido MAT PERFECT FPS30 AV,BEHENATE DIGLYCERYL BEHE MEL
P0000999,0108008,0.0018,GRANEL Aqua-fluido MAT PERFECT FPS30 AV,ACIDO BENZOICO
P0000999,0237387,0.005,GRANEL Aqua-fluido MAT PERFECT FPS30 AV,ALCOOL ESTEARILICO
P0000999,0226367,0.02,GRANEL Aqua-fluido MAT PERFECT FPS30 AV,GLICERIDES PALM KERNEL HYDROG
P0000999,0100301,0.006,GRANEL Aqua-fluido MAT PERFECT FPS30 AV,LAURATE GLYCERIL
P0000999,P0000598,0.001,GRANEL Aqua-fluido MAT PERFECT FPS30 AV,ACRYLATE C10 C30 ALKYL CRPM 21
P0000999,0108015,0.001,GRANEL Aqua-fluido MAT PERFECT FPS30 AV,TRILON BD
P0000999,P0000550,0.02,GRANEL Aqua-fluido MAT PERFECT FPS30 AV,NOYAU ETA GLYCERINE
P0000999,0108029,0.002,GRANEL Aqua-fluido MAT PERFECT FPS30 AV,XANTHANE GOMME
P0000999,P0000181,0.003,GRANEL Aqua-fluido MAT PERFECT FPS30 AV,CAPRYL GLYCOL
P0000999,0108092,0.04,GRANEL Aqua-fluido MAT PERFECT FPS30 AV,ALCOOL HIDRATADO DE CEREAIS
P0000999,0226404,0.00017,GRANEL Aqua-fluido MAT PERFECT FPS30 AV,HIDRÓXIDO DE SÓDIO MERCK
P0000999,P0000704,0.0001,GRANEL Aqua-fluido MAT PERFECT FPS30 AV,622384 ASCORBYL GLUCOSIDE
P0000999,0226404,0.000315,GRANEL Aqua-fluido MAT PERFECT FPS30 AV,HIDRÓXIDO DE SÓDIO MERCK
P0000999,0108032,0.03,GRANEL Aqua-fluido MAT PERFECT FPS30 AV,DRY FLO PC
P0000999,P0000600,0.05,GRANEL Aqua-fluido MAT PERFECT FPS30 AV,SILICA (LIBELLÉ CHIMIQUE) 692847
P0000999,0237386,0.08,GRANEL Aqua-fluido MAT PERFECT FPS30 AV,MBBT DECYL GLUCOSIDE MEL
P0001000,0237388,0.08,GRANEL Fluido com cor MAT PERFECT FPS60 AV,DICAPRYLYL CARBONATE
P0001000,0226362,0.06,GRANEL Fluido com cor MAT PERFECT FPS60 AV,ADIPATE DIISOPROPYL
P0001000,0226359,0.09,GRANEL Fluido com cor MAT PERFECT FPS60 AV,TEGOSOFT TN
P0001000,0226358,0.04,GRANEL Fluido com cor MAT PERFECT FPS60 AV,UVASORB HBE
P0001000,0108057,0.04,GRANEL Fluido com cor MAT PERFECT FPS60 AV,ETHYLHEXYLOXYPHENOL(BIS)METHO
P0001000,P0000443,0.02,GRANEL Fluido com cor MAT PERFECT FPS60 AV,BUTYL METHOXY DIBENZOYLMETHANE
P0001000,0108141,0.02,GRANEL Fluido com cor MAT PERFECT FPS60 AV,STEARATE GLY PEG100ST
P0001000,0108042,0.01,GRANEL Fluido com cor MAT PERFECT FPS60 AV,CETYL PHOSPHATE POTASSIUM
P0001000,0108058,0.002,GRANEL Fluido com cor MAT PERFECT FPS60 AV,TOCOPHERYL GLUCOSIDE 50%
P0001000,0226364,0.004,GRANEL Fluido com cor MAT PERFECT FPS60 AV,BEHENATE DIGLYCERYL BEHE MEL
P0001000,0108008,0.0018,GRANEL Fluido com cor MAT PERFECT FPS60 AV,ACIDO BENZOICO
P0001000,0237387,0.005,GRANEL Fluido com cor MAT PERFECT FPS60 AV,ALCOOL ESTEARILICO
P0001000,0226367,0.02,GRANEL Fluido com cor MAT PERFECT FPS60 AV,GLICERIDES PALM KERNEL HYDROG
P0001000,P0000601,0.035,GRANEL Fluido com cor MAT PERFECT FPS60 AV,PIGMENTO BROYAT HYDROPHIL 692884
P0001000,P0000598,0.001,GRANEL Fluido com cor MAT PERFECT FPS60 AV,ACRYLATE C10 C30 ALKYL CRPM 21
P0001000,0108015,0.001,GRANEL Fluido com cor MAT PERFECT FPS60 AV,TRILON BD
P0001000,P0000550,0.02,GRANEL Fluido com cor MAT PERFECT FPS60 AV,NOYAU ETA GLYCERINE
P0001000,0108029,0.002,GRANEL Fluido com cor MAT PERFECT FPS60 AV,XANTHANE GOMME
P0001000,P0000181,0.003,GRANEL Fluido com cor MAT PERFECT FPS60 AV,CAPRYL GLYCOL
P0001000,0108092,0.04,GRANEL Fluido com cor MAT PERFECT FPS60 AV,ALCOOL HIDRATADO DE CEREAIS
P0001000,0226404,0.00017,GRANEL Fluido com cor MAT PERFECT FPS60 AV,HIDRÓXIDO DE SÓDIO MERCK
P0001000,P0000704,0.0001,GRANEL Fluido com cor MAT PERFECT FPS60 AV,622384 ASCORBYL GLUCOSIDE
P0001000,0226404,0.00028,GRANEL Fluido com cor MAT PERFECT FPS60 AV,HIDRÓXIDO DE SÓDIO MERCK
P0001000,0108032,0.03,GRANEL Fluido com cor MAT PERFECT FPS60 AV,DRY FLO PC
P0001000,P0000600,0.05,GRANEL Fluido com cor MAT PERFECT FPS60 AV,SILICA (LIBELLÉ CHIMIQUE) 692847
P0001000,0237386,0.14,GRANEL Fluido com cor MAT PERFECT FPS60 AV,MBBT DECYL GLUCOSIDE MEL
P0001001,0237388,0.08,GRANEL Fluido MAT PERFECT FPS60 AV,DICAPRYLYL CARBONATE
P0001001,0226362,0.06,GRANEL Fluido MAT PERFECT FPS60 AV,ADIPATE DIISOPROPYL
P0001001,0226359,0.09,GRANEL Fluido MAT PERFECT FPS60 AV,TEGOSOFT TN
P0001001,0226358,0.04,GRANEL Fluido MAT PERFECT FPS60 AV,UVASORB HBE
P0001001,0108057,0.04,GRANEL Fluido MAT PERFECT FPS60 AV,ETHYLHEXYLOXYPHENOL(BIS)METHO
P0001001,P0000443,0.02,GRANEL Fluido MAT PERFECT FPS60 AV,BUTYL METHOXY DIBENZOYLMETHANE
P0001001,0108141,0.02,GRANEL Fluido MAT PERFECT FPS60 AV,STEARATE GLY PEG100ST
P0001001,0108042,0.01,GRANEL Fluido MAT PERFECT FPS60 AV,CETYL PHOSPHATE POTASSIUM
P0001001,0108058,0.002,GRANEL Fluido MAT PERFECT FPS60 AV,TOCOPHERYL GLUCOSIDE 50%
P0001001,0226364,0.004,GRANEL Fluido MAT PERFECT FPS60 AV,BEHENATE DIGLYCERYL BEHE MEL
P0001001,0108008,0.0018,GRANEL Fluido MAT PERFECT FPS60 AV,ACIDO BENZOICO
P0001001,0237387,0.005,GRANEL Fluido MAT PERFECT FPS60 AV,ALCOOL ESTEARILICO
P0001001,0226367,0.02,GRANEL Fluido MAT PERFECT FPS60 AV,GLICERIDES PALM KERNEL HYDROG
P0001001,0100301,0.006,GRANEL Fluido MAT PERFECT FPS60 AV,LAURATE GLYCERIL
P0001001,P0000598,0.001,GRANEL Fluido MAT PERFECT FPS60 AV,ACRYLATE C10 C30 ALKYL CRPM 21
P0001001,0108015,0.001,GRANEL Fluido MAT PERFECT FPS60 AV,TRILON BD
P0001001,P0000550,0.02,GRANEL Fluido MAT PERFECT FPS60 AV,NOYAU ETA GLYCERINE
P0001001,0108029,0.002,GRANEL Fluido MAT PERFECT FPS60 AV,XANTHANE GOMME
P0001001,P0000181,0.003,GRANEL Fluido MAT PERFECT FPS60 AV,CAPRYL GLYCOL
P0001001,0108092,0.04,GRANEL Fluido MAT PERFECT FPS60 AV,ALCOOL HIDRATADO DE CEREAIS
P0001001,0226404,0.00017,GRANEL Fluido MAT PERFECT FPS60 AV,HIDRÓXIDO DE SÓDIO MERCK
P0001001,P0000704,0.0001,GRANEL Fluido MAT PERFECT FPS60 AV,622384 ASCORBYL GLUCOSIDE
P0001001,0226404,0.00045,GRANEL Fluido MAT PERFECT FPS60 AV,HIDRÓXIDO DE SÓDIO MERCK
P0001001,0108032,0.03,GRANEL Fluido MAT PERFECT FPS60 AV,DRY FLO PC
P0001001,P0000600,0.05,GRANEL Fluido MAT PERFECT FPS60 AV,SILICA (LIBELLÉ CHIMIQUE) 692847
P0001001,0237386,0.14,GRANEL Fluido MAT PERFECT FPS60 AV,MBBT DECYL GLUCOSIDE MEL
P0001002,0226365,0.05,Piloto GRANEL CLEANANCE SOLAR FPS30 AV,PENTANOATE NEO ISODECYL
P0001002,0226359,0.08,Piloto GRANEL CLEANANCE SOLAR FPS30 AV,TEGOSOFT TN
P0001002,0226362,0.05,Piloto GRANEL CLEANANCE SOLAR FPS30 AV,ADIPATE DIISOPROPYL
P0001002,P0000659,0.05,Piloto GRANEL CLEANANCE SOLAR FPS30 AV,CETEARYL ISONONANOATE
P0001002,0226358,0.03,Piloto GRANEL CLEANANCE SOLAR FPS30 AV,UVASORB HBE
P0001002,0108058,0.001,Piloto GRANEL CLEANANCE SOLAR FPS30 AV,TOCOPHERYL GLUCOSIDE 50%
P0001002,P0000443,0.02,Piloto GRANEL CLEANANCE SOLAR FPS30 AV,BUTYL METHOXY DIBENZOYLMETHANE
P0001002,0108057,0.03,Piloto GRANEL CLEANANCE SOLAR FPS30 AV,ETHYLHEXYLOXYPHENOL(BIS)METHO
P0001002,0100301,0.006,Piloto GRANEL CLEANANCE SOLAR FPS30 AV,LAURATE GLYCERIL
P0001002,0108042,0.02,Piloto GRANEL CLEANANCE SOLAR FPS30 AV,CETYL PHOSPHATE POTASSIUM
P0001002,0226364,0.004,Piloto GRANEL CLEANANCE SOLAR FPS30 AV,BEHENATE DIGLYCERYL BEHE MEL
P0001002,0226367,0.01,Piloto GRANEL CLEANANCE SOLAR FPS30 AV,GLICERIDES PALM KERNEL HYDROG
P0001002,0108008,0.002,Piloto GRANEL CLEANANCE SOLAR FPS30 AV,ACIDO BENZOICO
P0001002,0108032,0.03,Piloto GRANEL CLEANANCE SOLAR FPS30 AV,DRY FLO PC
P0001002,P0000550,0.02,Piloto GRANEL CLEANANCE SOLAR FPS30 AV,NOYAU ETA GLYCERINE
P0001002,0108149,0.01,Piloto GRANEL CLEANANCE SOLAR FPS30 AV,SILICE COLLOIDALE V300
P0001002,0108029,0.002,Piloto GRANEL CLEANANCE SOLAR FPS30 AV,XANTHANE GOMME
P0001002,0108015,0.001,Piloto GRANEL CLEANANCE SOLAR FPS30 AV,TRILON BD
P0001002,0108035,0.001,Piloto GRANEL CLEANANCE SOLAR FPS30 AV,GLUCONATO DE ZINCO
P0001002,P0000181,0.005,Piloto GRANEL CLEANANCE SOLAR FPS30 AV,CAPRYL GLYCOL
P0001002,P0000598,0.002,Piloto GRANEL CLEANANCE SOLAR FPS30 AV,ACRYLATE C10 C30 ALKYL CRPM 21
P0001002,0226404,0.0002,Piloto GRANEL CLEANANCE SOLAR FPS30 AV,HIDRÓXIDO DE SÓDIO MERCK
P0001002,0237386,0.08,Piloto GRANEL CLEANANCE SOLAR FPS30 AV,MBBT DECYL GLUCOSIDE MEL
P0001002,P0000635,0.005,Piloto GRANEL CLEANANCE SOLAR FPS30 AV,PARF TROPIQUE 53259 ( 403929)
P0001032,P0000684,0.0551643828196934,AV EMULSÃO SOLAR FPS70 50ML - 04 - BG19,GRANEL AVENE TOQUE SECO FPS70
P0001032,P0000676,1.04999187564318,AV EMULSÃO SOLAR FPS70 50ML - 04 - BG19,BISNAGA AVENE SOLAR TS FPS70
P0001032,P0000678,1.00498293885067,AV EMULSÃO SOLAR FPS70 50ML - 04 - BG19,CARTUCHO AVENE SOLAR TS FPS70
P0001032,1405988,1,AV EMULSÃO SOLAR FPS70 50ML - 04 - BG19,BULA AVENE SOLAR
P0001032,P0000477,0.0833559009911715,AV EMULSÃO SOLAR FPS70 50ML - 04 - BG19,CAIXA PAP SOLARES
P0001033,P0000686,0.0551643828196934,AV EMULSÃO SOLAR FPS70 COLOR 50ML - 03 - BG19,GRANEL AVENE TOQUE SECO FPS70 COLOR
P0001033,P0000677,1.04999187564318,AV EMULSÃO SOLAR FPS70 COLOR 50ML - 03 - BG19,BISNAGA AVENE SOLAR TS FPS70 COLOR
P0001033,P0000679,1.00498293885067,AV EMULSÃO SOLAR FPS70 COLOR 50ML - 03 - BG19,CARTUCHO AVENE SOLAR TS FPS70 COLOR
P0001033,P0000477,0.0833559009911715,AV EMULSÃO SOLAR FPS70 COLOR 50ML - 03 - BG19,CAIXA PAP SOLARES
P0001033,1405988,1,AV EMULSÃO SOLAR FPS70 COLOR 50ML - 03 - BG19,BULA AVENE SOLAR
P0001035,0213012,0.0005,GRANEL ACTINE SAB LIQUIDO - 02 - MERCK,EDTA DISSODICO
P0001035,0228086,0.003,GRANEL ACTINE SAB LIQUIDO - 02 - MERCK,PEG 120 METILGLUCOSEDIOLEATO
P0001035,P0002536,0.02,GRANEL ACTINE SAB LIQUIDO - 02 - MERCK,ÁCIDO SALICÍLICO MERCK
P0001035,0237349,0.3,GRANEL ACTINE SAB LIQUIDO - 02 - MERCK,TEXAPON N 040
P0001035,0209627,0.03,GRANEL ACTINE SAB LIQUIDO - 02 - MERCK,COCOAMIDOPROPILBETAINA
P0001035,0236164,0.03,GRANEL ACTINE SAB LIQUIDO - 02 - MERCK,SYNOTOL CN- 80
P0001035,0236164,0.005,GRANEL ACTINE SAB LIQUIDO - 02 - MERCK,SYNOTOL CN- 80
P0001035,0227597,0.02,GRANEL ACTINE SAB LIQUIDO - 02 - MERCK,OLETH 3 FOSFATO
P0001035,0214820,0.01,GRANEL ACTINE SAB LIQUIDO - 02 - MERCK,EXTRATO GLIC ALOE VERA
P0001035,0206253,0.0003,GRANEL ACTINE SAB LIQUIDO - 02 - MERCK,ANTI - UV (TINOGARD HS)
P0001035,0219439,0.006,GRANEL ACTINE SAB LIQUIDO - 02 - MERCK,HIDROXIDO DE SODIO
P0001035,0227565,0.004,GRANEL ACTINE SAB LIQUIDO - 02 - MERCK,OLEO DE RICINO HIDROGENADO
P0001035,0223043,0.002,GRANEL ACTINE SAB LIQUIDO - 02 - MERCK,LACTATO DE MENTILA
P0001035,0214243,0.002,GRANEL ACTINE SAB LIQUIDO - 02 - MERCK,ESSENCIA ACTINE
P0001035,0209458,0.003,GRANEL ACTINE SAB LIQUIDO - 02 - MERCK,CLORETO DE SODIO P/ COSMETICO
P0001036,0226401,0.002,GRANEL SOAPELLE SAB LIQ,NIPAGIN CLARIANT
P0001036,0213012,0.0005,GRANEL SOAPELLE SAB LIQ,EDTA DISSODICO
P0001036,0209886,0.00000032,GRANEL SOAPELLE SAB LIQ,CORANTE RED D&C 33
P0001036,0209966,0.00000675,GRANEL SOAPELLE SAB LIQ,CORANTE AMARELO AYE 23
P0001036,0214820,0.02,GRANEL SOAPELLE SAB LIQ,EXTRATO GLIC ALOE VERA
P0001036,0237349,0.3,GRANEL SOAPELLE SAB LIQ,TEXAPON N 040
P0001036,0227597,0.02,GRANEL SOAPELLE SAB LIQ,OLETH 3 FOSFATO
P0001036,0209627,0.03,GRANEL SOAPELLE SAB LIQ,COCOAMIDOPROPILBETAINA
P0001036,0219439,0.0009,GRANEL SOAPELLE SAB LIQ,HIDROXIDO DE SODIO
P0001036,0221316,0.01,GRANEL SOAPELLE SAB LIQ,IRGASAN DP- 300
P0001036,0201240,0.01,GRANEL SOAPELLE SAB LIQ,ALCOOL NEUTRO
P0001036,0236164,0.025,GRANEL SOAPELLE SAB LIQ,SYNOTOL CN- 80
P0001036,0214337,0.002,GRANEL SOAPELLE SAB LIQ,ESSENCIA SOAPELLE
P0001036,0228389,0.005,GRANEL SOAPELLE SAB LIQ,PIRROLIDONA CARBOX. DE SODIO
P0001036,0217614,0.03,GRANEL SOAPELLE SAB LIQ,GLICERINA PURA 03473015
P0001036,0108116,0.05,GRANEL SOAPELLE SAB LIQ,PROPILENO GLICOL
P0001037,0220908,0.002,GRANEL SUAVIE SAB LIQUIDO,IMIDAZOLIDINIL UREIA
P0001037,0201313,0.00075,GRANEL SUAVIE SAB LIQUIDO,ALOE VERA PO
P0001037,0228086,0.0007,GRANEL SUAVIE SAB LIQUIDO,PEG 120 METILGLUCOSEDIOLEATO
P0001037,0237349,0.35,GRANEL SUAVIE SAB LIQUIDO,TEXAPON N 040
P0001037,0226307,0.07,GRANEL SUAVIE SAB LIQUIDO,N-COCOIL L-GLUTAMATO DISSODICO
P0001037,0209627,0.05,GRANEL SUAVIE SAB LIQUIDO,COCOAMIDOPROPILBETAINA
P0001037,0215135,0.005,GRANEL SUAVIE SAB LIQUIDO,FENOXIETANOL E PARABENOS
P0001037,0228389,0.015,GRANEL SUAVIE SAB LIQUIDO,PIRROLIDONA CARBOX. DE SODIO
P0001037,0223307,0.02,GRANEL SUAVIE SAB LIQUIDO,LAURIL POLIGLICOSE
P0001037,0214807,0.001,GRANEL SUAVIE SAB LIQUIDO,EXTRATO DE CAMOMILA
P0001037,0214803,0.001,GRANEL SUAVIE SAB LIQUIDO,EXTRATO DE ALECRIM
P0001037,0207291,0.003,GRANEL SUAVIE SAB LIQUIDO,CITOQUINAS DO LEITE
P0001037,0237642,0.01,GRANEL SUAVIE SAB LIQUIDO,TIOLISINA COMPLEX 30
P0001037,P0000706,0.02,GRANEL SUAVIE SAB LIQUIDO,SEBONORMINE 0P
P0001037,0200360,0.0009,GRANEL SUAVIE SAB LIQUIDO,ACIDO CITRICO FARMAC
P0001037,0236164,0.05,GRANEL SUAVIE SAB LIQUIDO,SYNOTOL CN- 80
P0001037,0214287,0.01,GRANEL SUAVIE SAB LIQUIDO,ESSENCIA ESKIMO SII
P0001042,0226402,0.005,Piloto GRANEL SKIN SEC LOÇÃO COM PERFUME,2 PHENOXYETHANOL
P0001042,0226405,0.003,Piloto GRANEL SKIN SEC LOÇÃO COM PERFUME,CARBOPOL 981
P0001042,0108077,0.05,Piloto GRANEL SKIN SEC LOÇÃO COM PERFUME,GLICERINA PURA OLEON
P0001042,0108037,0.025,Piloto GRANEL SKIN SEC LOÇÃO COM PERFUME,ARLACEL 2121-FL
P0001042,0226406,0.01,Piloto GRANEL SKIN SEC LOÇÃO COM PERFUME,SQUALENO VEGETAL
P0001042,0226408,0.005,Piloto GRANEL SKIN SEC LOÇÃO COM PERFUME,CETEARYL ALC/CETEARYL MEL
P0001042,0240703,0.055,Piloto GRANEL SKIN SEC LOÇÃO COM PERFUME,PARAFINA LIQUIDA
P0001042,0108022,0.06,Piloto GRANEL SKIN SEC LOÇÃO COM PERFUME,WAGLINOL 6016
P0001042,0226407,0.06,Piloto GRANEL SKIN SEC LOÇÃO COM PERFUME,SILOXANE CYCLOPENTA CM5
P0001042,0108009,0.05,Piloto GRANEL SKIN SEC LOÇÃO COM PERFUME,HUILE COCO RAFFINEE
P0001042,0226409,0.005,Piloto GRANEL SKIN SEC LOÇÃO COM PERFUME,ALPHA TOCOPHERYLE ACETATE Z
P0001042,0226401,0.003,Piloto GRANEL SKIN SEC LOÇÃO COM PERFUME,NIPAGIN CLARIANT
P0001042,0226400,0.003,Piloto GRANEL SKIN SEC LOÇÃO COM PERFUME,NIPAZOL CLARIANT
P0001042,0226404,0.0007,Piloto GRANEL SKIN SEC LOÇÃO COM PERFUME,HIDRÓXIDO DE SÓDIO MERCK
P0001042,0108051,0.005,Piloto GRANEL SKIN SEC LOÇÃO COM PERFUME,EXTRAIT FLUI BOURGEON PEUPLIER
P0001042,0108060,0.002,Piloto GRANEL SKIN SEC LOÇÃO COM PERFUME,PARF TRENDRESSE U293496
P0001046,0123077,0.001,Piloto GRANEL KLINSE SHAMPOO,L-ARGININA INJETAVEL 00646016
P0001046,0200371,0.02,Piloto GRANEL KLINSE SHAMPOO,ACIDO SALICILICO 00340
P0001046,0206253,0.0003,Piloto GRANEL KLINSE SHAMPOO,ANTI - UV (TINOGARD HS)
P0001046,0207117,0.02,Piloto GRANEL KLINSE SHAMPOO,CAPRILOIL GLICINA
P0001046,0209458,0.003,Piloto GRANEL KLINSE SHAMPOO,CLORETO DE SODIO P/ COSMETICO
P0001046,0209627,0.04,Piloto GRANEL KLINSE SHAMPOO,COCOAMIDOPROPILBETAINA
P0001046,0213012,0.0005,Piloto GRANEL KLINSE SHAMPOO,EDTA DISSODICO
P0001046,0213503,0.001,Piloto GRANEL KLINSE SHAMPOO,ENXOFRE SOLUVEL
P0001046,0214296,0.0015,Piloto GRANEL KLINSE SHAMPOO,ESSENCIA HERBAL FRESH
P0001046,0214820,0.01,Piloto GRANEL KLINSE SHAMPOO,EXTRATO GLIC ALOE VERA
P0001046,0219439,0.01,Piloto GRANEL KLINSE SHAMPOO,HIDROXIDO DE SODIO
P0001046,0220921,0.002,Piloto GRANEL KLINSE SHAMPOO,IODO PROPINIL BUTIL CARBAMATO
P0001046,0223043,0.006,Piloto GRANEL KLINSE SHAMPOO,LACTATO DE MENTILA
P0001046,0226307,0.07,Piloto GRANEL KLINSE SHAMPOO,N-COCOIL L-GLUTAMATO DISSODICO
P0001046,0226342,0.01,Piloto GRANEL KLINSE SHAMPOO,OCTOPIROX
P0001046,0227565,0.004,Piloto GRANEL KLINSE SHAMPOO,OLEO DE RICINO HIDROGENADO
P0001046,0227597,0.02,Piloto GRANEL KLINSE SHAMPOO,OLETH 3 FOSFATO
P0001046,0228086,0.03,Piloto GRANEL KLINSE SHAMPOO,PEG 120 METILGLUCOSEDIOLEATO
P0001046,0228389,0.005,Piloto GRANEL KLINSE SHAMPOO,PIRROLIDONA CARBOX. DE SODIO
P0001046,0228394,0.001,Piloto GRANEL KLINSE SHAMPOO,PIRROLIDONA CARBOX. DE ZINCO
P0001046,0108116,0.03,Piloto GRANEL KLINSE SHAMPOO,PROPILENO GLICOL
P0001046,0235021,0.0009,Piloto GRANEL KLINSE SHAMPOO,SALCARE SC60
P0001046,0236164,0.03,Piloto GRANEL KLINSE SHAMPOO,SYNOTOL CN- 80
P0001046,0237349,0.33,Piloto GRANEL KLINSE SHAMPOO,TEXAPON N 040
P0001048,0108046,0.002,Piloto GRANEL ACTINE PROTETOR SOLAR FPS30,SULF CHONDROITINE SOD AVIAIR
P0001048,0108044,0.001,Piloto GRANEL ACTINE PROTETOR SOLAR FPS30,EXTRAIT LIPIDIQUE DE SOJA
P0001048,0108041,0.001,Piloto GRANEL ACTINE PROTETOR SOLAR FPS30,SITOSTEROL (BETA) 95%
P0001048,0108006,0.001,Piloto GRANEL ACTINE PROTETOR SOLAR FPS30,POLOXAMER 188
P0001048,0108049,0.0005,Piloto GRANEL ACTINE PROTETOR SOLAR FPS30,LECITHINE SOJA
P0001048,0213014,0.005,Piloto GRANEL ACTINE PROTETOR SOLAR FPS30,CAPRIC CAPRYLIC TRIGLY 30 70
P0001048,0108019,0.003,Piloto GRANEL ACTINE PROTETOR SOLAR FPS30,GLYCERIDES COCO HYDROGENE
P0001048,0108058,0.001,Piloto GRANEL ACTINE PROTETOR SOLAR FPS30,TOCOPHERYL GLUCOSIDE 50%
P0001048,0108010,0.085,Piloto GRANEL ACTINE PROTETOR SOLAR FPS30,METHOXYCINNAMATE(p)ETHYLHEXYL
P0001048,0108057,0.03,Piloto GRANEL ACTINE PROTETOR SOLAR FPS30,ETHYLHEXYLOXYPHENOL(BIS)METHO
P0001048,0108117,0.04,Piloto GRANEL ACTINE PROTETOR SOLAR FPS30,OCTOCRILENO
P0001048,0108042,0.018,Piloto GRANEL ACTINE PROTETOR SOLAR FPS30,CETYL PHOSPHATE POTASSIUM
P0001048,0108020,0.03,Piloto GRANEL ACTINE PROTETOR SOLAR FPS30,DECAMETIL CICLOPENTASILOXANE
P0001048,0108038,0.005,Piloto GRANEL ACTINE PROTETOR SOLAR FPS30,CARBOMERE K
P0001048,0108029,0.001,Piloto GRANEL ACTINE PROTETOR SOLAR FPS30,XANTHANE GOMME
P0001048,0108032,0.02,Piloto GRANEL ACTINE PROTETOR SOLAR FPS30,DRY FLO PC
P0001048,0108033,0.02,Piloto GRANEL ACTINE PROTETOR SOLAR FPS30,ACRYLATE(POLYMETHYLMET)
P0001048,0226402,0.0035,Piloto GRANEL ACTINE PROTETOR SOLAR FPS30,2 PHENOXYETHANOL
P0001048,0108040,0.0025,Piloto GRANEL ACTINE PROTETOR SOLAR FPS30,CHLORPHENESINE PURIFIEE
P0001048,0108008,0.001,Piloto GRANEL ACTINE PROTETOR SOLAR FPS30,ACIDO BENZOICO
P0001048,0108015,0.002,Piloto GRANEL ACTINE PROTETOR SOLAR FPS30,TRILON BD
P0001048,0108077,0.005,Piloto GRANEL ACTINE PROTETOR SOLAR FPS30,GLICERINA PURA OLEON
P0001048,0226404,0.002,Piloto GRANEL ACTINE PROTETOR SOLAR FPS30,HIDRÓXIDO DE SÓDIO MERCK
P0001048,0226410,0.005,Piloto GRANEL ACTINE PROTETOR SOLAR FPS30,PCA DE ZINCO SOLABIA
P0001057,0213014,0.05,Piloto GRANEL DOCTAR SHAMPOO NF,CAPRIC CAPRYLIC TRIGLY 30 70
P0001057,0209458,0.035,Piloto GRANEL DOCTAR SHAMPOO NF,CLORETO DE SODIO P/ COSMETICO
P0001057,P0000858,0.01,Piloto GRANEL DOCTAR SHAMPOO NF,ECOEXTRACT ALOE VERA
P0001057,0108077,0.09,Piloto GRANEL DOCTAR SHAMPOO NF,GLICERINA PURA OLEON
P0001057,0227532,0.001,Piloto GRANEL DOCTAR SHAMPOO NF,OLEO DE MELALEUCA
P0001057,P0000711,0.0055,Piloto GRANEL DOCTAR SHAMPOO NF,691861 - Trisodiumethylenediamine Disuccinate
P0001057,P0000720,0.003,Piloto GRANEL DOCTAR SHAMPOO NF,ESS. CALMING THERAPY EAF24392
P0001057,0226342,0.005,Piloto GRANEL DOCTAR SHAMPOO NF,OCTOPIROX
P0001057,0200371,0.02,Piloto GRANEL DOCTAR SHAMPOO NF,ACIDO SALICILICO 00340
P0001057,0108118,0.015,Piloto GRANEL DOCTAR SHAMPOO NF,SODIUM SHALE OIL SULFONATE
P0001057,P0000748,0.4,Piloto GRANEL DOCTAR SHAMPOO NF,692539 - MIRACARE SLB 205 W
P0001057,0108055,0.005,Piloto GRANEL DOCTAR SHAMPOO NF,BISABOLOL(ALPHA)SYNTH
P0001057,P0000771,0.04,Piloto GRANEL DOCTAR SHAMPOO NF,117318 - COCAMIDE MONOISOPROPOLAMIDE
P0001057,0223043,0.005,Piloto GRANEL DOCTAR SHAMPOO NF,LACTATO DE MENTILA
P0001060,0108014,0.001,Piloto GRANEL ACTINE LOÇÃO ADSTRINGENTE,BROMURE DE CETRIMONIUM
P0001060,0237427,0.013,Piloto GRANEL ACTINE LOÇÃO ADSTRINGENTE,PPG 1 PEG 9 LAURYL GLYCOL ETHE
P0001060,0226402,0.003,Piloto GRANEL ACTINE LOÇÃO ADSTRINGENTE,2 PHENOXYETHANOL
P0001060,0108055,0.001,Piloto GRANEL ACTINE LOÇÃO ADSTRINGENTE,BISABOLOL(ALPHA)SYNTH
P0001060,0108107,0.0006,Piloto GRANEL ACTINE LOÇÃO ADSTRINGENTE,PARF. SKIN II PY 94574
P0001060,0108108,0.05,Piloto GRANEL ACTINE LOÇÃO ADSTRINGENTE,EUA HAMAMELIS STABILISEE
P0001060,0108100,0.07,Piloto GRANEL ACTINE LOÇÃO ADSTRINGENTE,GLYCOLIQUE ACIDE 57%
P0001060,0108088,0.005,Piloto GRANEL ACTINE LOÇÃO ADSTRINGENTE,LACTIQUE ACIDE
P0001060,0200371,0.001,Piloto GRANEL ACTINE LOÇÃO ADSTRINGENTE,ACIDO SALICILICO 00340
P0001060,0226404,0.02,Piloto GRANEL ACTINE LOÇÃO ADSTRINGENTE,HIDRÓXIDO DE SÓDIO MERCK
P0001060,0226410,0.005,Piloto GRANEL ACTINE LOÇÃO ADSTRINGENTE,PCA DE ZINCO SOLABIA
P0001061,0108085,0.02,PilotoGRANEL DOCTAR CREME,STEARATE GLYCERYL SG
P0001061,0108102,0.15,PilotoGRANEL DOCTAR CREME,PALMITATE ETHYLHEXYL
P0001061,0108089,0.06,PilotoGRANEL DOCTAR CREME,CETEARYL ALCOOL/CETEARETH 33
P0001061,0108099,0.01,PilotoGRANEL DOCTAR CREME,CROTAMITON
P0001061,0108118,0.01,PilotoGRANEL DOCTAR CREME,SODIUM SHALE OIL SULFONATE
P0001061,0108077,0.1,PilotoGRANEL DOCTAR CREME,GLICERINA PURA OLEON
P0001061,0108095,0.07,PilotoGRANEL DOCTAR CREME,ACETAMIDE MEA 70%
P0001061,0108100,0.0526,PilotoGRANEL DOCTAR CREME,GLYCOLIQUE ACIDE 57%
P0001061,0108105,0.004,PilotoGRANEL DOCTAR CREME,PARF. CAMAFLOR 8237F
P0001061,0226404,0.01,PilotoGRANEL DOCTAR CREME,HIDRÓXIDO DE SÓDIO MERCK
P0001062,0200371,0.02,Piloto GRANEL DOCTAR SHAMPOO,ACIDO SALICILICO 00340
P0001062,0206253,0.0005,Piloto GRANEL DOCTAR SHAMPOO,ANTI - UV (TINOGARD HS)
P0001062,0209458,0.003,Piloto GRANEL DOCTAR SHAMPOO,CLORETO DE SODIO P/ COSMETICO
P0001062,0209627,0.05,Piloto GRANEL DOCTAR SHAMPOO,COCOAMIDOPROPILBETAINA
P0001062,0210347,0.05,Piloto GRANEL DOCTAR SHAMPOO,DIPROPILENOGLICOL
P0001062,0213012,0.0005,Piloto GRANEL DOCTAR SHAMPOO,EDTA DISSODICO
P0001062,0213503,0.02,Piloto GRANEL DOCTAR SHAMPOO,ENXOFRE SOLUVEL
P0001062,0214820,0.01,Piloto GRANEL DOCTAR SHAMPOO,EXTRATO GLIC ALOE VERA
P0001062,0219439,0.004,Piloto GRANEL DOCTAR SHAMPOO,HIDROXIDO DE SODIO
P0001062,0223043,0.025,Piloto GRANEL DOCTAR SHAMPOO,LACTATO DE MENTILA
P0001062,0226307,0.06,Piloto GRANEL DOCTAR SHAMPOO,N-COCOIL L-GLUTAMATO DISSODICO
P0001062,0226342,0.005,Piloto GRANEL DOCTAR SHAMPOO,OCTOPIROX
P0001062,0227532,0.001,Piloto GRANEL DOCTAR SHAMPOO,OLEO DE MELALEUCA
P0001062,0227565,0.004,Piloto GRANEL DOCTAR SHAMPOO,OLEO DE RICINO HIDROGENADO
P0001062,0227597,0.02,Piloto GRANEL DOCTAR SHAMPOO,OLETH 3 FOSFATO
P0001062,0228086,0.003,Piloto GRANEL DOCTAR SHAMPOO,PEG 120 METILGLUCOSEDIOLEATO
P0001062,0228389,0.03,Piloto GRANEL DOCTAR SHAMPOO,PIRROLIDONA CARBOX. DE SODIO
P0001062,0235021,0.0003,Piloto GRANEL DOCTAR SHAMPOO,SALCARE SC60
P0001062,0108118,0.0125,Piloto GRANEL DOCTAR SHAMPOO,SODIUM SHALE OIL SULFONATE
P0001062,0236164,0.05,Piloto GRANEL DOCTAR SHAMPOO,SYNOTOL CN- 80
P0001062,0237349,0.35,Piloto GRANEL DOCTAR SHAMPOO,TEXAPON N 040
P0001069,0207291,0.005,Piloto GRANEL SKINSEC SAB LIQ,CITOQUINAS DO LEITE
P0001069,0237349,0.2,Piloto GRANEL SKINSEC SAB LIQ,TEXAPON N 040
P0001069,0217511,0.08,Piloto GRANEL SKINSEC SAB LIQ,ALKONIX SC
P0001069,0219552,0.01,Piloto GRANEL SKINSEC SAB LIQ,HOSTAPON CCG
P0001069,0209627,0.04,Piloto GRANEL SKINSEC SAB LIQ,COCOAMIDOPROPILBETAINA
P0001069,0217509,0.02,Piloto GRANEL SKINSEC SAB LIQ,GENAPOL EGL
P0001069,0215135,0.005,Piloto GRANEL SKINSEC SAB LIQ,FENOXIETANOL E PARABENOS
P0001069,0214276,0.0005,Piloto GRANEL SKINSEC SAB LIQ,ESSENCIA CHA VERDE
P0001069,0217507,0.01,Piloto GRANEL SKINSEC SAB LIQ,GENAMIN PQ7
P0001069,0235823,0.02,Piloto GRANEL SKINSEC SAB LIQ,SOLUVIT RICHTER
P0001069,0228368,0.02,Piloto GRANEL SKINSEC SAB LIQ,PHYTOLAIT CHA VERDE
P0001069,0209458,0.05,Piloto GRANEL SKINSEC SAB LIQ,CLORETO DE SODIO P/ COSMETICO
P0001069,0200360,0.0006,Piloto GRANEL SKINSEC SAB LIQ,ACIDO CITRICO FARMAC
P0001070,0123077,0.002,Piloto GRANEL KLINSE SHAMPOO NEUTRO,L-ARGININA INJETAVEL 00646016
P0001070,0206253,0.0003,Piloto GRANEL KLINSE SHAMPOO NEUTRO,ANTI - UV (TINOGARD HS)
P0001070,0209458,0.003,Piloto GRANEL KLINSE SHAMPOO NEUTRO,CLORETO DE SODIO P/ COSMETICO
P0001070,0209627,0.05,Piloto GRANEL KLINSE SHAMPOO NEUTRO,COCOAMIDOPROPILBETAINA
P0001070,0213012,0.0005,Piloto GRANEL KLINSE SHAMPOO NEUTRO,EDTA DISSODICO
P0001070,0214296,0.002,Piloto GRANEL KLINSE SHAMPOO NEUTRO,ESSENCIA HERBAL FRESH
P0001070,0214820,0.02,Piloto GRANEL KLINSE SHAMPOO NEUTRO,EXTRATO GLIC ALOE VERA
P0001070,0223043,0.003,Piloto GRANEL KLINSE SHAMPOO NEUTRO,LACTATO DE MENTILA
P0001070,0226307,0.07,Piloto GRANEL KLINSE SHAMPOO NEUTRO,N-COCOIL L-GLUTAMATO DISSODICO
P0001070,0227565,0.004,Piloto GRANEL KLINSE SHAMPOO NEUTRO,OLEO DE RICINO HIDROGENADO
P0001070,0227597,0.02,Piloto GRANEL KLINSE SHAMPOO NEUTRO,OLETH 3 FOSFATO
P0001070,0228086,0.005,Piloto GRANEL KLINSE SHAMPOO NEUTRO,PEG 120 METILGLUCOSEDIOLEATO
P0001070,0228389,0.03,Piloto GRANEL KLINSE SHAMPOO NEUTRO,PIRROLIDONA CARBOX. DE SODIO
P0001070,0108116,0.03,Piloto GRANEL KLINSE SHAMPOO NEUTRO,PROPILENO GLICOL
P0001070,0235021,0.001,Piloto GRANEL KLINSE SHAMPOO NEUTRO,SALCARE SC60
P0001070,0235823,0.005,Piloto GRANEL KLINSE SHAMPOO NEUTRO,SOLUVIT RICHTER
P0001070,0236164,0.03,Piloto GRANEL KLINSE SHAMPOO NEUTRO,SYNOTOL CN- 80
P0001070,0237349,0.35,Piloto GRANEL KLINSE SHAMPOO NEUTRO,TEXAPON N 040
P0001089,0108082,0.00202040610162643,CLEANANCE HYDRA SAVON 80G - 05 - BG19,KARITE BEURRE SB45
P0001089,P0000458,0.00101020305081321,CLEANANCE HYDRA SAVON 80G - 05 - BG19,HUILE AMANDE DOUCE RAFFINEE
P0001089,0237366,0.000101020305081321,CLEANANCE HYDRA SAVON 80G - 05 - BG19,L - SERINE
P0001089,P0000461,0.0968784725729872,CLEANANCE HYDRA SAVON 80G - 05 - BG19,BASE SYNDET MI HS 27/21
P0001089,P0000550,0.00101020305081321,CLEANANCE HYDRA SAVON 80G - 05 - BG19,NOYAU ETA GLYCERINE
P0001089,P0000479,1.01000101020305,CLEANANCE HYDRA SAVON 80G - 05 - BG19,CARTUCHO CLEANANCE HYDRA PAIN SAB BARRA
P0001089,1405989,1,CLEANANCE HYDRA SAVON 80G - 05 - BG19,BULA AVENE CLEAANCE BARRA
P0001089,P0000313,0.0841499141327407,CLEANANCE HYDRA SAVON 80G - 05 - BG19,CAIXA AV CLEANANCE SAB BARRA 80G
P0001089,P0001370,0.000909182745731892,CLEANANCE HYDRA SAVON 80G - 05 - BG19,FLOW PACK SABONETE BARRA 80G AV DW DU
P0001091,0237361,0.0879509834858525,TRIXERA SABONETE BARRA 80G,SODIUM COCOYL ISETHIONATE MEL
P0001091,0237371,0.000184074892184706,TRIXERA SABONETE BARRA 80G,WHITE BEESWAX
P0001091,0237367,1.84074892184706E-05,TRIXERA SABONETE BARRA 80G,CETYL ALCOHOL
P0001091,0108085,3.68149784369412E-05,TRIXERA SABONETE BARRA 80G,STEARATE GLYCERYL SG
P0001091,0240703,0.000901966971705059,TRIXERA SABONETE BARRA 80G,PARAFINA LIQUIDA
P0001091,P0000459,0.00092037446092353,TRIXERA SABONETE BARRA 80G,HUILE PALME ETHOXYLEE
P0001091,0226409,0.000092037446092353,TRIXERA SABONETE BARRA 80G,ALPHA TOCOPHERYLE ACETATE Z
P0001091,P0000550,0.00092037446092353,TRIXERA SABONETE BARRA 80G,NOYAU ETA GLYCERINE
P0001091,0237360,0.000092037446092353,TRIXERA SABONETE BARRA 80G,TITANIUM DIOXIDE
P0001091,P0000570,0.00092037446092353,TRIXERA SABONETE BARRA 80G,PARF. SURGRAS 401439 E1301981
P0001091,1014703,0.00105185652676975,TRIXERA SABONETE BARRA 80G,FLOW PACK CLEANANCE BARRA 80G
P0001091,P0000927,1.02040601661933,TRIXERA SABONETE BARRA 80G,CARTUCHO TRIXERA SABONETE BARRA FAMILIA 80G P AV
P0001091,P0000313,0.0849900073629957,TRIXERA SABONETE BARRA 80G,CAIXA AV CLEANANCE SAB BARRA 80G
P0001091,P0001039,1.02040601661933,TRIXERA SABONETE BARRA 80G,BULA TRIXERA SABONETE BARRA AV P
P0001092,0237361,0.0185270396029366,TRIXERA SABONETE BARRA 16G,SODIUM COCOYL ISETHIONATE MEL
P0001092,0237371,3.87757212284148E-05,TRIXERA SABONETE BARRA 16G,WHITE BEESWAX
P0001092,0237367,3.87757212284149E-06,TRIXERA SABONETE BARRA 16G,CETYL ALCOHOL
P0001092,0108085,7.75514424568297E-06,TRIXERA SABONETE BARRA 16G,STEARATE GLYCERYL SG
P0001092,0240703,0.000190001034019233,TRIXERA SABONETE BARRA 16G,PARAFINA LIQUIDA
P0001092,P0000459,0.000193878606142074,TRIXERA SABONETE BARRA 16G,HUILE PALME ETHOXYLEE
P0001092,0226409,1.93878606142074E-05,TRIXERA SABONETE BARRA 16G,ALPHA TOCOPHERYLE ACETATE Z
P0001092,P0000550,0.000193878606142074,TRIXERA SABONETE BARRA 16G,NOYAU ETA GLYCERINE
P0001092,0237360,1.93878606142074E-05,TRIXERA SABONETE BARRA 16G,TITANIUM DIOXIDE
P0001092,P0000570,0.000193878606142074,TRIXERA SABONETE BARRA 16G,PARF. SURGRAS 401439 E1301981
P0001092,P0000955,0.0204218798469652,TRIXERA SABONETE BARRA 16G,AV CAIXA SAB BARRA AG AVENE
P0001092,P0000898,0.000517009616378865,TRIXERA SABONETE BARRA 16G,FLOW PACK TRIXERA SABONETE BARRA 16G P AV
P0001109,0226402,0.005,PilotoGRANEL SKIN SEC LOÇÃO SEM PERFUME,2 PHENOXYETHANOL
P0001109,0226405,0.003,PilotoGRANEL SKIN SEC LOÇÃO SEM PERFUME,CARBOPOL 981
P0001109,0108077,0.05,PilotoGRANEL SKIN SEC LOÇÃO SEM PERFUME,GLICERINA PURA OLEON
P0001109,0108037,0.025,PilotoGRANEL SKIN SEC LOÇÃO SEM PERFUME,ARLACEL 2121-FL
P0001109,0226406,0.01,PilotoGRANEL SKIN SEC LOÇÃO SEM PERFUME,SQUALENO VEGETAL
P0001109,0226408,0.005,PilotoGRANEL SKIN SEC LOÇÃO SEM PERFUME,CETEARYL ALC/CETEARYL MEL
P0001109,0240703,0.055,PilotoGRANEL SKIN SEC LOÇÃO SEM PERFUME,PARAFINA LIQUIDA
P0001109,0108022,0.06,PilotoGRANEL SKIN SEC LOÇÃO SEM PERFUME,WAGLINOL 6016
P0001109,0226407,0.06,PilotoGRANEL SKIN SEC LOÇÃO SEM PERFUME,SILOXANE CYCLOPENTA CM5
P0001109,0108009,0.05,PilotoGRANEL SKIN SEC LOÇÃO SEM PERFUME,HUILE COCO RAFFINEE
P0001109,0226409,0.005,PilotoGRANEL SKIN SEC LOÇÃO SEM PERFUME,ALPHA TOCOPHERYLE ACETATE Z
P0001109,0226401,0.003,PilotoGRANEL SKIN SEC LOÇÃO SEM PERFUME,NIPAGIN CLARIANT
P0001109,0226400,0.003,PilotoGRANEL SKIN SEC LOÇÃO SEM PERFUME,NIPAZOL CLARIANT
P0001109,0226404,0.0007,PilotoGRANEL SKIN SEC LOÇÃO SEM PERFUME,HIDRÓXIDO DE SÓDIO MERCK
P0001109,0108051,0.005,PilotoGRANEL SKIN SEC LOÇÃO SEM PERFUME,EXTRAIT FLUI BOURGEON PEUPLIER
P0001162,1611661,0.00999873239274314,AV SOLAR TOQUE SECO FPS70 3ML P - 03 - BG19,CAIXA 054
P0001162,P0000684,0.00391229694276177,AV SOLAR TOQUE SECO FPS70 3ML P - 03 - BG19,GRANEL AVENE TOQUE SECO FPS70
P0001162,P0000680,0.00135979687554017,AV SOLAR TOQUE SECO FPS70 3ML P - 03 - BG19,ESTRUTURA AVENE SOLAR TS FPS70
P0001163,P0000686,0.00391229694276177,AV SOLAR TOQUE SECO FPS70 COR 3ML P - 03 - BG19,GRANEL AVENE TOQUE SECO FPS70 COLOR
P0001163,P0000681,0.00135979687554017,AV SOLAR TOQUE SECO FPS70 COR 3ML P - 03 - BG19,ESTRUTURA AVENE SOLAR TS FPS70 COLOR
P0001163,1611661,0.00999873239274314,AV SOLAR TOQUE SECO FPS70 COR 3ML P - 03 - BG19,CAIXA 054
P0001239,0213014,0.05,Piloto GRANEL DOCTAR SHAMPOO NF,CAPRIC CAPRYLIC TRIGLY 30 70
P0001239,0209458,0.035,Piloto GRANEL DOCTAR SHAMPOO NF,CLORETO DE SODIO P/ COSMETICO
P0001239,P0000858,0.01,Piloto GRANEL DOCTAR SHAMPOO NF,ECOEXTRACT ALOE VERA
P0001239,0108077,0.09,Piloto GRANEL DOCTAR SHAMPOO NF,GLICERINA PURA OLEON
P0001239,0227532,0.001,Piloto GRANEL DOCTAR SHAMPOO NF,OLEO DE MELALEUCA
P0001239,P0000711,0.0055,Piloto GRANEL DOCTAR SHAMPOO NF,691861 - Trisodiumethylenediamine Disuccinate
P0001239,P0000720,0.003,Piloto GRANEL DOCTAR SHAMPOO NF,ESS. CALMING THERAPY EAF24392
P0001239,0226342,0.005,Piloto GRANEL DOCTAR SHAMPOO NF,OCTOPIROX
P0001239,0200371,0.02,Piloto GRANEL DOCTAR SHAMPOO NF,ACIDO SALICILICO 00340
P0001239,0108118,0.015,Piloto GRANEL DOCTAR SHAMPOO NF,SODIUM SHALE OIL SULFONATE
P0001239,P0000748,0.4,Piloto GRANEL DOCTAR SHAMPOO NF,692539 - MIRACARE SLB 205 W
P0001239,0108055,0.005,Piloto GRANEL DOCTAR SHAMPOO NF,BISABOLOL(ALPHA)SYNTH
P0001239,P0000771,0.04,Piloto GRANEL DOCTAR SHAMPOO NF,117318 - COCAMIDE MONOISOPROPOLAMIDE
P0001239,0223043,0.005,Piloto GRANEL DOCTAR SHAMPOO NF,LACTATO DE MENTILA
P0001375,0108077,0.15,GRANEL DEXERYL CREME,GLICERINA PURA OLEON
P0001375,P0001249,0.08,GRANEL DEXERYL CREME,1702 VASELINA BRANCA QUALIDADE A
P0001375,0108016,0.02,GRANEL DEXERYL CREME,PARAFINA LIQUIDA
P0001375,P0001242,0.03,GRANEL DEXERYL CREME,12748 ÁCIDO ESTEÁRICO 50 PASTILHAS
P0001375,0108085,0.05,GRANEL DEXERYL CREME,STEARATE GLYCERYL SG
P0001375,P0001245,0.005,GRANEL DEXERYL CREME,1826 HUILE SILICONE DM350
P0001375,P0001241,0.05,GRANEL DEXERYL CREME,6444 MACROGOL 600P
P0001375,P0001248,0.005,GRANEL DEXERYL CREME,1836 TRIETANOLAMINA
P0001375,P0001244,0.003,GRANEL DEXERYL CREME,110858 ETHYLHEXYLGLYCERINE
P0001375,P0001246,0.004,GRANEL DEXERYL CREME,613925 PENTYLENE GLYCOL
P0001375,P0001247,0.005,GRANEL DEXERYL CREME,SEPINEO P600
P0001375,P0001243,0.00025,GRANEL DEXERYL CREME,23462 CARBOPOL 980
P0001382,P0001121,0.001,GRANEL ACTINE SOLAR FPS30 COLOR,ALANTOÍNA
P0001382,0108042,0.025,GRANEL ACTINE SOLAR FPS30 COLOR,CETYL PHOSPHATE POTASSIUM
P0001382,0237393,0.0005,GRANEL ACTINE SOLAR FPS30 COLOR,BTH
P0001382,P0001122,0.001,GRANEL ACTINE SOLAR FPS30 COLOR,CARBOPOL U20
P0001382,P0001125,0.01,GRANEL ACTINE SOLAR FPS30 COLOR,DIBUTYL ADIPATE
P0001382,0237388,0.02,GRANEL ACTINE SOLAR FPS30 COLOR,DICAPRYLYL CARBONATE
P0001382,0226364,0.0015,GRANEL ACTINE SOLAR FPS30 COLOR,BEHENATE DIGLYCERYL BEHE MEL
P0001382,P0001124,0.005,GRANEL ACTINE SOLAR FPS30 COLOR,DC EP 9801 HIDRO COSMETIC POWDER
P0001382,P0001126,0.01,GRANEL ACTINE SOLAR FPS30 COLOR,DIÓXIDO DE TITÂNIO MICRO
P0001382,0108032,0.06,GRANEL ACTINE SOLAR FPS30 COLOR,DRY FLO PC
P0001382,0108015,0.0005,GRANEL ACTINE SOLAR FPS30 COLOR,TRILON BD
P0001382,P0001123,0.03,GRANEL ACTINE SOLAR FPS30 COLOR,COCO-CAPRYLATE/CAPRATE
P0001382,P0001137,0.004,GRANEL ACTINE SOLAR FPS30 COLOR,SODIUM STEAROYL GLUTAMATE
P0001382,0226404,0.0005,GRANEL ACTINE SOLAR FPS30 COLOR,HIDRÓXIDO DE SÓDIO MERCK
P0001382,P0001127,0.016,GRANEL ACTINE SOLAR FPS30 COLOR,METHILAN GMS AE
P0001382,0226373,0.004,GRANEL ACTINE SOLAR FPS30 COLOR,NICOTINAMIDA
P0001382,P0001129,0.0015,GRANEL ACTINE SOLAR FPS30 COLOR,PEMULEN TR-1
P0001382,0226402,0.005,GRANEL ACTINE SOLAR FPS30 COLOR,2 PHENOXYETHANOL
P0001382,P0001130,0.004,GRANEL ACTINE SOLAR FPS30 COLOR,SENSIVA SC 10
P0001382,P0001131,0.005,GRANEL ACTINE SOLAR FPS30 COLOR,SEPICONTROL A5
P0001382,P0001132,0.025,GRANEL ACTINE SOLAR FPS30 COLOR,SEPIMAT CP 5
P0001382,P0001133,0.04,GRANEL ACTINE SOLAR FPS30 COLOR,SKIN COLOR AMARELO 6
P0001382,P0001171,0.02,GRANEL ACTINE SOLAR FPS30 COLOR,SKIN COLOR CARAMELO
P0001382,P0001172,0.002,GRANEL ACTINE SOLAR FPS30 COLOR,SKIN COLOR MÉDIO ESCURO
P0001382,P0001128,0.015,GRANEL ACTINE SOLAR FPS30 COLOR,NYLON 12
P0001382,0237386,0.054,GRANEL ACTINE SOLAR FPS30 COLOR,MBBT DECYL GLUCOSIDE MEL
P0001382,0108057,0.03,GRANEL ACTINE SOLAR FPS30 COLOR,ETHYLHEXYLOXYPHENOL(BIS)METHO
P0001382,0237403,0.038,GRANEL ACTINE SOLAR FPS30 COLOR,UVINUL A PLUS
P0001382,0108010,0.055,GRANEL ACTINE SOLAR FPS30 COLOR,METHOXYCINNAMATE(p)ETHYLHEXYL
P0001382,0226409,0.001,GRANEL ACTINE SOLAR FPS30 COLOR,ALPHA TOCOPHERYLE ACETATE Z
P0001387,0200371,0.02,GRANEL DOCTAR SHAMPOO REFORMULAÇÃO,ACIDO SALICILICO 00340
P0001387,0206253,0.0005,GRANEL DOCTAR SHAMPOO REFORMULAÇÃO,ANTI - UV (TINOGARD HS)
P0001387,0209458,0.003,GRANEL DOCTAR SHAMPOO REFORMULAÇÃO,CLORETO DE SODIO P/ COSMETICO
P0001387,0209627,0.05,GRANEL DOCTAR SHAMPOO REFORMULAÇÃO,COCOAMIDOPROPILBETAINA
P0001387,0210347,0.05,GRANEL DOCTAR SHAMPOO REFORMULAÇÃO,DIPROPILENOGLICOL
P0001387,0213012,0.0005,GRANEL DOCTAR SHAMPOO REFORMULAÇÃO,EDTA DISSODICO
P0001387,P0000858,0.01,GRANEL DOCTAR SHAMPOO REFORMULAÇÃO,ECOEXTRACT ALOE VERA
P0001387,0219439,0.004,GRANEL DOCTAR SHAMPOO REFORMULAÇÃO,HIDROXIDO DE SODIO
P0001387,0223043,0.025,GRANEL DOCTAR SHAMPOO REFORMULAÇÃO,LACTATO DE MENTILA
P0001387,0226307,0.06,GRANEL DOCTAR SHAMPOO REFORMULAÇÃO,N-COCOIL L-GLUTAMATO DISSODICO
P0001387,0226342,0.005,GRANEL DOCTAR SHAMPOO REFORMULAÇÃO,OCTOPIROX
P0001387,0227532,0.001,GRANEL DOCTAR SHAMPOO REFORMULAÇÃO,OLEO DE MELALEUCA
P0001387,0227565,0.004,GRANEL DOCTAR SHAMPOO REFORMULAÇÃO,OLEO DE RICINO HIDROGENADO
P0001387,0227597,0.02,GRANEL DOCTAR SHAMPOO REFORMULAÇÃO,OLETH 3 FOSFATO
P0001387,0228086,0.003,GRANEL DOCTAR SHAMPOO REFORMULAÇÃO,PEG 120 METILGLUCOSEDIOLEATO
P0001387,0228389,0.03,GRANEL DOCTAR SHAMPOO REFORMULAÇÃO,PIRROLIDONA CARBOX. DE SODIO
P0001387,0235021,0.0003,GRANEL DOCTAR SHAMPOO REFORMULAÇÃO,SALCARE SC60
P0001387,0108118,0.015,GRANEL DOCTAR SHAMPOO REFORMULAÇÃO,SODIUM SHALE OIL SULFONATE
P0001387,0236164,0.05,GRANEL DOCTAR SHAMPOO REFORMULAÇÃO,SYNOTOL CN- 80
P0001387,0237349,0.35,GRANEL DOCTAR SHAMPOO REFORMULAÇÃO,TEXAPON N 040
P0001388,P0001121,0.001,GRANEL ACTINE SOLAR FPS30 COLOR PELE MORENA,ALANTOÍNA
P0001388,0108042,0.025,GRANEL ACTINE SOLAR FPS30 COLOR PELE MORENA,CETYL PHOSPHATE POTASSIUM
P0001388,0237393,0.0005,GRANEL ACTINE SOLAR FPS30 COLOR PELE MORENA,BTH
P0001388,P0001122,0.001,GRANEL ACTINE SOLAR FPS30 COLOR PELE MORENA,CARBOPOL U20
P0001388,P0001125,0.01,GRANEL ACTINE SOLAR FPS30 COLOR PELE MORENA,DIBUTYL ADIPATE
P0001388,0237388,0.02,GRANEL ACTINE SOLAR FPS30 COLOR PELE MORENA,DICAPRYLYL CARBONATE
P0001388,0226364,0.0015,GRANEL ACTINE SOLAR FPS30 COLOR PELE MORENA,BEHENATE DIGLYCERYL BEHE MEL
P0001388,P0001124,0.005,GRANEL ACTINE SOLAR FPS30 COLOR PELE MORENA,DC EP 9801 HIDRO COSMETIC POWDER
P0001388,P0001126,0.01,GRANEL ACTINE SOLAR FPS30 COLOR PELE MORENA,DIÓXIDO DE TITÂNIO MICRO
P0001388,0108032,0.06,GRANEL ACTINE SOLAR FPS30 COLOR PELE MORENA,DRY FLO PC
P0001388,0108015,0.0005,GRANEL ACTINE SOLAR FPS30 COLOR PELE MORENA,TRILON BD
P0001388,P0001123,0.03,GRANEL ACTINE SOLAR FPS30 COLOR PELE MORENA,COCO-CAPRYLATE/CAPRATE
P0001388,P0001137,0.004,GRANEL ACTINE SOLAR FPS30 COLOR PELE MORENA,SODIUM STEAROYL GLUTAMATE
P0001388,0226404,0.0005,GRANEL ACTINE SOLAR FPS30 COLOR PELE MORENA,HIDRÓXIDO DE SÓDIO MERCK
P0001388,P0001127,0.016,GRANEL ACTINE SOLAR FPS30 COLOR PELE MORENA,METHILAN GMS AE
P0001388,0226373,0.004,GRANEL ACTINE SOLAR FPS30 COLOR PELE MORENA,NICOTINAMIDA
P0001388,P0001129,0.0015,GRANEL ACTINE SOLAR FPS30 COLOR PELE MORENA,PEMULEN TR-1
P0001388,0226402,0.005,GRANEL ACTINE SOLAR FPS30 COLOR PELE MORENA,2 PHENOXYETHANOL
P0001388,P0001130,0.004,GRANEL ACTINE SOLAR FPS30 COLOR PELE MORENA,SENSIVA SC 10
P0001388,P0001131,0.005,GRANEL ACTINE SOLAR FPS30 COLOR PELE MORENA,SEPICONTROL A5
P0001388,P0001132,0.025,GRANEL ACTINE SOLAR FPS30 COLOR PELE MORENA,SEPIMAT CP 5
P0001388,P0001133,0.04,GRANEL ACTINE SOLAR FPS30 COLOR PELE MORENA,SKIN COLOR AMARELO 6
P0001388,P0001171,0.02,GRANEL ACTINE SOLAR FPS30 COLOR PELE MORENA,SKIN COLOR CARAMELO
P0001388,P0001172,0.002,GRANEL ACTINE SOLAR FPS30 COLOR PELE MORENA,SKIN COLOR MÉDIO ESCURO
P0001388,P0001128,0.015,GRANEL ACTINE SOLAR FPS30 COLOR PELE MORENA,NYLON 12
P0001388,0237386,0.054,GRANEL ACTINE SOLAR FPS30 COLOR PELE MORENA,MBBT DECYL GLUCOSIDE MEL
P0001388,0108057,0.03,GRANEL ACTINE SOLAR FPS30 COLOR PELE MORENA,ETHYLHEXYLOXYPHENOL(BIS)METHO
P0001388,0237403,0.038,GRANEL ACTINE SOLAR FPS30 COLOR PELE MORENA,UVINUL A PLUS
P0001388,0108010,0.055,GRANEL ACTINE SOLAR FPS30 COLOR PELE MORENA,METHOXYCINNAMATE(p)ETHYLHEXYL
P0001388,0226409,0.001,GRANEL ACTINE SOLAR FPS30 COLOR PELE MORENA,ALPHA TOCOPHERYLE ACETATE Z
P0001390,0226373,0.01,ACTINE LOÇÃO MICELAR,NICOTINAMIDA
P0001390,P0000858,0.01,ACTINE LOÇÃO MICELAR,ECOEXTRACT ALOE VERA
P0001390,P0001750,0.03,ACTINE LOÇÃO MICELAR,P REFINYL BSP
P0001390,0108035,0.005,ACTINE LOÇÃO MICELAR,GLUCONATO DE ZINCO
P0001390,P0001313,0.01,ACTINE LOÇÃO MICELAR,TEGOSOFT GM6
P0001390,P0001314,0.014,ACTINE LOÇÃO MICELAR,HEXILENEGLICOL
P0001390,0108014,0.0005,ACTINE LOÇÃO MICELAR,BROMURE DE CETRIMONIUM
P0001390,0213012,0.002,ACTINE LOÇÃO MICELAR,EDTA DISSODICO
P0001390,0108107,0.0004,ACTINE LOÇÃO MICELAR,PARF. SKIN II PY 94574
P0001390,0219439,0.01,ACTINE LOÇÃO MICELAR,HIDROXIDO DE SODIO
P0001411,P0000998,0.00381465615113304,AV AQUA FLUIDO COM COR MAT PERFECT  3ML - 01 - BG19,GRANEL Aqua-fluido com cor MAT PERFECT FPS30 AV
P0001411,P0001355,0.00135859281573092,AV AQUA FLUIDO COM COR MAT PERFECT  3ML - 01 - BG19,SACHE AQUA-FLUIDO COM COR MAT PERFECT 30 3ML PF AV
P0001411,1611661,0.00999833487231498,AV AQUA FLUIDO COM COR MAT PERFECT  3ML - 01 - BG19,CAIXA 054
P0001412,P0001345,1.04999169573161,AV AQUA FLUIDO COM COR MAT PERFECT  50ML - 02 - BG19,BISNAGA AQUA-FLUIDO COM COR MAT PERFECT 30 50ML PF AV
P0001412,P0001351,1.00498256103637,AV AQUA FLUIDO COM COR MAT PERFECT  50ML - 02 - BG19,CARTUCHO AQUA-FLUIDO COM COR MAT PERFECT 30 50ML PF AV
P0001412,1405988,1,AV AQUA FLUIDO COM COR MAT PERFECT  50ML - 02 - BG19,BULA AVENE SOLAR
P0001412,P0002010,0.0833194928860101,AV AQUA FLUIDO COM COR MAT PERFECT  50ML - 02 - BG19,CAIXA BISNAGA 50ML D30 C/CART 12UN
P0001412,P0000998,0.0558046836073742,AV AQUA FLUIDO COM COR MAT PERFECT  50ML - 02 - BG19,GRANEL Aqua-fluido com cor MAT PERFECT FPS30 AV
P0001413,P0000999,0.00376583106063436,AV AQUA-FLUIDO MAT PERFECT 30  3ML - 01 - BG19,GRANEL Aqua-fluido MAT PERFECT FPS30 AV
P0001413,P0001356,0.00135988343856241,AV AQUA-FLUIDO MAT PERFECT 30  3ML - 01 - BG19,SACHE AQUA-FLUIDO MAT PERFECT 30 3ML PF AV
P0001413,1611661,0.0100011207830538,AV AQUA-FLUIDO MAT PERFECT 30  3ML - 01 - BG19,CAIXA 054
P0001415,P0001346,0.99547289189484,AV AQUA-FLUIDO MAT PERFECT 30  50ML - 02 - BG19,BISNAGA AQUA-FLUIDO MAT PERFECT 30 50ML PF AV
P0001415,P0001352,1.00501799934548,AV AQUA-FLUIDO MAT PERFECT 30  50ML - 02 - BG19,CARTUCHO AQUA-FLUIDO MAT PERFECT 30 50ML PF AV
P0001415,1405988,1,AV AQUA-FLUIDO MAT PERFECT 30  50ML - 02 - BG19,BULA AVENE SOLAR
P0001415,P0002010,0.0833424239118578,AV AQUA-FLUIDO MAT PERFECT 30  50ML - 02 - BG19,CAIXA BISNAGA 50ML D30 C/CART 12UN
P0001415,P0000999,0.0549798189156758,AV AQUA-FLUIDO MAT PERFECT 30  50ML - 02 - BG19,GRANEL Aqua-fluido MAT PERFECT FPS30 AV
P0001417,1611661,0.0100016492276117,AV CLEANANCE SOLAR FPS30 3ML - 01 - BG19,CAIXA 054
P0001417,P0000471,0.00135969654211944,AV CLEANANCE SOLAR FPS30 3ML - 01 - BG19,ESTRUTURA CLEANANCE SOLAR FPS30
P0001417,P0001002,0.00373275182789394,AV CLEANANCE SOLAR FPS30 3ML - 01 - BG19,GRANEL CLEANANCE SOLAR FPS30 AV
P0001418,P0000477,0.0833511434067108,AV CLEANANCE SOLAR FPS30 50ML - 01 - BG19,CAIXA PAP SOLARES
P0001418,1405988,1,AV CLEANANCE SOLAR FPS30 50ML - 01 - BG19,BULA AVENE SOLAR
P0001418,P0001401,1.05001068604403,AV CLEANANCE SOLAR FPS30 50ML - 01 - BG19,BISNAGA CLEANANCE SOLAR FPS30 50ML PF AV
P0001418,P0001402,1.00502244069246,AV CLEANANCE SOLAR FPS30 50ML - 01 - BG19,CARTUCHO CLEANANCE SOLAR FPS30 50ML PF AV
P0001418,P0001002,0.0544186792049583,AV CLEANANCE SOLAR FPS30 50ML - 01 - BG19,GRANEL CLEANANCE SOLAR FPS30 AV
P0001419,P0001000,0.00373905269912867,AV FLUIDO COM COR MAT PERFECT 60 3ML - 01 - BG19,GRANEL Fluido com cor MAT PERFECT FPS60 AV
P0001419,P0001357,0.00135763223004077,AV FLUIDO COM COR MAT PERFECT 60 3ML - 01 - BG19,SACHE FLUIDO COM COR MAT PERFECT 60 3ML PF AV
P0001419,1611661,0.0100004822190981,AV FLUIDO COM COR MAT PERFECT 60 3ML - 01 - BG19,CAIXA 054
P0001420,P0001347,1.04998106777736,AV FLUIDO COM COR MAT PERFECT 60 50ML - 02 - BG19,BISNAGA FLUIDO COM COR MAT PERFECT 60 50ML PF AV
P0001420,P0001353,1.00497646995186,AV FLUIDO COM COR MAT PERFECT 60 50ML - 02 - BG19,CARTUCHO FLUIDO COM COR MAT PERFECT 60 50ML PF AV
P0001420,1405988,1,AV FLUIDO COM COR MAT PERFECT 60 50ML - 02 - BG19,BULA AVENE SOLAR
P0001420,P0000477,0.0833558716936225,AV FLUIDO COM COR MAT PERFECT 60 50ML - 02 - BG19,CAIXA PAP SOLARES
P0001420,P0001000,0.0545248012116622,AV FLUIDO COM COR MAT PERFECT 60 50ML - 02 - BG19,GRANEL Fluido com cor MAT PERFECT FPS60 AV
P0001421,P0001001,0.00382410628587471,AV FLUIDO MAT PERFECT 60  3ML - 01 - BG19,GRANEL Fluido MAT PERFECT FPS60 AV
P0001421,P0001358,0.00135816473248328,AV FLUIDO MAT PERFECT 60  3ML - 01 - BG19,SACHE FLUIDO MAT PERFECT 60 3ML PF AV
P0001421,1611661,0.0100003414380612,AV FLUIDO MAT PERFECT 60  3ML - 01 - BG19,CAIXA 054
P0001422,P0001349,1.05002498473155,AV FLUIDO MAT PERFECT 60  50ML 02 - BG19,BISNAGA FLUIDO MAT PERFECT 60 50ML PF AV
P0001422,P0001354,1.00499694631059,AV FLUIDO MAT PERFECT 60  50ML 02 - BG19,CARTUCHO FLUIDO MAT PERFECT 60 50ML PF AV
P0001422,1405988,1,AV FLUIDO MAT PERFECT 60  50ML 02 - BG19,BULA AVENE SOLAR
P0001422,P0000477,0.0833379601354728,AV FLUIDO MAT PERFECT 60  50ML 02 - BG19,CAIXA PAP SOLARES
P0001422,P0001001,0.0559657986785853,AV FLUIDO MAT PERFECT 60  50ML 02 - BG19,GRANEL Fluido MAT PERFECT FPS60 AV
P0001423,P0000759,0.0109955952843633,AV TRIXERA NUTRI-FLUIDA 10ML - 02 - BG19,GRANEL AV TRIXERA BAUME
P0001423,P0001323,0.00167336010709505,AV TRIXERA NUTRI-FLUIDA 10ML - 02 - BG19,SACHE TRIXERA NUTRI-FLUIDA 10ML PF AV
P0001423,1611661,0.00999697715593557,AV TRIXERA NUTRI-FLUIDA 10ML - 02 - BG19,CAIXA 054
P0001425,P0001321,1.01013645224172,AV TRIXERA NUTRI-FLUIDA 400ML,FRASCO TRIXERA NUTRI-FLUIDA 400ML PF AV
P0001425,P0001326,1.01013645224172,AV TRIXERA NUTRI-FLUIDA 400ML,VÁLVULA BICO DE PATO 28/410 BRANCA C/ CLIP
P0001425,P0000759,0.392982456140351,AV TRIXERA NUTRI-FLUIDA 400ML,GRANEL AV TRIXERA BAUME
P0001425,P0001316,0.0834307992202729,AV TRIXERA NUTRI-FLUIDA 400ML,CAIXA FRASCO 400ML SEM CARTUCHO 12UN
P0001426,P0000759,0.215327695560254,AV TRIXERA NUTRI-FLUIDA 200ML - 02 - BG19,GRANEL AV TRIXERA BAUME
P0001426,P0001318,1.05010570824524,AV TRIXERA NUTRI-FLUIDA 200ML - 02 - BG19,BISNAGA TRIXERA NUTRI-FLUIDA 200ML PF AV
P0001426,P0001317,0.0625792811839323,AV TRIXERA NUTRI-FLUIDA 200ML - 02 - BG19,CAIXA BISNAGA 200ML SEM CARTUCHO 12UN
P0001427,P0000758,0.0110586319218241,AV TRIXERA HYDRA-FLUIDA 10ML - 02 - BG19,GRANEL AV TRIXERA LAIT
P0001427,P0001322,0.00167209554831705,AV TRIXERA HYDRA-FLUIDA 10ML - 02 - BG19,SACHE TRIXERA HYDRA-FLUIDA 10ML PF AV
P0001427,1611661,0.01,AV TRIXERA HYDRA-FLUIDA 10ML - 02 - BG19,CAIXA 054
P0001428,P0000758,0.216609953211399,AV TRIXERA HYDRA-FLUIDA 200ML - 02 - BG19,GRANEL AV TRIXERA LAIT
P0001428,P0001319,1.04997873245427,AV TRIXERA HYDRA-FLUIDA 200ML - 02 - BG19,BISNAGA TRIXERA HYDRA-FLUIDA 200ML PF AV
P0001428,P0001317,0.0625265844321565,AV TRIXERA HYDRA-FLUIDA 200ML - 02 - BG19,CAIXA BISNAGA 200ML SEM CARTUCHO 12UN
P0001430,P0000758,0.434328358208955,AV TRIXERA HYDRA-FLUIDA 400ML - 02 - BG19,GRANEL AV TRIXERA LAIT
P0001430,P0001320,1.00511727078891,AV TRIXERA HYDRA-FLUIDA 400ML - 02 - BG19,FRASCO TRIXERA HYDRA-FLUIDA 400ML PF AV
P0001430,P0001324,1.00511727078891,AV TRIXERA HYDRA-FLUIDA 400ML - 02 - BG19,VÁLVULA TRIXERA HYDRA-FLUIDA CORAL PF AV
P0001430,P0001316,0.0831556503198294,AV TRIXERA HYDRA-FLUIDA 400ML - 02 - BG19,CAIXA FRASCO 400ML SEM CARTUCHO 12UN
P0001431,P0001332,1.00499223801919,DW ACTINE LOÇÃO MICELAR 10ML P - 01 - BG19,FRASCO ACTINE MICELAR 10ML AG P DW
P0001431,1038261,1.00499223801919,DW ACTINE LOÇÃO MICELAR 10ML P - 01 - BG19,TAMPA ACTINE LOCAO ADSTR. AG
P0001431,1611661,0.00999564435609064,DW ACTINE LOÇÃO MICELAR 10ML P - 01 - BG19,CAIXA 054
P0001431,P0001390,0.0114921989300752,DW ACTINE LOÇÃO MICELAR 10ML P - 01 - BG19,ACTINE LOÇÃO MICELAR
P0001431,P0001676,1,DW ACTINE LOÇÃO MICELAR 10ML P - 01 - BG19,INDUST ACTINE LOÇÃO MICELAR 10ML
P0001432,P0001333,1.00498410863912,DW ACTINE LOÇÃO MICELAR 200ML P - 01 - BG19,FRASCO ACTINE MICELAR 200ML P DW
P0001432,1036104,1.00498410863912,DW ACTINE LOÇÃO MICELAR 200ML P - 01 - BG19,TAMPA ACTINE LOCAO ADSTR.
P0001432,1617534,0.083357411152846,DW ACTINE LOÇÃO MICELAR 200ML P - 01 - BG19,CAIXA 040
P0001432,P0001390,0.22298468650679,DW ACTINE LOÇÃO MICELAR 200ML P - 01 - BG19,ACTINE LOÇÃO MICELAR
P0001433,P0001344,0.00136028562271267,DW ACTINE PROT SOLAR PELE CLARA FPS30 3ML P - 01 - BG19,SACHE ACTINE SOLAR PELE CLARA FPS30 5ML
P0001433,1611661,0.00999903102941944,DW ACTINE PROT SOLAR PELE CLARA FPS30 3ML P - 01 - BG19,CAIXA 054
P0001433,P0001382,0.00379575590885714,DW ACTINE PROT SOLAR PELE CLARA FPS30 3ML P - 01 - BG19,GRANEL ACTINE SOLAR FPS30 COLOR
P0001434,P0001336,1.05001089561996,DW ACTINE PROT SOLAR PELE CLARA FPS30 50ML P - 01 - BG19,BISNAGA ACTINE SOLAR PELE CLARA FPS30 50ML P DW
P0001434,P0001340,1.00501198518196,DW ACTINE PROT SOLAR PELE CLARA FPS30 50ML P - 01 - BG19,CARTUCHO ACTINE SOLAR PELE CLARA FPS30 50ML P DW
P0001434,1617532,0.062486380475049,DW ACTINE PROT SOLAR PELE CLARA FPS30 50ML P - 01 - BG19,CAIXA 031
P0001434,P0001382,0.0554859446502506,DW ACTINE PROT SOLAR PELE CLARA FPS30 50ML P - 01 - BG19,GRANEL ACTINE SOLAR FPS30 COLOR
P0001435,P0001337,1.05001089561996,DW ACTINE PROT SOLAR PELE MORENA FPS30 50ML P - 01 - BG19,BISNAGA ACTINE SOLAR PELE MORENA FPS30 50ML P DW
P0001435,P0001341,1.00501198518196,DW ACTINE PROT SOLAR PELE MORENA FPS30 50ML P - 01 - BG19,CARTUCHO ACTINE SOLAR PELE MORENA FPS30 50ML P DW
P0001435,1617532,0.062486380475049,DW ACTINE PROT SOLAR PELE MORENA FPS30 50ML P - 01 - BG19,CAIXA 031
P0001435,P0001388,0.0554859446502506,DW ACTINE PROT SOLAR PELE MORENA FPS30 50ML P - 01 - BG19,GRANEL ACTINE SOLAR FPS30 COLOR PELE MORENA
P0001436,1611661,0.00999903102941944,DW ACTINE PROT SOLAR PELE MORENA FPS30 3ML P - 01 - BG19,CAIXA 054
P0001436,P0001343,0.00136028562271267,DW ACTINE PROT SOLAR PELE MORENA FPS30 3ML P - 01 - BG19,SACHE ACTINE SOLAR PELE MORENA FPS30 5ML P DW
P0001436,P0001382,0.00379575590885714,DW ACTINE PROT SOLAR PELE MORENA FPS30 3ML P - 01 - BG19,GRANEL ACTINE SOLAR FPS30 COLOR
P0001437,P0001342,0.00135836296857693,DW ACTINE SOLAR FPS70 5ML P - 01 - BG19,SACHE ACTINE SOLAR FPS70 5ML P DW
P0001437,1611661,0.00999825103480441,DW ACTINE SOLAR FPS70 5ML P - 01 - BG19,CAIXA 054
P0001437,P0000621,0.0059377368390369,DW ACTINE SOLAR FPS70 5ML P - 01 - BG19,GRANEL ACTINE PROTETOR SOLAR FPS70
P0001438,P0001335,1.05001089561996,DW ACTINE PROT SOLAR FPS70 50ML P - 01 - BG19,BISNAGA ACTINE SOLAR FPS70 50ML P DW
P0001438,P0001339,1.00501198518196,DW ACTINE PROT SOLAR FPS70 50ML P - 01 - BG19,CARTUCHO ACTINE SOLAR FPS70 50ML P DW
P0001438,1617532,0.062486380475049,DW ACTINE PROT SOLAR FPS70 50ML P - 01 - BG19,CAIXA 031
P0001438,P0000621,0.0554859446502506,DW ACTINE PROT SOLAR FPS70 50ML P - 01 - BG19,GRANEL ACTINE PROTETOR SOLAR FPS70
P0001442,P0001057,0.00934918303653387,DW DOCTAR SENSI SHAMPOO 8ML - 02 - BG19,DW GRANEL DOCTAR SENSI SHAMPOO
P0001442,P0001378,0.00167064439140811,DW DOCTAR SENSI SHAMPOO 8ML - 02 - BG19,ESTRUTURA DOCTAR SENSI SHAMPOO 8ML P DW
P0001442,1611661,0.00999632825408482,DW DOCTAR SENSI SHAMPOO 8ML - 02 - BG19,CAIXA 054
P0001443,P0001057,0.137110163787301,DW DOCTAR SENSI SHAMPOO 120ML - 04 - BG19,DW GRANEL DOCTAR SENSI SHAMPOO
P0001443,P0001374,1.04998878169172,DW DOCTAR SENSI SHAMPOO 120ML - 04 - BG19,BISNAGA DOCTAR SENSI SHAMPOO 120ML P DW
P0001443,P0000215,0.0625084137312093,DW DOCTAR SENSI SHAMPOO 120ML - 04 - BG19,CAIXA PAPELAO 120
P0001444,1611661,0.0100020521605682,DU ANAPHASE SHAMPOO 8ML - 03 - BG19,CAIXA 054
P0001444,P0001364,0.00198970350741008,DU ANAPHASE SHAMPOO 8ML - 03 - BG19,ESTRUTURA ANAPHASE SHAMPOO 8ML PF DU
P0001444,P0000837,0.00918118793329586,DU ANAPHASE SHAMPOO 8ML - 03 - BG19,DU GRANEL ANAPHASE SHAMPOO
P0001445,1611661,0.00999973428518286,DU EXTRA DX SHAMPOO 8ML - 03 - BG19,CAIXA 054
P0001445,P0001365,0.00198400396800794,DU EXTRA DX SHAMPOO 8ML - 03 - BG19,ESTRUTURA EXTRA-DOUX SHAMPOO 8ML PF DU
P0001445,P0000836,0.00911401822803646,DU EXTRA DX SHAMPOO 8ML - 03 - BG19,DU GRANEL EXTRA DOUX   SHAMPOO
P0001446,P0001366,0.00198400396800794,DU KELUAL DS 8ML - 04 - BG19,ESTRUTURA KELUAL DS SHAMPOO 8ML PF DU
P0001446,1611661,0.00999973428518286,DU KELUAL DS 8ML - 04 - BG19,CAIXA 054
P0001446,P0001728,0.00911401822803646,DU KELUAL DS 8ML - 04 - BG19,DU GRANEL KELUAL DS SHAMPOO
P0001447,P0000828,0.00580123714158778,DU KERACNYL GEL 5 ML - 01 - BG19,GRANEL DUCRAY KERACNYL FOAMING GEL
P0001447,1611661,0.0100019365936457,DU KERACNYL GEL 5 ML - 01 - BG19,CAIXA 054
P0001447,P0001362,0.00136131141564996,DU KERACNYL GEL 5 ML - 01 - BG19,ESTRUTURA KERACNYL GEL 5ML PF DU
P0001448,P0000446,0.0624920127795527,DU KERACNYL GEL 60ML - 01 - BG19,CAIXA AV 060
P0001448,P0001359,1.05003194888179,DU KERACNYL GEL 60ML - 01 - BG19,BISNAGA KERACNYL GEL 60ML PF DU
P0001448,P0000828,0.0650798722044728,DU KERACNYL GEL 60ML - 01 - BG19,GRANEL DUCRAY KERACNYL FOAMING GEL
P0001449,P0000469,0.0624900872323553,DU KERACNYL GEL 150ML - 01 - BG19,CAIXA PAP 150
P0001449,P0001360,1.04996034892942,DU KERACNYL GEL 150ML - 01 - BG19,BISNAGA KERACNYL GEL 150ML PF DU
P0001449,P0000828,0.161538461538462,DU KERACNYL GEL 150ML - 01 - BG19,GRANEL DUCRAY KERACNYL FOAMING GEL
P0001450,P0001367,0.00198857986989006,DU KERTYOL PSO 8 ML - 04 - BG19,ESTRUTURA KERTYOL PSO SHAMPOO 8ML PF DU
P0001450,1611661,0.00999971591716145,DU KERTYOL PSO 8 ML - 04 - BG19,CAIXA 054
P0001450,P0000834,0.00974404136246129,DU KERTYOL PSO 8 ML - 04 - BG19,DU GRANEL KERTYOL PSO SHAMPOO
P0001451,P0001368,0.00198695292855761,DU SENSINOL SHAMPOO 8ML - 04 - BG19,ESTRUTURA SENSINOL SHAMPOO 8ML PF DU
P0001451,1611661,0.00999630743261064,DU SENSINOL SHAMPOO 8ML - 04 - BG19,CAIXA 054
P0001451,P0000833,0.0090467901039194,DU SENSINOL SHAMPOO 8ML - 04 - BG19,DU GRANEL SENSINOL SHAMPOO
P0001452,1611661,0.00999745055905598,DU SQUANORM  SHAMPOO 8ML - 01 - BG19,CAIXA 054
P0001452,P0001369,0.00167534690607131,DU SQUANORM  SHAMPOO 8ML - 01 - BG19,ESTRUTURA SQUANORM SHAMPOO 8ML PF DU
P0001452,P0000832,0.00927359143387843,DU SQUANORM  SHAMPOO 8ML - 01 - BG19,DU GRANEL SQUANORM  SHAMPOO PELLICULES SÈCHES
P0001748,7010535,0.00377370375036125,DW SUNSAFE PROT SOLAR FPS60 3ML P - 01 BG19,SUNSAFE P. SOLAR FPS60 GRANEL
P0001748,P0001661,0.00135979310395933,DW SUNSAFE PROT SOLAR FPS60 3ML P - 01 BG19,SACHE SUNSAFE PROT SOLAR FPS60 3ML P DW
P0001748,1611661,0.0100002223094993,DW SUNSAFE PROT SOLAR FPS60 3ML P - 01 BG19,CAIXA 054
P0001749,7010534,0.00386190422022523,DW SUNSAFE PROT SOLAR FPS60 COLOR 3ML P - 01 BG19,SUNSAFE COLOR PS FPS60 GRANEL
P0001749,P0001662,0.00135744890607819,DW SUNSAFE PROT SOLAR FPS60 COLOR 3ML P - 01 BG19,SACHE SUNSAFE PROT SOLAR FPS60 COLOR 3ML P DW
P0001749,1611661,0.00999886247298373,DW SUNSAFE PROT SOLAR FPS60 COLOR 3ML P - 01 BG19,CAIXA 054
P0001754,0226402,0.005,GRANEL NUTRIOL LOÇÃO HIDRATANTE COM PERFUME,2 PHENOXYETHANOL
P0001754,0108077,0.05,GRANEL NUTRIOL LOÇÃO HIDRATANTE COM PERFUME,GLICERINA PURA OLEON
P0001754,0108037,0.025,GRANEL NUTRIOL LOÇÃO HIDRATANTE COM PERFUME,ARLACEL 2121-FL
P0001754,0226409,0.005,GRANEL NUTRIOL LOÇÃO HIDRATANTE COM PERFUME,ALPHA TOCOPHERYLE ACETATE Z
P0001754,0108008,0.002,GRANEL NUTRIOL LOÇÃO HIDRATANTE COM PERFUME,ACIDO BENZOICO
P0001754,0226406,0.01,GRANEL NUTRIOL LOÇÃO HIDRATANTE COM PERFUME,SQUALENO VEGETAL
P0001754,0226408,0.005,GRANEL NUTRIOL LOÇÃO HIDRATANTE COM PERFUME,CETEARYL ALC/CETEARYL MEL
P0001754,0240703,0.055,GRANEL NUTRIOL LOÇÃO HIDRATANTE COM PERFUME,PARAFINA LIQUIDA
P0001754,0108022,0.06,GRANEL NUTRIOL LOÇÃO HIDRATANTE COM PERFUME,WAGLINOL 6016
P0001754,0226407,0.06,GRANEL NUTRIOL LOÇÃO HIDRATANTE COM PERFUME,SILOXANE CYCLOPENTA CM5
P0001754,0108009,0.05,GRANEL NUTRIOL LOÇÃO HIDRATANTE COM PERFUME,HUILE COCO RAFFINEE
P0001754,0226405,0.003,GRANEL NUTRIOL LOÇÃO HIDRATANTE COM PERFUME,CARBOPOL 981
P0001754,0226404,0.00132,GRANEL NUTRIOL LOÇÃO HIDRATANTE COM PERFUME,HIDRÓXIDO DE SÓDIO MERCK
P0001754,0108060,0.002,GRANEL NUTRIOL LOÇÃO HIDRATANTE COM PERFUME,PARF TRENDRESSE U293496
P0001754,0108051,0.005,GRANEL NUTRIOL LOÇÃO HIDRATANTE COM PERFUME,EXTRAIT FLUI BOURGEON PEUPLIER
P0001755,P0001583,0.00167120158554201,DW NUTRIOL LOÇÃO HIDRAT C/ PERF 8ML P - 01 - BG19,SACHE NUTRIOL LOÇÃO HIDRATANTE C/ PERF 8ML NCG18 P DW
P0001755,1611661,0.0100020155195002,DW NUTRIOL LOÇÃO HIDRAT C/ PERF 8ML P - 01 - BG19,CAIXA 054
P0001755,P0001878,0.00868562934596392,DW NUTRIOL LOÇÃO HIDRAT C/ PERF 8ML P - 01 - BG19,GRANEL NUTRIOL LOÇÃO HIDRATANTE COM PERFUME E PARABENOS
P0001756,P0001562,1.04999661269562,DW NUTRIOL LOÇÃO HIDRAT C/ PERF 200ML P - 02 - BG19,BISNAGA NUTRIOL LOÇÃO HIDRATANTE C/ PERF 200ML NCG18 P DW
P0001756,P0000591,0.0625296389133528,DW NUTRIOL LOÇÃO HIDRAT C/ PERF 200ML P - 02 - BG19,CAIXA PAP 200
P0001756,P0001878,0.210199173497731,DW NUTRIOL LOÇÃO HIDRAT C/ PERF 200ML P - 02 - BG19,GRANEL NUTRIOL LOÇÃO HIDRATANTE COM PERFUME E PARABENOS
P0001758,P0001584,0.00167120158554201,DW NUTRIOL LOÇÃO HIDRAT S/ PERF 8ML P - 01 - BG19,SACHE NUTRIOL LOÇÃO HIDRATANTE S/ PERF 8ML NCG18 P DW
P0001758,1611661,0.0100020155195002,DW NUTRIOL LOÇÃO HIDRAT S/ PERF 8ML P - 01 - BG19,CAIXA 054
P0001758,P0001872,0.00868562934596392,DW NUTRIOL LOÇÃO HIDRAT S/ PERF 8ML P - 01 - BG19,GRANEL NUTRIOL LOÇÃO HIDRATANTE SEM PERFUME
P0001759,P0001563,1.04999661269562,DW NUTRIOL LOÇÃO HIDRAT S/ PERF 200ML P - 02 - BG19,BISNAGA NUTRIOL LOÇÃO HIDRATANTE S/ PERF 200ML NCG18 P DW
P0001759,P0000591,0.0625296389133528,DW NUTRIOL LOÇÃO HIDRAT S/ PERF 200ML P - 02 - BG19,CAIXA PAP 200
P0001759,P0001872,0.210199173497731,DW NUTRIOL LOÇÃO HIDRAT S/ PERF 200ML P - 02 - BG19,GRANEL NUTRIOL LOÇÃO HIDRATANTE SEM PERFUME
P0001760,P0001632,1.00488997555012,DW NUTRIOL LOÇÃO HIDRAT S/ PERF 400ML P - 02 - BG19,FRASCO NUTRIOL LOÇÃO HIDRATANTE S/ PERF 400ML NCG18 P DW
P0001760,P0001929,1.00488997555012,DW NUTRIOL LOÇÃO HIDRAT S/ PERF 400ML P - 02 - BG19,VÁLVULA BICO DE PATO 28/410 AZUL C/CLIP
P0001760,P0001316,0.0831295843520782,DW NUTRIOL LOÇÃO HIDRAT S/ PERF 400ML P - 02 - BG19,CAIXA FRASCO 400ML SEM CARTUCHO 12UN
P0001760,P0001872,0.421454767726161,DW NUTRIOL LOÇÃO HIDRAT S/ PERF 400ML P - 02 - BG19,GRANEL NUTRIOL LOÇÃO HIDRATANTE SEM PERFUME
P0001761,P0001580,0.00166929844349199,DW DOCTAR SHAMPOO NF 8ML P - 02 - BG19,SACHE DOCTAR SHAMPOO 8ML NCG18 P DW
P0001761,1611661,0.00999774419129258,DW DOCTAR SHAMPOO NF 8ML P - 02 - BG19,CAIXA 054
P0001761,P0001387,0.00937965260545906,DW DOCTAR SHAMPOO NF 8ML P - 02 - BG19,GRANEL DOCTAR SHAMPOO REFORMULAÇÃO
P0001764,1716352,1.00497512437811,DW DOCTAR SHAMPOO NF 140ML P - 01 - BG19,FRASCO PET AMBAR DOCTAR 140ML
P0001764,P0001744,1.00497512437811,DW DOCTAR SHAMPOO NF 140ML P - 01 - BG19,TAMPA FLIP TOP 24/410 BRANCA LUPLASTIC DARROW 140ML DW
P0001764,P0001606,1.03497817037263,DW DOCTAR SHAMPOO NF 140ML P - 01 - BG19,ROTULO DOCTAR SHAMPOO 140ML NCG18 P DW
P0001764,P0001597,1.03000304599452,DW DOCTAR SHAMPOO NF 140ML P - 01 - BG19,CONTRA-ROTULO DOCTAR SHAMPOO 140ML NCG18 P DW
P0001764,1014693,1.02000203066301,DW DOCTAR SHAMPOO NF 140ML P - 01 - BG19,SLEEVE 52mm BOBINA
P0001764,1611681,0.0624936541780891,DW DOCTAR SHAMPOO NF 140ML P - 01 - BG19,CAIXA  140ml SHAMPOO
P0001764,P0001387,0.158315565031983,DW DOCTAR SHAMPOO NF 140ML P - 01 - BG19,GRANEL DOCTAR SHAMPOO REFORMULAÇÃO
P0001765,P0001626,0.000510401992609379,DW SUAVIÉ SAB BARRA 16G P - 01 - BG19,FLOW PACK SUAVIE SAB BARRA 16G NCG18 P DW
P0001765,1617532,0.0100038790551438,DW SUAVIÉ SAB BARRA 16G P - 01 - BG19,CAIXA 031
P0001765,0108035,1.85786325309814E-05,DW SUAVIÉ SAB BARRA 16G P - 01 - BG19,GLUCONATO DE ZINCO
P0001765,0108055,1.85786325309814E-05,DW SUAVIÉ SAB BARRA 16G P - 01 - BG19,BISABOLOL(ALPHA)SYNTH
P0001765,0108067,0.000092893162654907,DW SUAVIÉ SAB BARRA 16G P - 01 - BG19,HUILE JOJOBA
P0001765,0108082,4.64465813274535E-05,DW SUAVIÉ SAB BARRA 16G P - 01 - BG19,KARITE BEURRE SB45
P0001765,0108112,0.000185786325309814,DW SUAVIÉ SAB BARRA 16G P - 01 - BG19,PARFUM ADELINE 84A
P0001765,0209664,0.00111471795185888,DW SUAVIÉ SAB BARRA 16G P - 01 - BG19,COMPOSTO HIDRATANTE S820A1DV
P0001765,0225047,0.0171016312447684,DW SUAVIÉ SAB BARRA 16G P - 01 - BG19,MASSA 100% VEGETAL P/ SABONETE
P0001766,P0001620,1.00998636223659,DW SUAVIÉ SAB BARRA 80G P - 02 - BG19,CARTUCHO SUAVIE SAB BARRA 80G NCG18 P DW
P0001766,P0001370,0.000894373322775065,DW SUAVIÉ SAB BARRA 80G P - 02 - BG19,FLOW PACK SABONETE BARRA 80G AV DW DU
P0001766,1614528,0.0280673969469007,DW SUAVIÉ SAB BARRA 80G P - 02 - BG19,CAIXA 087
P0001766,0108035,8.57859311072984E-05,DW SUAVIÉ SAB BARRA 80G P - 02 - BG19,GLUCONATO DE ZINCO
P0001766,0108055,8.57859311072984E-05,DW SUAVIÉ SAB BARRA 80G P - 02 - BG19,BISABOLOL(ALPHA)SYNTH
P0001766,0108067,0.000428929655536492,DW SUAVIÉ SAB BARRA 80G P - 02 - BG19,HUILE JOJOBA
P0001766,0108082,0.000214464827768246,DW SUAVIÉ SAB BARRA 80G P - 02 - BG19,KARITE BEURRE SB45
P0001766,0108112,0.000857859311072984,DW SUAVIÉ SAB BARRA 80G P - 02 - BG19,PARFUM ADELINE 84A
P0001766,0209664,0.0051471558664379,DW SUAVIÉ SAB BARRA 80G P - 02 - BG19,COMPOSTO HIDRATANTE S820A1DV
P0001766,0225047,0.0789659495842682,DW SUAVIÉ SAB BARRA 80G P - 02 - BG19,MASSA 100% VEGETAL P/ SABONETE
P0001767,P0001037,0.00595350595350595,DW SUAVIÉ SAB LÍQ 5ML P - 01 - BG19,GRANEL SUAVIE SAB LIQUIDO
P0001767,P0001586,0.00135736499372863,DW SUAVIÉ SAB LÍQ 5ML P - 01 - BG19,SACHE SUAVIE SAB LIQUIDO 5ML NCG18 P DW
P0001767,1611661,0.00999982818164636,DW SUAVIÉ SAB LÍQ 5ML P - 01 - BG19,CAIXA 054
P0001768,P0001037,0.0669349645846748,DW SUAVIÉ SAB LÍQ 60ML P - 01 - BG19,GRANEL SUAVIE SAB LIQUIDO
P0001768,P0001564,1.05003219575016,DW SUAVIÉ SAB LÍQ 60ML P - 01 - BG19,BISNAGA SUAVIE SAB LIQUIDO 60ML NCG18 P DW
P0001768,1611508,0.0625241468126207,DW SUAVIÉ SAB LÍQ 60ML P - 01 - BG19,CAIXA PAP 036
P0001769,P0002976,1.0199850857569,DW SUAVIÉ SAB LÍQ 140ML P - 03,SLEEVE PET TRANSPARENTE
P0001769,P0001037,0.15503355704698,DW SUAVIÉ SAB LÍQ 140ML P - 03,GRANEL SUAVIE SAB LIQUIDO
P0001769,1716351,1.00497141436739,DW SUAVIÉ SAB LÍQ 140ML P - 03,FRASCO PET BRANCO 140ML
P0001769,P0000271,1.00497141436739,DW SUAVIÉ SAB LÍQ 140ML P - 03,VALVULA PRECISÃO DO BRASIL (24/410 SOFT BRANCA)
P0001769,P0001611,1.03499875714641,DW SUAVIÉ SAB LÍQ 140ML P - 03,ROTULO SUAVIE SAB LIQUIDO 140ML NCG18 P DW
P0001769,P0001601,1.02997762863535,DW SUAVIÉ SAB LÍQ 140ML P - 03,CONTRA-ROTULO SUAVIE SAB LIQUIDO 140ML NCG18 P DW
P0001769,1611503,0.0624906785980612,DW SUAVIÉ SAB LÍQ 140ML P - 03,CAIXA 033
P0001770,0225047,0.0152979845409232,DW NUTRIOL SAB BARRA 16G P - 02 - BG19,MASSA 100% VEGETAL P/ SABONETE
P0001770,0209664,0.000751282236509427,DW NUTRIOL SAB BARRA 16G P - 02 - BG19,COMPOSTO HIDRATANTE S820A1DV
P0001770,0202647,0.000375641118254714,DW NUTRIOL SAB BARRA 16G P - 02 - BG19,ASTROCARYUM MURUMURU SODIO
P0001770,0237376,0.000187820559127357,DW NUTRIOL SAB BARRA 16G P - 02 - BG19,MANTEIGA DE KARITE
P0001770,0207291,9.39102795636784E-05,DW NUTRIOL SAB BARRA 16G P - 02 - BG19,CITOQUINAS DO LEITE
P0001770,0226353,0.000187820559127357,DW NUTRIOL SAB BARRA 16G P - 02 - BG19,OLEO DE AMENDOAS
P0001770,0226406,9.39102795636784E-05,DW NUTRIOL SAB BARRA 16G P - 02 - BG19,SQUALENO VEGETAL
P0001770,0201738,0.000375641118254714,DW NUTRIOL SAB BARRA 16G P - 02 - BG19,AMIDO DE MILHO
P0001770,0237360,0.000187820559127357,DW NUTRIOL SAB BARRA 16G P - 02 - BG19,TITANIUM DIOXIDE
P0001770,0228969,0.000187820559127357,DW NUTRIOL SAB BARRA 16G P - 02 - BG19,PVP K-30
P0001770,0209627,9.39102795636784E-05,DW NUTRIOL SAB BARRA 16G P - 02 - BG19,COCOAMIDOPROPILBETAINA
P0001770,0209629,0.000187820559127357,DW NUTRIOL SAB BARRA 16G P - 02 - BG19,PATIONIC 138C
P0001770,0209628,0.000375641118254714,DW NUTRIOL SAB BARRA 16G P - 02 - BG19,SODIUM COCOYL ISETHIONATE
P0001770,0108060,0.000187820559127357,DW NUTRIOL SAB BARRA 16G P - 02 - BG19,PARF TRENDRESSE U293496
P0001770,0206242,9.39102795636784E-06,DW NUTRIOL SAB BARRA 16G P - 02 - BG19,ANTI-OXIDANTE FENOLICO
P0001770,0237375,9.39102795636784E-05,DW NUTRIOL SAB BARRA 16G P - 02 - BG19,D PANTENOL
P0001770,0237374,9.39102795636784E-05,DW NUTRIOL SAB BARRA 16G P - 02 - BG19,CERAMIDAS SH1%
P0001770,P0001628,0.000505670736112114,DW NUTRIOL SAB BARRA 16G P - 02 - BG19,FLOW PACK NUTRIOL SAB BARRA 16G NCG18 P DW
P0001770,1617532,0.0100050567073611,DW NUTRIOL SAB BARRA 16G P - 02 - BG19,CAIXA 031
P0001771,1614528,0.0280612244897959,DW NUTRIOL SAB BARRA 80G P - 03 - BG19,CAIXA 087
P0001771,P0001618,1.00998542274052,DW NUTRIOL SAB BARRA 80G P - 03 - BG19,CARTUCHO NUTRIOL SAB BARRA 80G NCG18 P DW
P0001771,P0001370,0.00087463556851312,DW NUTRIOL SAB BARRA 80G P - 03 - BG19,FLOW PACK SABONETE BARRA 80G AV DW DU
P0001771,0225047,0.0694580903790088,DW NUTRIOL SAB BARRA 80G P - 03 - BG19,MASSA 100% VEGETAL P/ SABONETE
P0001771,0209664,0.00341107871720117,DW NUTRIOL SAB BARRA 80G P - 03 - BG19,COMPOSTO HIDRATANTE S820A1DV
P0001771,0202647,0.00170553935860058,DW NUTRIOL SAB BARRA 80G P - 03 - BG19,ASTROCARYUM MURUMURU SODIO
P0001771,0237376,0.000852769679300291,DW NUTRIOL SAB BARRA 80G P - 03 - BG19,MANTEIGA DE KARITE
P0001771,0207291,0.000426384839650146,DW NUTRIOL SAB BARRA 80G P - 03 - BG19,CITOQUINAS DO LEITE
P0001771,0226353,0.000852769679300291,DW NUTRIOL SAB BARRA 80G P - 03 - BG19,OLEO DE AMENDOAS
P0001771,0226406,0.000426384839650146,DW NUTRIOL SAB BARRA 80G P - 03 - BG19,SQUALENO VEGETAL
P0001771,0201738,0.00170553935860058,DW NUTRIOL SAB BARRA 80G P - 03 - BG19,AMIDO DE MILHO
P0001771,0237360,0.000852769679300291,DW NUTRIOL SAB BARRA 80G P - 03 - BG19,TITANIUM DIOXIDE
P0001771,0228969,0.000852769679300291,DW NUTRIOL SAB BARRA 80G P - 03 - BG19,PVP K-30
P0001771,0209627,0.000426384839650146,DW NUTRIOL SAB BARRA 80G P - 03 - BG19,COCOAMIDOPROPILBETAINA
P0001771,0209629,0.000852769679300291,DW NUTRIOL SAB BARRA 80G P - 03 - BG19,PATIONIC 138C
P0001771,0209628,0.00170553935860058,DW NUTRIOL SAB BARRA 80G P - 03 - BG19,SODIUM COCOYL ISETHIONATE
P0001771,0108060,0.000852769679300291,DW NUTRIOL SAB BARRA 80G P - 03 - BG19,PARF TRENDRESSE U293496
P0001771,0206242,4.26384839650146E-05,DW NUTRIOL SAB BARRA 80G P - 03 - BG19,ANTI-OXIDANTE FENOLICO
P0001771,0237375,0.000426384839650146,DW NUTRIOL SAB BARRA 80G P - 03 - BG19,D PANTENOL
P0001771,0237374,0.000426384839650146,DW NUTRIOL SAB BARRA 80G P - 03 - BG19,CERAMIDAS SH1%
P0001772,P0001585,0.00136034563288183,DW NUTRIOL SAB LÍQ 5ML P - 01 - BG19,SACHE NUTRIOL SAB LIQUIDO 5ML NCG18 P DW
P0001772,1611661,0.0100011676786548,DW NUTRIOL SAB LÍQ 5ML P - 01 - BG19,CAIXA 054
P0001772,P0001871,0.0060690098085007,DW NUTRIOL SAB LÍQ 5ML P - 01 - BG19,GRANEL NUTRIOL SABONETE LIQUIDO
P0001773,P0002976,1.01995126408772,DW NUTRIOL SAB LÍQ 140ML P - 02 - BG19,SLEEVE PET TRANSPARENTE
P0001773,1611503,0.0624428876028023,DW NUTRIOL SAB LÍQ 140ML P - 02 - BG19,CAIXA 033
P0001773,1716351,1.0050258909534,DW NUTRIOL SAB LÍQ 140ML P - 02 - BG19,FRASCO PET BRANCO 140ML
P0001773,P0000271,1.0050258909534,DW NUTRIOL SAB LÍQ 140ML P - 02 - BG19,VALVULA PRECISÃO DO BRASIL (24/410 SOFT BRANCA)
P0001773,P0001599,1.03000304599452,DW NUTRIOL SAB LÍQ 140ML P - 02 - BG19,CONTRA-ROTULO NUTRIOL SAB LIQUIDO 140ML NCG18 P DW
P0001773,P0001609,1.03502893694791,DW NUTRIOL SAB LÍQ 140ML P - 02 - BG19,ROTULO NUTRIOL SAB LIQUIDO 140ML NCG18 P DW
P0001773,P0001871,0.158315565031983,DW NUTRIOL SAB LÍQ 140ML P - 02 - BG19,GRANEL NUTRIOL SABONETE LIQUIDO
P0001776,7010543,0.0340896050492493,DW ACTINE TRAT 30G P - 01 - BG19,GRANEL ACTINE TRAT ANTIACNE
P0001776,P0001560,1.0499665295974,DW ACTINE TRAT 30G P - 01 - BG19,BISNAGA ACTINE TRAT 30G NCG18 P DW
P0001776,P0000573,0.0624940231423927,DW ACTINE TRAT 30G P - 01 - BG19,CAIXA 500
P0001776,P0001616,1.00497274552931,DW ACTINE TRAT 30G P - 01 - BG19,CARTUCHO ACTINE TRAT 30G NCG18 P DW
P0001777,7010543,0.00373274205624113,DW ACTINE TRAT 3G P - 01 - BG19,GRANEL ACTINE TRAT ANTIACNE
P0001777,P0001578,0.00135602804203163,DW ACTINE TRAT 3G P - 01 - BG19,SACHE ACTINE TRAT 3G NCG18 P DW
P0001777,1611661,0.0100000523562951,DW ACTINE TRAT 3G P - 01 - BG19,CAIXA 054
P0001778,7010537,0.0037863016550432,DW SUNSAFE PROT SOLAR FPS30 3ML P - 01 - BG19,SUNSAFE P. SOLAR FPS30 GRANEL
P0001778,P0001587,0.00135689750033458,DW SUNSAFE PROT SOLAR FPS30 3ML P - 01 - BG19,SACHE SUNSAFE PROT SOLAR FPS30 3ML NCG18 P DW
P0001778,1611661,0.0100001487010959,DW SUNSAFE PROT SOLAR FPS30 3ML P - 01 - BG19,CAIXA 054
P0001779,7010537,0.0553261991417242,DW SUNSAFE PROT SOLAR FPS30 50ML P - 01 - BG19,SUNSAFE P. SOLAR FPS30 GRANEL
P0001779,P0001621,1.00499755554348,DW SUNSAFE PROT SOLAR FPS30 50ML P - 01 - BG19,CARTUCHO SUNSAFE PROT SOLAR FPS30 50ML NCG18 P DW
P0001779,P0001565,1.05002987669075,DW SUNSAFE PROT SOLAR FPS30 50ML P - 01 - BG19,BISNAGA SUNSAFE PROT SOLAR FPS30 50ML NCG18 P DW
P0001779,1617532,0.0625237655494595,DW SUNSAFE PROT SOLAR FPS30 50ML P - 01 - BG19,CAIXA 031
P0001780,7010536,0.00308636363636364,DW SUNSAFE PROT SOLAR FPS30 COLOR 3ML P - 01 - BG19,SUNSAFE COLOR PS FPS30 GRANEL
P0001780,P0001588,0.00135696556652362,DW SUNSAFE PROT SOLAR FPS30 COLOR 3ML P - 01 - BG19,SACHE SUNSAFE PROT SOLAR FPS30 COLOR 3ML NCG18 P DW
P0001780,1611661,0.0100004941331195,DW SUNSAFE PROT SOLAR FPS30 COLOR 3ML P - 01 - BG19,CAIXA 054
P0001781,P0001622,1.00496015159115,DW SUNSAFE PROT SOLAR FPS30 COLOR 50ML P - 01 - BG19,CARTUCHO SUNSAFE PROT SOLAR FPS30 COLOR 50ML NCG18 P DW
P0001781,P0001566,1.04999164019395,DW SUNSAFE PROT SOLAR FPS30 COLOR 50ML P - 01 - BG19,BISNAGA SUNSAFE PROT SOLAR FPS30 COLOR 50ML NCG18 P DW
P0001781,1617532,0.0624756172323469,DW SUNSAFE PROT SOLAR FPS30 COLOR 50ML P - 01 - BG19,CAIXA 031
P0001781,7010536,0.04074,DW SUNSAFE PROT SOLAR FPS30 COLOR 50ML P - 01 - BG19,SUNSAFE COLOR PS FPS30 GRANEL
P0001782,7010535,0.04074,DW SUNSAFE PROT SOLAR FPS60 50ML P - 01 - BG19,SUNSAFE P. SOLAR FPS60 GRANEL
P0001782,P0001623,1.00497159090909,DW SUNSAFE PROT SOLAR FPS60 50ML P - 01 - BG19,CARTUCHO SUNSAFE PROT SOLAR FPS60 50ML NCG18 P DW
P0001782,P0001567,1.04998907342657,DW SUNSAFE PROT SOLAR FPS60 50ML P - 01 - BG19,BISNAGA SUNSAFE PROT SOLAR FPS60 50ML NCG18 P DW
P0001782,1617532,0.0625,DW SUNSAFE PROT SOLAR FPS60 50ML P - 01 - BG19,CAIXA 031
P0001783,7010534,0.04074,DW SUNSAFE PROT SOLAR FPS60 COLOR 50ML P - 01 - BG19,SUNSAFE COLOR PS FPS60 GRANEL
P0001783,P0001624,1.00500194520091,DW SUNSAFE PROT SOLAR FPS60 COLOR 50ML P - 01 - BG19,CARTUCHO SUNSAFE PROT SOLAR FPS60 COLOR 50ML NCG18 P DW
P0001783,P0001568,1.05001945200911,DW SUNSAFE PROT SOLAR FPS60 COLOR 50ML P - 01 - BG19,BISNAGA SUNSAFE PROT SOLAR FPS60 COLOR 50ML NCG18 P DW
P0001783,1617532,0.0625243150113933,DW SUNSAFE PROT SOLAR FPS60 COLOR 50ML P - 01 - BG19,CAIXA 031
P0001784,P0001572,0.00136131141564996,DW ACTINE ESFOLIANTE FACIAL 5G P 01 - BG19,SACHE ACTINE ESFOLIANTE 5G NCG18 P DW
P0001784,1611661,0.0100019365936457,DW ACTINE ESFOLIANTE FACIAL 5G P 01 - BG19,CAIXA 054
P0001784,P0000714,0.00580123714158778,DW ACTINE ESFOLIANTE FACIAL 5G P 01 - BG19,GRANEL ACTINE ESFOLIANTE  1TON
P0001785,P0000714,0.0659095321296836,DW ACTINE ESFOLIANTE FACIAL 60G P - 01 - BG19,GRANEL ACTINE ESFOLIANTE  1TON
P0001785,P0001555,1.07584287840549,DW ACTINE ESFOLIANTE FACIAL 60G P - 01 - BG19,BISNAGA ACTINE ESFOLIANTE 60G NCG18 P DW
P0001785,1611508,0.0625121335662978,DW ACTINE ESFOLIANTE FACIAL 60G P - 01 - BG19,CAIXA PAP 036
P0001786,P0002186,0.00051777175402796,DW ACTINE CONTROL SAB BARRA 16G P - 01 - BG19,FLOW PACK ACTINE CONTROL SAB BARRA NF 16G P DW
P0001786,1617532,0.00998994913653946,DW ACTINE CONTROL SAB BARRA 16G P - 01 - BG19,CAIXA 031
P0001786,0225047,0.0159479791673012,DW ACTINE CONTROL SAB BARRA 16G P - 01 - BG19,MASSA 100% VEGETAL P/ SABONETE
P0001786,0209664,0.00109645783205921,DW ACTINE CONTROL SAB BARRA 16G P - 01 - BG19,COMPOSTO HIDRATANTE S820A1DV
P0001786,0202647,0.000182742972009868,DW ACTINE CONTROL SAB BARRA 16G P - 01 - BG19,ASTROCARYUM MURUMURU SODIO
P0001786,0228394,1.82742972009868E-05,DW ACTINE CONTROL SAB BARRA 16G P - 01 - BG19,PIRROLIDONA CARBOX. DE ZINCO
P0001786,0200321,2.37565863612829E-05,DW ACTINE CONTROL SAB BARRA 16G P - 01 - BG19,ACIDO ETIDRONICO
P0001786,0200371,0.000365485944019736,DW ACTINE CONTROL SAB BARRA 16G P - 01 - BG19,ACIDO SALICILICO 00340
P0001786,P0002187,0.000182742972009868,DW ACTINE CONTROL SAB BARRA 16G P - 01 - BG19,NANOMELALEUCA LV N
P0001786,0108063,0.000274114458014802,DW ACTINE CONTROL SAB BARRA 16G P - 01 - BG19,PARF U210162 NATURE GN FREE
P0001786,0214820,0.000182742972009868,DW ACTINE CONTROL SAB BARRA 16G P - 01 - BG19,EXTRATO GLIC ALOE VERA
P0001787,P0000517,0.00608998260004971,DW ACTINE CONTROL SAB LÍQ 5ML P - 01 - BG19,GRANEL ACTINE CONTROL SAB LIQ
P0001787,P0001571,0.0013612206005942,DW ACTINE CONTROL SAB LÍQ 5ML P - 01 - BG19,SACHE ACTINE CONTROL SAB LIQUIDO 5ML NCG18 P DW
P0001787,1611661,0.0100020122391487,DW ACTINE CONTROL SAB LÍQ 5ML P - 01 - BG19,CAIXA 054
P0001788,1614528,0.0280716804880374,DW ACTINE CONTROL SAB BARRA 80G P - 03 - BG19,CAIXA 087
P0001788,P0002185,1.01000857878181,DW ACTINE CONTROL SAB BARRA 80G P - 03 - BG19,CARTUCHO ACTINE CONTROL SAB BARRA NF 80G P DW
P0001788,P0001370,0.00090553808025927,DW ACTINE CONTROL SAB BARRA 80G P - 03 - BG19,FLOW PACK SABONETE BARRA 80G AV DW DU
P0001788,0225047,0.0748670288818988,DW ACTINE CONTROL SAB BARRA 80G P - 03 - BG19,MASSA 100% VEGETAL P/ SABONETE
P0001788,0209664,0.00514726908778953,DW ACTINE CONTROL SAB BARRA 80G P - 03 - BG19,COMPOSTO HIDRATANTE S820A1DV
P0001788,0202647,0.000857878181298256,DW ACTINE CONTROL SAB BARRA 80G P - 03 - BG19,ASTROCARYUM MURUMURU SODIO
P0001788,0228394,8.57878181298256E-05,DW ACTINE CONTROL SAB BARRA 80G P - 03 - BG19,PIRROLIDONA CARBOX. DE ZINCO
P0001788,0200321,0.000111524163568773,DW ACTINE CONTROL SAB BARRA 80G P - 03 - BG19,ACIDO ETIDRONICO
P0001788,0200371,0.00171575636259651,DW ACTINE CONTROL SAB BARRA 80G P - 03 - BG19,ACIDO SALICILICO 00340
P0001788,P0002187,0.000857878181298256,DW ACTINE CONTROL SAB BARRA 80G P - 03 - BG19,NANOMELALEUCA LV N
P0001788,0108063,0.00128681727194738,DW ACTINE CONTROL SAB BARRA 80G P - 03 - BG19,PARF U210162 NATURE GN FREE
P0001788,0214820,0.000857878181298256,DW ACTINE CONTROL SAB BARRA 80G P - 03 - BG19,EXTRATO GLIC ALOE VERA
P0001789,P0000517,0.0685954269715352,DW ACTINE CONTROL SAB LÍQ 60ML P - 02- BG19,GRANEL ACTINE CONTROL SAB LIQ
P0001789,P0001554,1.04999666688887,DW ACTINE CONTROL SAB LÍQ 60ML P - 02- BG19,BISNAGA ACTINE CONTROL SAB LIQUIDO 60ML NCG18 P DW
P0001789,1611508,0.0625291647223518,DW ACTINE CONTROL SAB LÍQ 60ML P - 02- BG19,CAIXA PAP 036
P0001790,P0002976,1.01997323175126,DW ACTINE CONTROL SAB LÍQ 140ML P - 02 - BG19,SLEEVE PET TRANSPARENTE
P0001790,1611503,0.0624935653248224,DW ACTINE CONTROL SAB LÍQ 140ML P - 02 - BG19,CAIXA 033
P0001790,1716359,1.00499330793782,DW ACTINE CONTROL SAB LÍQ 140ML P - 02 - BG19,FRASCO ACTINE FREE 1400ML
P0001790,P0000271,1.00499330793782,DW ACTINE CONTROL SAB LÍQ 140ML P - 02 - BG19,VALVULA PRECISÃO DO BRASIL (24/410 SOFT BRANCA)
P0001790,P0000517,0.158910738185936,DW ACTINE CONTROL SAB LÍQ 140ML P - 02 - BG19,GRANEL ACTINE CONTROL SAB LIQ
P0001790,P0001591,1.02995984762689,DW ACTINE CONTROL SAB LÍQ 140ML P - 02 - BG19,CONTRA-ROTULO ACTINE CONTROL SAB LIQUIDO 140ML NCG18 P DW
P0001790,P0001603,1.03495315556471,DW ACTINE CONTROL SAB LÍQ 140ML P - 02 - BG19,ROTULO ACTINE CONTROL SAB LIQUIDO 140ML NCG18 P DW
P0001791,P0001627,0.000513962652047285,DW ACTINE SAB BARRA 16G P - 01 - BG19,FLOW PACK ACTINE SAB BARRA 16G NCG18 P DW
P0001791,1617532,0.00999371823425275,DW ACTINE SAB BARRA 16G P - 01 - BG19,CAIXA 031
P0001791,0225047,0.0155347686216283,DW ACTINE SAB BARRA 16G P - 01 - BG19,MASSA 100% VEGETAL P/ SABONETE
P0001791,0209664,0.00118782479584261,DW ACTINE SAB BARRA 16G P - 01 - BG19,COMPOSTO HIDRATANTE S820A1DV
P0001791,0202647,0.000197970799307102,DW ACTINE SAB BARRA 16G P - 01 - BG19,ASTROCARYUM MURUMURU SODIO
P0001791,0228394,1.97970799307102E-05,DW ACTINE SAB BARRA 16G P - 01 - BG19,PIRROLIDONA CARBOX. DE ZINCO
P0001791,0200321,2.57362039099233E-05,DW ACTINE SAB BARRA 16G P - 01 - BG19,ACIDO ETIDRONICO
P0001791,0200371,0.000395941598614204,DW ACTINE SAB BARRA 16G P - 01 - BG19,ACIDO SALICILICO 00340
P0001791,0213500,0.00197970799307102,DW ACTINE SAB BARRA 16G P - 01 - BG19,ENXOFRE
P0001791,0214243,0.000257362039099233,DW ACTINE SAB BARRA 16G P - 01 - BG19,ESSENCIA ACTINE
P0001791,0214820,0.000197970799307102,DW ACTINE SAB BARRA 16G P - 01 - BG19,EXTRATO GLIC ALOE VERA
P0001792,0225047,0.0693080137242246,DW ACTINE SAB BARRA 80G P - 03 - BG19,MASSA 100% VEGETAL P/ SABONETE
P0001792,0209664,0.00529945306926657,DW ACTINE SAB BARRA 80G P - 03 - BG19,COMPOSTO HIDRATANTE S820A1DV
P0001792,0202647,0.000883242178211095,DW ACTINE SAB BARRA 80G P - 03 - BG19,ASTROCARYUM MURUMURU SODIO
P0001792,0228394,8.83242178211095E-05,DW ACTINE SAB BARRA 80G P - 03 - BG19,PIRROLIDONA CARBOX. DE ZINCO
P0001792,0200321,0.000114821483167442,DW ACTINE SAB BARRA 80G P - 03 - BG19,ACIDO ETIDRONICO
P0001792,0200371,0.00176648435642219,DW ACTINE SAB BARRA 80G P - 03 - BG19,ACIDO SALICILICO 00340
P0001792,0213500,0.00883242178211095,DW ACTINE SAB BARRA 80G P - 03 - BG19,ENXOFRE
P0001792,0214243,0.00114821483167442,DW ACTINE SAB BARRA 80G P - 03 - BG19,ESSENCIA ACTINE
P0001792,0214820,0.000883242178211095,DW ACTINE SAB BARRA 80G P - 03 - BG19,EXTRATO GLIC ALOE VERA
P0001792,P0001370,0.000883242178211095,DW ACTINE SAB BARRA 80G P - 03 - BG19,FLOW PACK SABONETE BARRA 80G AV DW DU
P0001792,P0001615,1.00998743078439,DW ACTINE SAB BARRA 80G P - 03 - BG19,CARTUCHO ACTINE SAB BARRA 80G NCG18 P DW
P0001792,1614528,0.0280599245847063,DW ACTINE SAB BARRA 80G P - 03 - BG19,CAIXA 087
P0001793,P0001559,1.05,DW ACTINE SAB LÍQ 60ML P - 01 - BG19,BISNAGA ACTINE SAB LIQUIDO 60ML NCG18 P DW
P0001793,1611508,0.0625107112253642,DW ACTINE SAB LÍQ 60ML P - 01 - BG19,CAIXA PAP 036
P0001793,P0001035,0.066805912596401,DW ACTINE SAB LÍQ 60ML P - 01 - BG19,GRANEL ACTINE SAB LIQUIDO
P0001794,P0001035,0.154733551652277,DW ACTINE SAB LÍQ 140ML P - 02 - BG19,GRANEL ACTINE SAB LIQUIDO
P0001794,1716349,1.00496179418478,DW ACTINE SAB LÍQ 140ML P - 02 - BG19,FRASCO PET LARANJA 140ML
P0001794,P0001604,1.03498064900268,DW ACTINE SAB LÍQ 140ML P - 02 - BG19,ROTULO ACTINE SAB LIQUIDO 140ML NCG18 P DW
P0001794,P0001592,1.02996923687605,DW ACTINE SAB LÍQ 140ML P - 02 - BG19,CONTRA-ROTULO ACTINE SAB LIQUIDO 140ML NCG18 P DW
P0001794,P0000271,1.00496179418478,DW ACTINE SAB LÍQ 140ML P - 02 - BG19,VALVULA PRECISÃO DO BRASIL (24/410 SOFT BRANCA)
P0001794,P0002976,1.01999603056465,DW ACTINE SAB LÍQ 140ML P - 02 - BG19,SLEEVE PET TRANSPARENTE
P0001794,1611503,0.0625186067281929,DW ACTINE SAB LÍQ 140ML P - 02 - BG19,CAIXA 033
P0001795,P0001035,0.00594298847420417,DW ACTINE SAB LÍQ 5ML P - 01 - BG19,GRANEL ACTINE SAB LIQUIDO
P0001795,P0001577,0.00136068422978412,DW ACTINE SAB LÍQ 5ML P - 01 - BG19,SACHE ACTINE SAB LIQUIDO 5ML NCG18 P DW
P0001795,1611661,0.00999931394072448,DW ACTINE SAB LÍQ 5ML P - 01 - BG19,CAIXA 054
P0001796,P0002976,1.01999491654664,DW ACTINE SAB LÍQ 240ML P - 03 - BG19,SLEEVE PET TRANSPARENTE
P0001796,1611505,0.0625264763195798,DW ACTINE SAB LÍQ 240ML P - 03 - BG19,CAIXA P/ FRASCO DE 240 ML
P0001796,1716350,1.00499872913666,DW ACTINE SAB LÍQ 240ML P - 03 - BG19,FRASCO PET LARANJA 240ML
P0001796,P0000763,1.00499872913666,DW ACTINE SAB LÍQ 240ML P - 03 - BG19,VALVULA PRECISÃO DO BRASIL (SOFT BRANCA) 24/410 - 240ML
P0001796,P0001035,0.264212488350419,DW ACTINE SAB LÍQ 240ML P - 03 - BG19,GRANEL ACTINE SAB LIQUIDO
P0001796,P0001593,1.02999237481996,DW ACTINE SAB LÍQ 240ML P - 03 - BG19,CONTRA-ROTULO ACTINE SAB LIQUIDO 240ML NCG18 P DW
P0001796,P0001605,1.03499110395662,DW ACTINE SAB LÍQ 240ML P - 03 - BG19,ROTULO ACTINE SAB LIQUIDO 240ML NCG18 P DW
P0001797,P0001035,0.441588785046729,DW ACTINE SAB LÍQ 400ML P - 02 - BG19,GRANEL ACTINE SAB LIQUIDO
P0001797,P0001877,1.00509770603229,DW ACTINE SAB LÍQ 400ML P - 02 - BG19,FRASCO ACTINE SAB LIQ 400ML P DW
P0001797,P0001326,1.00509770603229,DW ACTINE SAB LÍQ 400ML P - 02 - BG19,VÁLVULA BICO DE PATO 28/410 BRANCA C/ CLIP
P0001797,P0001316,0.083404134806004,DW ACTINE SAB LÍQ 400ML P - 02 - BG19,CAIXA FRASCO 400ML SEM CARTUCHO 12UN
P0001804,P0001629,0.000520110957004161,DW SOAPELLE SAB BARRA 16G P - 01 - BG19,FLOW PACK SOAPELLE SAB BARRA 16G NCG18 P DW
P0001804,1617532,0.00999768839574665,DW SOAPELLE SAB BARRA 16G P - 01 - BG19,CAIXA 031
P0001804,0225047,0.0162180709662506,DW SOAPELLE SAB BARRA 16G P - 01 - BG19,MASSA 100% VEGETAL P/ SABONETE
P0001804,0138041,0.000281726768377254,DW SOAPELLE SAB BARRA 16G P - 01 - BG19,TRICLOROCARBANILIDA - TCC
P0001804,0209664,0.00112690707350902,DW SOAPELLE SAB BARRA 16G P - 01 - BG19,COMPOSTO HIDRATANTE S820A1DV
P0001804,0214337,0.00036624479889043,DW SOAPELLE SAB BARRA 16G P - 01 - BG19,ESSENCIA SOAPELLE
P0001804,0214820,0.000187817845584836,DW SOAPELLE SAB BARRA 16G P - 01 - BG19,EXTRATO GLIC ALOE VERA
P0001804,0221316,0.000187817845584836,DW SOAPELLE SAB BARRA 16G P - 01 - BG19,IRGASAN DP- 300
P0001804,0202647,0.000375635691169672,DW SOAPELLE SAB BARRA 16G P - 01 - BG19,ASTROCARYUM MURUMURU SODIO
P0001804,0228389,3.75635691169672E-05,DW SOAPELLE SAB BARRA 16G P - 01 - BG19,PIRROLIDONA CARBOX. DE SODIO
P0001805,P0001619,1.01000382660034,DW SOAPELLE SAB BARRA 80G P - 02 - BG19,CARTUCHO SOAPELLE SAB BARRA 80G NCG18 P DW
P0001805,P0001370,0.000874651506040562,DW SOAPELLE SAB BARRA 80G P - 02 - BG19,FLOW PACK SABONETE BARRA 80G AV DW DU
P0001805,1614528,0.0280435139124255,DW SOAPELLE SAB BARRA 80G P - 02 - BG19,CAIXA 087
P0001805,0225047,0.0736380036079375,DW SOAPELLE SAB BARRA 80G P - 02 - BG19,MASSA 100% VEGETAL P/ SABONETE
P0001805,0138041,0.00127917782758432,DW SOAPELLE SAB BARRA 80G P - 02 - BG19,TRICLOROCARBANILIDA - TCC
P0001805,0209664,0.00511671131033729,DW SOAPELLE SAB BARRA 80G P - 02 - BG19,COMPOSTO HIDRATANTE S820A1DV
P0001805,0214337,0.00166293117585962,DW SOAPELLE SAB BARRA 80G P - 02 - BG19,ESSENCIA SOAPELLE
P0001805,0214820,0.000852785218389548,DW SOAPELLE SAB BARRA 80G P - 02 - BG19,EXTRATO GLIC ALOE VERA
P0001805,0221316,0.000852785218389548,DW SOAPELLE SAB BARRA 80G P - 02 - BG19,IRGASAN DP- 300
P0001805,0202647,0.0017055704367791,DW SOAPELLE SAB BARRA 80G P - 02 - BG19,ASTROCARYUM MURUMURU SODIO
P0001805,0228389,0.00017055704367791,DW SOAPELLE SAB BARRA 80G P - 02 - BG19,PIRROLIDONA CARBOX. DE SODIO
P0001806,P0001036,0.00595876158648086,DW SOAPELLE SAB LÍQ 5ML P - 01 - BG19,GRANEL SOAPELLE SAB LIQ
P0001806,P0001638,0.00135856324771137,DW SOAPELLE SAB LÍQ 5ML P - 01 - BG19,SACHE SOAPELLE SAB LIQUIDO 5ML NCG18 P DW
P0001806,1611661,0.00999719115615452,DW SOAPELLE SAB LÍQ 5ML P - 01 - BG19,CAIXA 054
P0001807,P0002976,1.01985370950888,DW SOAPELLE SAB LÍQ 140ML P - 02 - BG19,SLEEVE PET TRANSPARENTE
P0001807,1611503,0.0625466487535453,DW SOAPELLE SAB LÍQ 140ML P - 02 - BG19,CAIXA 033
P0001807,1716351,1.00492610837438,DW SOAPELLE SAB LÍQ 140ML P - 02 - BG19,FRASCO PET BRANCO 140ML
P0001807,P0000271,1.00492610837438,DW SOAPELLE SAB LÍQ 140ML P - 02 - BG19,VALVULA PRECISÃO DO BRASIL (24/410 SOFT BRANCA)
P0001807,P0001036,0.155172413793103,DW SOAPELLE SAB LÍQ 140ML P - 02 - BG19,GRANEL SOAPELLE SAB LIQ
P0001807,P0001600,1.029855202269,DW SOAPELLE SAB LÍQ 140ML P - 02 - BG19,CONTRA-ROTULO SOAPELLE SAB LIQUIDO 140ML NCG18 P DW
P0001807,P0001610,1.03493058665472,DW SOAPELLE SAB LÍQ 140ML P - 02 - BG19,ROTULO SOAPELLE SAB LIQUIDO 140ML NCG18 P DW
P0001827,P0001848,0.00927363237340756,DW KLINSE SHAMPOO 8ML P - 01 - BG19,GRANEL KLINSE SHP NF
P0001827,P0001582,0.00166827249045427,DW KLINSE SHAMPOO 8ML P - 01 - BG19,SACHE KLINSE SHAMPOO 8ML NCG18 P DW
P0001827,1611661,0.0100007136994612,DW KLINSE SHAMPOO 8ML P - 01 - BG19,CAIXA 054
P0001828,P0001848,0.158171028606208,DW KLINSE SHAMPOO 140ML P - 03 - BG19,GRANEL KLINSE SHP NF
P0001828,1716353,1.00502130249544,DW KLINSE SHAMPOO 140ML P - 03 - BG19,FRASCO PET AZUL KLINSE 140ML
P0001828,P0001743,1.00502130249544,DW KLINSE SHAMPOO 140ML P - 03 - BG19,TAMPA FLIP TOP 24/410 AZUL LUPLASTIC DARROW 140ML DW
P0001828,P0001608,1.03499695678637,DW KLINSE SHAMPOO 140ML P - 03 - BG19,ROTULO KLINSE SHAMPOO 140ML NCG18 P DW
P0001828,P0001598,1.03002637451816,DW KLINSE SHAMPOO 140ML P - 03 - BG19,CONTRA-ROTULO KLINSE SHAMPOO 140ML NCG18 P DW
P0001828,1014693,1.02003448975451,DW KLINSE SHAMPOO 140ML P - 03 - BG19,SLEEVE 52mm BOBINA
P0001828,1611681,0.0624873199431933,DW KLINSE SHAMPOO 140ML P - 03 - BG19,CAIXA  140ml SHAMPOO
P0001829,P0001070,0.009181240063593, DW KLINSE SHAMPOO NEUTRO 8ML P - 01 - BG19,GRANEL KLINSE SHAMPOO NEUTRO
P0001829,P0001581,0.00166931637519873, DW KLINSE SHAMPOO NEUTRO 8ML P - 01 - BG19,SACHE KLINSE NEUTRO SHAMPOO 8ML NCG18 P DW
P0001829,1611661,0.00999823352764529, DW KLINSE SHAMPOO NEUTRO 8ML P - 01 - BG19,CAIXA 054
P0001830,P0001070,0.156527631380816,DW KLINSE SHAMPOO NEUTRO 140ML P - 02 - BG19,GRANEL KLINSE SHAMPOO NEUTRO
P0001830,1716351,1.00496913115495,DW KLINSE SHAMPOO NEUTRO 140ML P - 02 - BG19,FRASCO PET BRANCO 140ML
P0001830,P0001743,1.03493449781659,DW KLINSE SHAMPOO NEUTRO 140ML P - 02 - BG19,TAMPA FLIP TOP 24/410 AZUL LUPLASTIC DARROW 140ML DW
P0001830,1014693,1.02002710435175,DW KLINSE SHAMPOO NEUTRO 140ML P - 02 - BG19,SLEEVE 52mm BOBINA
P0001830,P0001607,1.03493449781659,DW KLINSE SHAMPOO NEUTRO 140ML P - 02 - BG19,ROTULO KLINSE NEUTRO SHAMPOO 140ML NCG18 P DW
P0001830,P0001596,1.02996536666165,DW KLINSE SHAMPOO NEUTRO 140ML P - 02 - BG19,CONTRA-ROTULO KLINSE NEUTRO SHAMPOO 140ML NCG18 P DW
P0001830,1611681,0.062490588766752,DW KLINSE SHAMPOO NEUTRO 140ML P - 02 - BG19,CAIXA  140ml SHAMPOO
P0001831,P0001048,0.00381149806522941,DW ACTINE PROT SOLAR FPS30 3ML P - 02,GRANEL ACTINE PROTETOR SOLAR FPS30
P0001831,P0002166,0.00135986733001658,DW ACTINE PROT SOLAR FPS30 3ML P - 02,SACHE ACTINE PROT SOLAR FPS30 3ML NR P DW
P0001831,1611661,0.00999815736134144,DW ACTINE PROT SOLAR FPS30 3ML P - 02,CAIXA 054
P0001832,P0001048,0.04137,DW ACTINE PROT SOLAR FPS30 60ML P - 03,GRANEL ACTINE PROTETOR SOLAR FPS30
P0001832,P0002165,1.05002901166914,DW ACTINE PROT SOLAR FPS30 60ML P - 03,BISNAGA ACTINE PROT SOLAR FPS30 60ML NR P DW
P0001832,P0002167,1.00502868931726,DW ACTINE PROT SOLAR FPS30 60ML P - 03,CARTUCHO ACTINE PROT SOLAR FPS30 60ML NR P DW
P0001832,1617532,0.0624717942105602,DW ACTINE PROT SOLAR FPS30 60ML P - 03,CAIXA 031
P0001833,P0001048,0.12460843373494,DW ACTINE PROT SOLAR FPS30 120ML P - 02,GRANEL ACTINE PROTETOR SOLAR FPS30
P0001833,P0002168,1.05006418485237,DW ACTINE PROT SOLAR FPS30 120ML P - 02,BISNAGA ACTINE PROT SOLAR FPS30 120ML NR P DW
P0001833,P0000215,0.0625160462130937,DW ACTINE PROT SOLAR FPS30 120ML P - 02,CAIXA PAPELAO 120
P0001834,P0001579,0.00136109017357967,DW DOCTAR CREME 5ML P - 02 - BG19,SACHE DOCTAR CREME 5ML NCG18 P DW
P0001834,1611661,0.00999940350629843,DW DOCTAR CREME 5ML P - 02 - BG19,CAIXA 054
P0001834,P0001061,0.00563686547982496,DW DOCTAR CREME 5ML P - 02 - BG19,GRANEL DOCTAR CREME
P0001835,P0001061,0.102588638195004,DW DOCTAR CREME 100ML P - 02 - BG19,GRANEL DOCTAR CREME
P0001835,P0001561,1.04995970991136,DW DOCTAR CREME 100ML P - 02 - BG19,BISNAGA DOCTAR CREME 100ML NCG18 P DW
P0001835,P0001617,1.00493553585818,DW DOCTAR CREME 100ML P - 02 - BG19,CARTUCHO DOCTAR CREME 100ML NCG18 P DW
P0001835,P0002016,0.0624496373892023,DW DOCTAR CREME 100ML P - 02 - BG19,CAIXA BISNAGA 100ML C/CART 12UN
P0001847,P0001060,0.212533224289511,DW ACTINE LOÇÃO ADSTRINGENTE 190ML P - 02 - BG19,GRANEL ACTINE LOÇÃO ADSTRINGENTE
P0001847,P0001631,1.00511142915559,DW ACTINE LOÇÃO ADSTRINGENTE 190ML P - 02 - BG19,FRASCO ACTINE LOÇÃO ADSTRINGENTE 190ML NCG18 P DW
P0001847,1036104,1.00511142915559,DW ACTINE LOÇÃO ADSTRINGENTE 190ML P - 02 - BG19,TAMPA ACTINE LOCAO ADSTR.
P0001847,1617534,0.0625638928644449,DW ACTINE LOÇÃO ADSTRINGENTE 190ML P - 02 - BG19,CAIXA 040
P0001848,0123077,0.001,GRANEL KLINSE SHP NF,L-ARGININA INJETAVEL 00646016
P0001848,0200371,0.02,GRANEL KLINSE SHP NF,ACIDO SALICILICO 00340
P0001848,0206253,0.0003,GRANEL KLINSE SHP NF,ANTI - UV (TINOGARD HS)
P0001848,0207117,0.02,GRANEL KLINSE SHP NF,CAPRILOIL GLICINA
P0001848,0209458,0.003,GRANEL KLINSE SHP NF,CLORETO DE SODIO P/ COSMETICO
P0001848,0209627,0.04,GRANEL KLINSE SHP NF,COCOAMIDOPROPILBETAINA
P0001848,0213012,0.0005,GRANEL KLINSE SHP NF,EDTA DISSODICO
P0001848,0214296,0.0015,GRANEL KLINSE SHP NF,ESSENCIA HERBAL FRESH
P0001848,0219439,0.01,GRANEL KLINSE SHP NF,HIDROXIDO DE SODIO
P0001848,0220921,0.002,GRANEL KLINSE SHP NF,IODO PROPINIL BUTIL CARBAMATO
P0001848,0223043,0.006,GRANEL KLINSE SHP NF,LACTATO DE MENTILA
P0001848,0226307,0.07,GRANEL KLINSE SHP NF,N-COCOIL L-GLUTAMATO DISSODICO
P0001848,0226342,0.01,GRANEL KLINSE SHP NF,OCTOPIROX
P0001848,0227565,0.004,GRANEL KLINSE SHP NF,OLEO DE RICINO HIDROGENADO
P0001848,0227597,0.02,GRANEL KLINSE SHP NF,OLETH 3 FOSFATO
P0001848,0228086,0.03,GRANEL KLINSE SHP NF,PEG 120 METILGLUCOSEDIOLEATO
P0001848,0228389,0.005,GRANEL KLINSE SHP NF,PIRROLIDONA CARBOX. DE SODIO
P0001848,0228394,0.001,GRANEL KLINSE SHP NF,PIRROLIDONA CARBOX. DE ZINCO
P0001848,0108116,0.03,GRANEL KLINSE SHP NF,PROPILENO GLICOL
P0001848,0235021,0.0009,GRANEL KLINSE SHP NF,SALCARE SC60
P0001848,0236164,0.03,GRANEL KLINSE SHP NF,SYNOTOL CN- 80
P0001848,0237349,0.33,GRANEL KLINSE SHP NF,TEXAPON N 040
P0001848,P0000858,0.01,GRANEL KLINSE SHP NF,ECOEXTRACT ALOE VERA
P0001871,0207291,0.005,GRANEL NUTRIOL SABONETE LIQUIDO,CITOQUINAS DO LEITE
P0001871,0237349,0.2,GRANEL NUTRIOL SABONETE LIQUIDO,TEXAPON N 040
P0001871,0209627,0.04,GRANEL NUTRIOL SABONETE LIQUIDO,COCOAMIDOPROPILBETAINA
P0001871,0217511,0.08,GRANEL NUTRIOL SABONETE LIQUIDO,ALKONIX SC
P0001871,0219552,0.01,GRANEL NUTRIOL SABONETE LIQUIDO,HOSTAPON CCG
P0001871,0217509,0.02,GRANEL NUTRIOL SABONETE LIQUIDO,GENAPOL EGL
P0001871,0215135,0.005,GRANEL NUTRIOL SABONETE LIQUIDO,FENOXIETANOL E PARABENOS
P0001871,0214276,0.0005,GRANEL NUTRIOL SABONETE LIQUIDO,ESSENCIA CHA VERDE
P0001871,0217507,0.01,GRANEL NUTRIOL SABONETE LIQUIDO,GENAMIN PQ7
P0001871,0235823,0.02,GRANEL NUTRIOL SABONETE LIQUIDO,SOLUVIT RICHTER
P0001871,0228368,0.02,GRANEL NUTRIOL SABONETE LIQUIDO,PHYTOLAIT CHA VERDE
P0001871,0209458,0.05,GRANEL NUTRIOL SABONETE LIQUIDO,CLORETO DE SODIO P/ COSMETICO
P0001871,0200360,0.0006,GRANEL NUTRIOL SABONETE LIQUIDO,ACIDO CITRICO FARMAC
P0001872,0226402,0.005,GRANEL NUTRIOL LOÇÃO HIDRATANTE SEM PERFUME,2 PHENOXYETHANOL
P0001872,0226405,0.003,GRANEL NUTRIOL LOÇÃO HIDRATANTE SEM PERFUME,CARBOPOL 981
P0001872,0108077,0.05,GRANEL NUTRIOL LOÇÃO HIDRATANTE SEM PERFUME,GLICERINA PURA OLEON
P0001872,0108037,0.025,GRANEL NUTRIOL LOÇÃO HIDRATANTE SEM PERFUME,ARLACEL 2121-FL
P0001872,0240703,0.055,GRANEL NUTRIOL LOÇÃO HIDRATANTE SEM PERFUME,PARAFINA LIQUIDA
P0001872,0108022,0.06,GRANEL NUTRIOL LOÇÃO HIDRATANTE SEM PERFUME,WAGLINOL 6016
P0001872,0226407,0.06,GRANEL NUTRIOL LOÇÃO HIDRATANTE SEM PERFUME,SILOXANE CYCLOPENTA CM5
P0001872,0226406,0.01,GRANEL NUTRIOL LOÇÃO HIDRATANTE SEM PERFUME,SQUALENO VEGETAL
P0001872,0226408,0.005,GRANEL NUTRIOL LOÇÃO HIDRATANTE SEM PERFUME,CETEARYL ALC/CETEARYL MEL
P0001872,0108009,0.05,GRANEL NUTRIOL LOÇÃO HIDRATANTE SEM PERFUME,HUILE COCO RAFFINEE
P0001872,0226409,0.005,GRANEL NUTRIOL LOÇÃO HIDRATANTE SEM PERFUME,ALPHA TOCOPHERYLE ACETATE Z
P0001872,0226401,0.003,GRANEL NUTRIOL LOÇÃO HIDRATANTE SEM PERFUME,NIPAGIN CLARIANT
P0001872,0226400,0.003,GRANEL NUTRIOL LOÇÃO HIDRATANTE SEM PERFUME,NIPAZOL CLARIANT
P0001872,0226404,0.0007,GRANEL NUTRIOL LOÇÃO HIDRATANTE SEM PERFUME,HIDRÓXIDO DE SÓDIO MERCK
P0001872,0108051,0.005,GRANEL NUTRIOL LOÇÃO HIDRATANTE SEM PERFUME,EXTRAIT FLUI BOURGEON PEUPLIER
P0001878,0226402,0.005,GRANEL NUTRIOL LOÇÃO HIDRATANTE COM PERFUME E PARABENOS,2 PHENOXYETHANOL
P0001878,0226405,0.003,GRANEL NUTRIOL LOÇÃO HIDRATANTE COM PERFUME E PARABENOS,CARBOPOL 981
P0001878,0108077,0.05,GRANEL NUTRIOL LOÇÃO HIDRATANTE COM PERFUME E PARABENOS,GLICERINA PURA OLEON
P0001878,0108037,0.025,GRANEL NUTRIOL LOÇÃO HIDRATANTE COM PERFUME E PARABENOS,ARLACEL 2121-FL
P0001878,0240703,0.055,GRANEL NUTRIOL LOÇÃO HIDRATANTE COM PERFUME E PARABENOS,PARAFINA LIQUIDA
P0001878,0108022,0.06,GRANEL NUTRIOL LOÇÃO HIDRATANTE COM PERFUME E PARABENOS,WAGLINOL 6016
P0001878,0226407,0.06,GRANEL NUTRIOL LOÇÃO HIDRATANTE COM PERFUME E PARABENOS,SILOXANE CYCLOPENTA CM5
P0001878,0226406,0.01,GRANEL NUTRIOL LOÇÃO HIDRATANTE COM PERFUME E PARABENOS,SQUALENO VEGETAL
P0001878,0226408,0.005,GRANEL NUTRIOL LOÇÃO HIDRATANTE COM PERFUME E PARABENOS,CETEARYL ALC/CETEARYL MEL
P0001878,0108009,0.05,GRANEL NUTRIOL LOÇÃO HIDRATANTE COM PERFUME E PARABENOS,HUILE COCO RAFFINEE
P0001878,0226409,0.005,GRANEL NUTRIOL LOÇÃO HIDRATANTE COM PERFUME E PARABENOS,ALPHA TOCOPHERYLE ACETATE Z
P0001878,0226401,0.003,GRANEL NUTRIOL LOÇÃO HIDRATANTE COM PERFUME E PARABENOS,NIPAGIN CLARIANT
P0001878,0226400,0.003,GRANEL NUTRIOL LOÇÃO HIDRATANTE COM PERFUME E PARABENOS,NIPAZOL CLARIANT
P0001878,0226404,0.0007,GRANEL NUTRIOL LOÇÃO HIDRATANTE COM PERFUME E PARABENOS,HIDRÓXIDO DE SÓDIO MERCK
P0001878,0108051,0.005,GRANEL NUTRIOL LOÇÃO HIDRATANTE COM PERFUME E PARABENOS,EXTRAIT FLUI BOURGEON PEUPLIER
P0001878,0108060,0.002,GRANEL NUTRIOL LOÇÃO HIDRATANTE COM PERFUME E PARABENOS,PARF TRENDRESSE U293496
P0001914,P0001913,1.05001082485386,DU ANAPHASE SHAMPOO 200ML PEF - 01 - BG19,BISNAGA ANAPHASE SHAMPOO 200ML PEF DU
P0001914,P0000837,0.222775492530851,DU ANAPHASE SHAMPOO 200ML PEF - 01 - BG19,DU GRANEL ANAPHASE SHAMPOO
P0001914,P0001317,0.062567655336653,DU ANAPHASE SHAMPOO 200ML PEF - 01 - BG19,CAIXA BISNAGA 200ML SEM CARTUCHO 12UN
P0001915,P0001912,1.05002730748225,DU ANAPHASE SHAMPOO 100ML PEF,BISNAGA ANAPHASE SHAMPOO 100ML PEF DU
P0001915,P0000837,0.112397596941562,DU ANAPHASE SHAMPOO 100ML PEF,DU GRANEL ANAPHASE SHAMPOO
P0001915,P0002352,0.0624795193883124,DU ANAPHASE SHAMPOO 100ML PEF,CAIXA BISNAGA 100ML D40 S/CART 12UN
P0001950,7010535,0.00308636363636364,DW SUNSAFE P SOLAR FPS60 3ML P - 01 - BG19,SUNSAFE P. SOLAR FPS60 GRANEL
P0001950,P0001589,0.00135979310395933,DW SUNSAFE P SOLAR FPS60 3ML P - 01 - BG19,SACHE SUNSAFE PROT SOLAR FPS60 3ML NCG18 P DW
P0001950,1611661,0.0100002223094993,DW SUNSAFE P SOLAR FPS60 3ML P - 01 - BG19,CAIXA 054
P0001951,7010534,0.00308636363636364,DW SUNSAFE P SOLAR FPS60 COLOR 3ML P - 01 - BG19,SUNSAFE COLOR PS FPS60 GRANEL
P0001951,P0001590,0.00135744890607819,DW SUNSAFE P SOLAR FPS60 COLOR 3ML P - 01 - BG19,SACHE SUNSAFE PROT SOLAR FPS60 COLOR 3ML NCG18 P DW
P0001951,1611661,0.00999886247298373,DW SUNSAFE P SOLAR FPS60 COLOR 3ML P - 01 - BG19,CAIXA 054
P0002084,0237361,0.0882852919438285,AV TRIXERA SABONETE BARRA FAMILIA 80G PF - 02 - BG19,SODIUM COCOYL ISETHIONATE MEL
P0002084,0237371,0.000184774575018477,AV TRIXERA SABONETE BARRA FAMILIA 80G PF - 02 - BG19,WHITE BEESWAX
P0002084,0237367,1.84774575018477E-05,AV TRIXERA SABONETE BARRA FAMILIA 80G PF - 02 - BG19,CETYL ALCOHOL
P0002084,0108085,3.69549150036955E-05,AV TRIXERA SABONETE BARRA FAMILIA 80G PF - 02 - BG19,STEARATE GLYCERYL SG
P0002084,0240703,0.00090539541759054,AV TRIXERA SABONETE BARRA FAMILIA 80G PF - 02 - BG19,PARAFINA LIQUIDA
P0002084,P0000459,0.000923872875092387,AV TRIXERA SABONETE BARRA FAMILIA 80G PF - 02 - BG19,HUILE PALME ETHOXYLEE
P0002084,0226409,9.23872875092387E-05,AV TRIXERA SABONETE BARRA FAMILIA 80G PF - 02 - BG19,ALPHA TOCOPHERYLE ACETATE Z
P0002084,P0000550,0.000923872875092387,AV TRIXERA SABONETE BARRA FAMILIA 80G PF - 02 - BG19,NOYAU ETA GLYCERINE
P0002084,0237360,9.23872875092387E-05,AV TRIXERA SABONETE BARRA FAMILIA 80G PF - 02 - BG19,TITANIUM DIOXIDE
P0002084,P0000570,0.000923872875092387,AV TRIXERA SABONETE BARRA FAMILIA 80G PF - 02 - BG19,PARF. SURGRAS 401439 E1301981
P0002084,P0000927,1.01003061978672,AV TRIXERA SABONETE BARRA FAMILIA 80G PF - 02 - BG19,CARTUCHO TRIXERA SABONETE BARRA FAMILIA 80G P AV
P0002084,P0001039,1,AV TRIXERA SABONETE BARRA FAMILIA 80G PF - 02 - BG19,BULA TRIXERA SABONETE BARRA AV P
P0002084,P0000313,0.0841516207369866,AV TRIXERA SABONETE BARRA FAMILIA 80G PF - 02 - BG19,CAIXA AV CLEANANCE SAB BARRA 80G
P0002084,P0001370,0.00084468377151304,AV TRIXERA SABONETE BARRA FAMILIA 80G PF - 02 - BG19,FLOW PACK SABONETE BARRA 80G AV DW DU
P0002115,P0001924,1.0049864498645,DU KELUAL DS SHAMPOING 100ML PF - 03,CARTUCHO KELUAL DS SHAMPOO 100ML PEF DU
P0002115,P0001923,1.049972899729,DU KELUAL DS SHAMPOING 100ML PF - 03,BISNAGA KELUAL DS SHAMPOO 100ML PEF DU
P0002115,P0002016,0.0625474254742547,DU KELUAL DS SHAMPOING 100ML PF - 03,CAIXA BISNAGA 100ML C/CART 12UN
P0002115,P0001728,0.111544715447154,DU KELUAL DS SHAMPOING 100ML PF - 03,DU GRANEL KELUAL DS SHAMPOO
P0002116,P0001922,1.00499535315985,DU KERTYOL PSO SHAMPOING 100ML PF - 03,CARTUCHO KERTYOL PSO SHAMPOO 100ML PEF DU
P0002116,P0001921,1.04995353159851,DU KERTYOL PSO SHAMPOING 100ML PF - 03,BISNAGA KERTYOL PSO SHAMPOO 100ML
P0002116,P0002016,0.0874767657992565,DU KERTYOL PSO SHAMPOING 100ML PF - 03,CAIXA BISNAGA 100ML C/CART 12UN
P0002116,P0000834,0.119539962825279,DU KERTYOL PSO SHAMPOING 100ML PF - 03,DU GRANEL KERTYOL PSO SHAMPOO
P0002132,0108058,0.001,PilotoAV GRANEL CLEANANCE SOLAR 50+,TOCOPHERYL GLUCOSIDE 50%
P0002132,P0002050,0.0025,PilotoAV GRANEL CLEANANCE SOLAR 50+,692920 OTZ 10
P0002132,0108035,0.001,PilotoAV GRANEL CLEANANCE SOLAR 50+,GLUCONATO DE ZINCO
P0002132,0100301,0.01,PilotoAV GRANEL CLEANANCE SOLAR 50+,LAURATE GLYCERIL
P0002132,0108057,0.04,PilotoAV GRANEL CLEANANCE SOLAR 50+,ETHYLHEXYLOXYPHENOL(BIS)METHO
P0002132,P0000443,0.02,PilotoAV GRANEL CLEANANCE SOLAR 50+,BUTYL METHOXY DIBENZOYLMETHANE
P0002132,0226358,0.04,PilotoAV GRANEL CLEANANCE SOLAR 50+,UVASORB HBE
P0002132,0237386,0.14,PilotoAV GRANEL CLEANANCE SOLAR 50+,MBBT DECYL GLUCOSIDE MEL
P0002132,0226364,0.004,PilotoAV GRANEL CLEANANCE SOLAR 50+,BEHENATE DIGLYCERYL BEHE MEL
P0002132,0108141,0.005,PilotoAV GRANEL CLEANANCE SOLAR 50+,STEARATE GLY PEG100ST
P0002132,0108042,0.02,PilotoAV GRANEL CLEANANCE SOLAR 50+,CETYL PHOSPHATE POTASSIUM
P0002132,0237388,0.05,PilotoAV GRANEL CLEANANCE SOLAR 50+,DICAPRYLYL CARBONATE
P0002132,0226362,0.05,PilotoAV GRANEL CLEANANCE SOLAR 50+,ADIPATE DIISOPROPYL
P0002132,0226359,0.08,PilotoAV GRANEL CLEANANCE SOLAR 50+,TEGOSOFT TN
P0002132,0226365,0.05,PilotoAV GRANEL CLEANANCE SOLAR 50+,PENTANOATE NEO ISODECYL
P0002132,0226367,0.01,PilotoAV GRANEL CLEANANCE SOLAR 50+,GLICERIDES PALM KERNEL HYDROG
P0002132,P0002051,0.01,PilotoAV GRANEL CLEANANCE SOLAR 50+,25755 PVP/EICOSENE COPM 30-70
P0002132,0108008,0.0018,PilotoAV GRANEL CLEANANCE SOLAR 50+,ACIDO BENZOICO
P0002132,P0002052,0.01,PilotoAV GRANEL CLEANANCE SOLAR 50+,692495 1.2 HEXANEDIOL
P0002132,0108029,0.002,PilotoAV GRANEL CLEANANCE SOLAR 50+,XANTHANE GOMME
P0002132,P0000598,0.001,PilotoAV GRANEL CLEANANCE SOLAR 50+,ACRYLATE C10 C30 ALKYL CRPM 21
P0002132,0108015,0.001,PilotoAV GRANEL CLEANANCE SOLAR 50+,TRILON BD
P0002132,P0000600,0.05,PilotoAV GRANEL CLEANANCE SOLAR 50+,SILICA (LIBELLÉ CHIMIQUE) 692847
P0002132,0108032,0.03,PilotoAV GRANEL CLEANANCE SOLAR 50+,DRY FLO PC
P0002132,P0002171,0.004,PilotoAV GRANEL CLEANANCE SOLAR 50+,692675 PARF. PF403929 E130277705
P0002132,P0001013,0.05,PilotoAV GRANEL CLEANANCE SOLAR 50+,693137 CAPR.GLY 1 / ETA 99
P0002132,P0002145,1,PilotoAV GRANEL CLEANANCE SOLAR 50+,INDUSTRIALIZAÇÃO GRANEL CLEANANCE 50+
P0002132,0108058,0.001,AV GRANEL CLEANANCE SOLAR 50+,TOCOPHERYL GLUCOSIDE 50%
P0002132,P0002050,0.0025,AV GRANEL CLEANANCE SOLAR 50+,692920 OTZ 10
P0002132,0108035,0.001,AV GRANEL CLEANANCE SOLAR 50+,GLUCONATO DE ZINCO
P0002132,0100301,0.01,AV GRANEL CLEANANCE SOLAR 50+,LAURATE GLYCERIL
P0002132,0108057,0.04,AV GRANEL CLEANANCE SOLAR 50+,ETHYLHEXYLOXYPHENOL(BIS)METHO
P0002132,P0000443,0.02,AV GRANEL CLEANANCE SOLAR 50+,BUTYL METHOXY DIBENZOYLMETHANE
P0002132,0226358,0.04,AV GRANEL CLEANANCE SOLAR 50+,UVASORB HBE
P0002132,0237386,0.14,AV GRANEL CLEANANCE SOLAR 50+,MBBT DECYL GLUCOSIDE MEL
P0002132,0226364,0.004,AV GRANEL CLEANANCE SOLAR 50+,BEHENATE DIGLYCERYL BEHE MEL
P0002132,0108141,0.005,AV GRANEL CLEANANCE SOLAR 50+,STEARATE GLY PEG100ST
P0002132,0108042,0.02,AV GRANEL CLEANANCE SOLAR 50+,CETYL PHOSPHATE POTASSIUM
P0002132,0237388,0.05,AV GRANEL CLEANANCE SOLAR 50+,DICAPRYLYL CARBONATE
P0002132,0226362,0.05,AV GRANEL CLEANANCE SOLAR 50+,ADIPATE DIISOPROPYL
P0002132,0226359,0.08,AV GRANEL CLEANANCE SOLAR 50+,TEGOSOFT TN
P0002132,0226365,0.05,AV GRANEL CLEANANCE SOLAR 50+,PENTANOATE NEO ISODECYL
P0002132,0226367,0.01,AV GRANEL CLEANANCE SOLAR 50+,GLICERIDES PALM KERNEL HYDROG
P0002132,P0002051,0.01,AV GRANEL CLEANANCE SOLAR 50+,25755 PVP/EICOSENE COPM 30-70
P0002132,0108008,0.0018,AV GRANEL CLEANANCE SOLAR 50+,ACIDO BENZOICO
P0002132,P0002052,0.01,AV GRANEL CLEANANCE SOLAR 50+,692495 1.2 HEXANEDIOL
P0002132,0108029,0.002,AV GRANEL CLEANANCE SOLAR 50+,XANTHANE GOMME
P0002132,P0000598,0.001,AV GRANEL CLEANANCE SOLAR 50+,ACRYLATE C10 C30 ALKYL CRPM 21
P0002132,0108015,0.001,AV GRANEL CLEANANCE SOLAR 50+,TRILON BD
P0002132,P0000600,0.05,AV GRANEL CLEANANCE SOLAR 50+,SILICA (LIBELLÉ CHIMIQUE) 692847
P0002132,0108032,0.03,AV GRANEL CLEANANCE SOLAR 50+,DRY FLO PC
P0002132,P0002171,0.004,AV GRANEL CLEANANCE SOLAR 50+,692675 PARF. PF403929 E130277705
P0002132,P0001013,0.05,AV GRANEL CLEANANCE SOLAR 50+,693137 CAPR.GLY 1 / ETA 99
P0002133,0108058,0.002,PilotoAV  GRANEL CREME 50+ ANTI AGE,TOCOPHERYL GLUCOSIDE 50%
P0002133,P0002049,0.001,PilotoAV  GRANEL CREME 50+ ANTI AGE,692542 ASCOPHYSCIENT
P0002133,0108057,0.04,PilotoAV  GRANEL CREME 50+ ANTI AGE,ETHYLHEXYLOXYPHENOL(BIS)METHO
P0002133,P0000443,0.02,PilotoAV  GRANEL CREME 50+ ANTI AGE,BUTYL METHOXY DIBENZOYLMETHANE
P0002133,0226358,0.04,PilotoAV  GRANEL CREME 50+ ANTI AGE,UVASORB HBE
P0002133,0237386,0.14,PilotoAV  GRANEL CREME 50+ ANTI AGE,MBBT DECYL GLUCOSIDE MEL
P0002133,0237387,0.005,PilotoAV  GRANEL CREME 50+ ANTI AGE,ALCOOL ESTEARILICO
P0002133,0226364,0.004,PilotoAV  GRANEL CREME 50+ ANTI AGE,BEHENATE DIGLYCERYL BEHE MEL
P0002133,0108141,0.02,PilotoAV  GRANEL CREME 50+ ANTI AGE,STEARATE GLY PEG100ST
P0002133,0108042,0.01,PilotoAV  GRANEL CREME 50+ ANTI AGE,CETYL PHOSPHATE POTASSIUM
P0002133,0237388,0.08,PilotoAV  GRANEL CREME 50+ ANTI AGE,DICAPRYLYL CARBONATE
P0002133,0226362,0.06,PilotoAV  GRANEL CREME 50+ ANTI AGE,ADIPATE DIISOPROPYL
P0002133,0226359,0.09,PilotoAV  GRANEL CREME 50+ ANTI AGE,TEGOSOFT TN
P0002133,0226367,0.02,PilotoAV  GRANEL CREME 50+ ANTI AGE,GLICERIDES PALM KERNEL HYDROG
P0002133,0108008,0.0018,PilotoAV  GRANEL CREME 50+ ANTI AGE,ACIDO BENZOICO
P0002133,P0000181,0.003,PilotoAV  GRANEL CREME 50+ ANTI AGE,CAPRYL GLYCOL
P0002133,P0000598,0.001,PilotoAV  GRANEL CREME 50+ ANTI AGE,ACRYLATE C10 C30 ALKYL CRPM 21
P0002133,0108029,0.002,PilotoAV  GRANEL CREME 50+ ANTI AGE,XANTHANE GOMME
P0002133,0108015,0.001,PilotoAV  GRANEL CREME 50+ ANTI AGE,TRILON BD
P0002133,P0000600,0.05,PilotoAV  GRANEL CREME 50+ ANTI AGE,SILICA (LIBELLÉ CHIMIQUE) 692847
P0002133,0108032,0.03,PilotoAV  GRANEL CREME 50+ ANTI AGE,DRY FLO PC
P0002133,0226404,0.0005,PilotoAV  GRANEL CREME 50+ ANTI AGE,HIDRÓXIDO DE SÓDIO MERCK
P0002133,0108092,0.04,PilotoAV  GRANEL CREME 50+ ANTI AGE,ALCOOL HIDRATADO DE CEREAIS
P0002133,P0001013,0.05,PilotoAV  GRANEL CREME 50+ ANTI AGE,693137 CAPR.GLY 1 / ETA 99
P0002133,P0002146,1,PilotoAV  GRANEL CREME 50+ ANTI AGE,INDUSTRIALIZAÇÃO AV GRANEL CREME 50+  ANTI AGE
P0002133,0108058,0.002,AV  GRANEL CREME 50+ ANTI AGE,TOCOPHERYL GLUCOSIDE 50%
P0002133,P0002049,0.001,AV  GRANEL CREME 50+ ANTI AGE,692542 ASCOPHYSCIENT
P0002133,0108057,0.04,AV  GRANEL CREME 50+ ANTI AGE,ETHYLHEXYLOXYPHENOL(BIS)METHO
P0002133,P0000443,0.02,AV  GRANEL CREME 50+ ANTI AGE,BUTYL METHOXY DIBENZOYLMETHANE
P0002133,0226358,0.04,AV  GRANEL CREME 50+ ANTI AGE,UVASORB HBE
P0002133,0237386,0.14,AV  GRANEL CREME 50+ ANTI AGE,MBBT DECYL GLUCOSIDE MEL
P0002133,0237387,0.005,AV  GRANEL CREME 50+ ANTI AGE,ALCOOL ESTEARILICO
P0002133,0226364,0.004,AV  GRANEL CREME 50+ ANTI AGE,BEHENATE DIGLYCERYL BEHE MEL
P0002133,0108141,0.02,AV  GRANEL CREME 50+ ANTI AGE,STEARATE GLY PEG100ST
P0002133,0108042,0.01,AV  GRANEL CREME 50+ ANTI AGE,CETYL PHOSPHATE POTASSIUM
P0002133,0237388,0.08,AV  GRANEL CREME 50+ ANTI AGE,DICAPRYLYL CARBONATE
P0002133,0226362,0.06,AV  GRANEL CREME 50+ ANTI AGE,ADIPATE DIISOPROPYL
P0002133,0226359,0.09,AV  GRANEL CREME 50+ ANTI AGE,TEGOSOFT TN
P0002133,0226367,0.02,AV  GRANEL CREME 50+ ANTI AGE,GLICERIDES PALM KERNEL HYDROG
P0002133,0108008,0.0018,AV  GRANEL CREME 50+ ANTI AGE,ACIDO BENZOICO
P0002133,P0000181,0.003,AV  GRANEL CREME 50+ ANTI AGE,CAPRYL GLYCOL
P0002133,P0000598,0.001,AV  GRANEL CREME 50+ ANTI AGE,ACRYLATE C10 C30 ALKYL CRPM 21
P0002133,0108029,0.002,AV  GRANEL CREME 50+ ANTI AGE,XANTHANE GOMME
P0002133,0108015,0.001,AV  GRANEL CREME 50+ ANTI AGE,TRILON BD
P0002133,P0000600,0.05,AV  GRANEL CREME 50+ ANTI AGE,SILICA (LIBELLÉ CHIMIQUE) 692847
P0002133,0108032,0.03,AV  GRANEL CREME 50+ ANTI AGE,DRY FLO PC
P0002133,0226404,0.0005,AV  GRANEL CREME 50+ ANTI AGE,HIDRÓXIDO DE SÓDIO MERCK
P0002133,0108092,0.04,AV  GRANEL CREME 50+ ANTI AGE,ALCOOL HIDRATADO DE CEREAIS
P0002133,P0001013,0.05,AV  GRANEL CREME 50+ ANTI AGE,693137 CAPR.GLY 1 / ETA 99
P0002202,0237361,0.0189182768451061,AV TRIXERA SABONETE BARRA FAMILIA 16G PF - 00 - BG19,SODIUM COCOYL ISETHIONATE MEL
P0002202,0237371,3.95945517896737E-05,AV TRIXERA SABONETE BARRA FAMILIA 16G PF - 00 - BG19,WHITE BEESWAX
P0002202,0237367,3.95945517896737E-06,AV TRIXERA SABONETE BARRA FAMILIA 16G PF - 00 - BG19,CETYL ALCOHOL
P0002202,0108085,7.91891035793475E-06,AV TRIXERA SABONETE BARRA FAMILIA 16G PF - 00 - BG19,STEARATE GLYCERYL SG
P0002202,0240703,0.000194013303769401,AV TRIXERA SABONETE BARRA FAMILIA 16G PF - 00 - BG19,PARAFINA LIQUIDA
P0002202,P0000459,0.000197972758948369,AV TRIXERA SABONETE BARRA FAMILIA 16G PF - 00 - BG19,HUILE PALME ETHOXYLEE
P0002202,0226409,1.97972758948369E-05,AV TRIXERA SABONETE BARRA FAMILIA 16G PF - 00 - BG19,ALPHA TOCOPHERYLE ACETATE Z
P0002202,P0000550,0.000197972758948369,AV TRIXERA SABONETE BARRA FAMILIA 16G PF - 00 - BG19,NOYAU ETA GLYCERINE
P0002202,0237360,1.97972758948369E-05,AV TRIXERA SABONETE BARRA FAMILIA 16G PF - 00 - BG19,TITANIUM DIOXIDE
P0002202,P0000570,0.000197972758948369,AV TRIXERA SABONETE BARRA FAMILIA 16G PF - 00 - BG19,PARF. SURGRAS 401439 E1301981
P0002202,P0000926,0.00052792735719565,AV TRIXERA SABONETE BARRA FAMILIA 16G PF - 00 - BG19,FLOW PACK TRIXERA SABONETE BARRA FAMILIA 16G P AV
P0002202,P0000955,0.00997782705099778,AV TRIXERA SABONETE BARRA FAMILIA 16G PF - 00 - BG19,AV CAIXA SAB BARRA AG AVENE
P0002383,0237388,0.08,GRANEL ACTINE ANTI ACNE FPS30,DICAPRYLYL CARBONATE
P0002383,0226362,0.06,GRANEL ACTINE ANTI ACNE FPS30,ADIPATE DIISOPROPYL
P0002383,0226359,0.09,GRANEL ACTINE ANTI ACNE FPS30,TEGOSOFT TN
P0002383,0226358,0.03,GRANEL ACTINE ANTI ACNE FPS30,UVASORB HBE
P0002383,0108057,0.03,GRANEL ACTINE ANTI ACNE FPS30,ETHYLHEXYLOXYPHENOL(BIS)METHO
P0002383,P0000443,0.02,GRANEL ACTINE ANTI ACNE FPS30,BUTYL METHOXY DIBENZOYLMETHANE
P0002383,0108141,0.02,GRANEL ACTINE ANTI ACNE FPS30,STEARATE GLY PEG100ST
P0002383,0108042,0.01,GRANEL ACTINE ANTI ACNE FPS30,CETYL PHOSPHATE POTASSIUM
P0002383,0108035,0.005,GRANEL ACTINE ANTI ACNE FPS30,GLUCONATO DE ZINCO
P0002383,0226364,0.004,GRANEL ACTINE ANTI ACNE FPS30,BEHENATE DIGLYCERYL BEHE MEL
P0002383,0108008,0.002,GRANEL ACTINE ANTI ACNE FPS30,ACIDO BENZOICO
P0002383,0237387,0.005,GRANEL ACTINE ANTI ACNE FPS30,ALCOOL ESTEARILICO
P0002383,0226367,0.02,GRANEL ACTINE ANTI ACNE FPS30,GLICERIDES PALM KERNEL HYDROG
P0002383,0226409,0.005,GRANEL ACTINE ANTI ACNE FPS30,ALPHA TOCOPHERYLE ACETATE Z
P0002383,P0000598,0.001,GRANEL ACTINE ANTI ACNE FPS30,ACRYLATE C10 C30 ALKYL CRPM 21
P0002383,0108015,0.001,GRANEL ACTINE ANTI ACNE FPS30,TRILON BD
P0002383,0226368,0.01,GRANEL ACTINE ANTI ACNE FPS30,LIPOSSOMAS DE RESVERATRIOL
P0002383,0108029,0.002,GRANEL ACTINE ANTI ACNE FPS30,XANTHANE GOMME
P0002383,P0000181,0.003,GRANEL ACTINE ANTI ACNE FPS30,CAPRYL GLYCOL
P0002383,0108092,0.04,GRANEL ACTINE ANTI ACNE FPS30,ALCOOL HIDRATADO DE CEREAIS
P0002383,0226404,0.001,GRANEL ACTINE ANTI ACNE FPS30,HIDRÓXIDO DE SÓDIO MERCK
P0002383,0200371,0.005,GRANEL ACTINE ANTI ACNE FPS30,ACIDO SALICILICO 00340
P0002383,0108032,0.03,GRANEL ACTINE ANTI ACNE FPS30,DRY FLO PC
P0002383,P0000600,0.05,GRANEL ACTINE ANTI ACNE FPS30,SILICA (LIBELLÉ CHIMIQUE) 692847
P0002383,0237386,0.08,GRANEL ACTINE ANTI ACNE FPS30,MBBT DECYL GLUCOSIDE MEL
P0002383,P0002402,1,GRANEL ACTINE ANTI ACNE FPS30,INDUSTRIALIZAÇÃO GRANEL ACTINE ANTI ACNE FPS30
P0002383,0237388,0.08,GRANEL ACTINE ANTI ACNE FPS30,DICAPRYLYL CARBONATE
P0002383,0226362,0.06,GRANEL ACTINE ANTI ACNE FPS30,ADIPATE DIISOPROPYL
P0002383,0226359,0.09,GRANEL ACTINE ANTI ACNE FPS30,TEGOSOFT TN
P0002383,0226358,0.03,GRANEL ACTINE ANTI ACNE FPS30,UVASORB HBE
P0002383,0108057,0.03,GRANEL ACTINE ANTI ACNE FPS30,ETHYLHEXYLOXYPHENOL(BIS)METHO
P0002383,P0000443,0.02,GRANEL ACTINE ANTI ACNE FPS30,BUTYL METHOXY DIBENZOYLMETHANE
P0002383,0108141,0.02,GRANEL ACTINE ANTI ACNE FPS30,STEARATE GLY PEG100ST
P0002383,0108042,0.01,GRANEL ACTINE ANTI ACNE FPS30,CETYL PHOSPHATE POTASSIUM
P0002383,0108035,0.005,GRANEL ACTINE ANTI ACNE FPS30,GLUCONATO DE ZINCO
P0002383,0226364,0.004,GRANEL ACTINE ANTI ACNE FPS30,BEHENATE DIGLYCERYL BEHE MEL
P0002383,0108008,0.002,GRANEL ACTINE ANTI ACNE FPS30,ACIDO BENZOICO
P0002383,0237387,0.005,GRANEL ACTINE ANTI ACNE FPS30,ALCOOL ESTEARILICO
P0002383,0226367,0.02,GRANEL ACTINE ANTI ACNE FPS30,GLICERIDES PALM KERNEL HYDROG
P0002383,0226409,0.005,GRANEL ACTINE ANTI ACNE FPS30,ALPHA TOCOPHERYLE ACETATE Z
P0002383,P0000598,0.001,GRANEL ACTINE ANTI ACNE FPS30,ACRYLATE C10 C30 ALKYL CRPM 21
P0002383,0108015,0.001,GRANEL ACTINE ANTI ACNE FPS30,TRILON BD
P0002383,0226368,0.01,GRANEL ACTINE ANTI ACNE FPS30,LIPOSSOMAS DE RESVERATRIOL
P0002383,0108029,0.002,GRANEL ACTINE ANTI ACNE FPS30,XANTHANE GOMME
P0002383,P0000181,0.003,GRANEL ACTINE ANTI ACNE FPS30,CAPRYL GLYCOL
P0002383,0108092,0.04,GRANEL ACTINE ANTI ACNE FPS30,ALCOOL HIDRATADO DE CEREAIS
P0002383,0226404,0.001,GRANEL ACTINE ANTI ACNE FPS30,HIDRÓXIDO DE SÓDIO MERCK
P0002383,0200371,0.005,GRANEL ACTINE ANTI ACNE FPS30,ACIDO SALICILICO 00340
P0002383,0108032,0.03,GRANEL ACTINE ANTI ACNE FPS30,DRY FLO PC
P0002383,P0000600,0.05,GRANEL ACTINE ANTI ACNE FPS30,SILICA (LIBELLÉ CHIMIQUE) 692847
P0002383,0237386,0.08,GRANEL ACTINE ANTI ACNE FPS30,MBBT DECYL GLUCOSIDE MEL
P0002384,0237388,0.08,GRANEL ACTINE ANTI ACNE FPS60,DICAPRYLYL CARBONATE
P0002384,0226362,0.06,GRANEL ACTINE ANTI ACNE FPS60,ADIPATE DIISOPROPYL
P0002384,0226359,0.09,GRANEL ACTINE ANTI ACNE FPS60,TEGOSOFT TN
P0002384,0226358,0.04,GRANEL ACTINE ANTI ACNE FPS60,UVASORB HBE
P0002384,0108057,0.04,GRANEL ACTINE ANTI ACNE FPS60,ETHYLHEXYLOXYPHENOL(BIS)METHO
P0002384,P0000443,0.02,GRANEL ACTINE ANTI ACNE FPS60,BUTYL METHOXY DIBENZOYLMETHANE
P0002384,0108141,0.02,GRANEL ACTINE ANTI ACNE FPS60,STEARATE GLY PEG100ST
P0002384,0108042,0.01,GRANEL ACTINE ANTI ACNE FPS60,CETYL PHOSPHATE POTASSIUM
P0002384,0108035,0.005,GRANEL ACTINE ANTI ACNE FPS60,GLUCONATO DE ZINCO
P0002384,0226364,0.004,GRANEL ACTINE ANTI ACNE FPS60,BEHENATE DIGLYCERYL BEHE MEL
P0002384,0108008,0.002,GRANEL ACTINE ANTI ACNE FPS60,ACIDO BENZOICO
P0002384,0237387,0.005,GRANEL ACTINE ANTI ACNE FPS60,ALCOOL ESTEARILICO
P0002384,0226367,0.02,GRANEL ACTINE ANTI ACNE FPS60,GLICERIDES PALM KERNEL HYDROG
P0002384,0226409,0.005,GRANEL ACTINE ANTI ACNE FPS60,ALPHA TOCOPHERYLE ACETATE Z
P0002384,P0000598,0.001,GRANEL ACTINE ANTI ACNE FPS60,ACRYLATE C10 C30 ALKYL CRPM 21
P0002384,0108015,0.001,GRANEL ACTINE ANTI ACNE FPS60,TRILON BD
P0002384,0226368,0.01,GRANEL ACTINE ANTI ACNE FPS60,LIPOSSOMAS DE RESVERATRIOL
P0002384,0108029,0.002,GRANEL ACTINE ANTI ACNE FPS60,XANTHANE GOMME
P0002384,P0000181,0.003,GRANEL ACTINE ANTI ACNE FPS60,CAPRYL GLYCOL
P0002384,0108092,0.04,GRANEL ACTINE ANTI ACNE FPS60,ALCOOL HIDRATADO DE CEREAIS
P0002384,0226404,0.001,GRANEL ACTINE ANTI ACNE FPS60,HIDRÓXIDO DE SÓDIO MERCK
P0002384,0200371,0.005,GRANEL ACTINE ANTI ACNE FPS60,ACIDO SALICILICO 00340
P0002384,0108032,0.03,GRANEL ACTINE ANTI ACNE FPS60,DRY FLO PC
P0002384,P0000600,0.05,GRANEL ACTINE ANTI ACNE FPS60,SILICA (LIBELLÉ CHIMIQUE) 692847
P0002384,0237386,0.14,GRANEL ACTINE ANTI ACNE FPS60,MBBT DECYL GLUCOSIDE MEL
P0002384,P0002403,1,GRANEL ACTINE ANTI ACNE FPS60,INDUSTRIALIZAÇÃO GRANEL ACTINE ANTI ACNE FPS60
P0002384,0237388,0.08,GRANEL ACTINE ANTI ACNE FPS60,DICAPRYLYL CARBONATE
P0002384,0226362,0.06,GRANEL ACTINE ANTI ACNE FPS60,ADIPATE DIISOPROPYL
P0002384,0226359,0.09,GRANEL ACTINE ANTI ACNE FPS60,TEGOSOFT TN
P0002384,0226358,0.04,GRANEL ACTINE ANTI ACNE FPS60,UVASORB HBE
P0002384,0108057,0.04,GRANEL ACTINE ANTI ACNE FPS60,ETHYLHEXYLOXYPHENOL(BIS)METHO
P0002384,P0000443,0.02,GRANEL ACTINE ANTI ACNE FPS60,BUTYL METHOXY DIBENZOYLMETHANE
P0002384,0108141,0.02,GRANEL ACTINE ANTI ACNE FPS60,STEARATE GLY PEG100ST
P0002384,0108042,0.01,GRANEL ACTINE ANTI ACNE FPS60,CETYL PHOSPHATE POTASSIUM
P0002384,0108035,0.005,GRANEL ACTINE ANTI ACNE FPS60,GLUCONATO DE ZINCO
P0002384,0226364,0.004,GRANEL ACTINE ANTI ACNE FPS60,BEHENATE DIGLYCERYL BEHE MEL
P0002384,0108008,0.002,GRANEL ACTINE ANTI ACNE FPS60,ACIDO BENZOICO
P0002384,0237387,0.005,GRANEL ACTINE ANTI ACNE FPS60,ALCOOL ESTEARILICO
P0002384,0226367,0.02,GRANEL ACTINE ANTI ACNE FPS60,GLICERIDES PALM KERNEL HYDROG
P0002384,0226409,0.005,GRANEL ACTINE ANTI ACNE FPS60,ALPHA TOCOPHERYLE ACETATE Z
P0002384,P0000598,0.001,GRANEL ACTINE ANTI ACNE FPS60,ACRYLATE C10 C30 ALKYL CRPM 21
P0002384,0108015,0.001,GRANEL ACTINE ANTI ACNE FPS60,TRILON BD
P0002384,0226368,0.01,GRANEL ACTINE ANTI ACNE FPS60,LIPOSSOMAS DE RESVERATRIOL
P0002384,0108029,0.002,GRANEL ACTINE ANTI ACNE FPS60,XANTHANE GOMME
P0002384,P0000181,0.003,GRANEL ACTINE ANTI ACNE FPS60,CAPRYL GLYCOL
P0002384,0108092,0.04,GRANEL ACTINE ANTI ACNE FPS60,ALCOOL HIDRATADO DE CEREAIS
P0002384,0226404,0.001,GRANEL ACTINE ANTI ACNE FPS60,HIDRÓXIDO DE SÓDIO MERCK
P0002384,0200371,0.005,GRANEL ACTINE ANTI ACNE FPS60,ACIDO SALICILICO 00340
P0002384,0108032,0.03,GRANEL ACTINE ANTI ACNE FPS60,DRY FLO PC
P0002384,P0000600,0.05,GRANEL ACTINE ANTI ACNE FPS60,SILICA (LIBELLÉ CHIMIQUE) 692847
P0002384,0237386,0.14,GRANEL ACTINE ANTI ACNE FPS60,MBBT DECYL GLUCOSIDE MEL
P0002388,P0002976,1.01999491654664,DW ACTINE SAB LIQ 240ML DESC 20% - 01 - BG19,SLEEVE PET TRANSPARENTE
P0002388,1611505,0.0625264763195798,DW ACTINE SAB LIQ 240ML DESC 20% - 01 - BG19,CAIXA P/ FRASCO DE 240 ML
P0002388,1716350,1.00499872913666,DW ACTINE SAB LIQ 240ML DESC 20% - 01 - BG19,FRASCO PET LARANJA 240ML
P0002388,P0000763,1.00499872913666,DW ACTINE SAB LIQ 240ML DESC 20% - 01 - BG19,VALVULA PRECISÃO DO BRASIL (SOFT BRANCA) 24/410 - 240ML
P0002388,P0001035,0.264212488350419,DW ACTINE SAB LIQ 240ML DESC 20% - 01 - BG19,GRANEL ACTINE SAB LIQUIDO
P0002388,P0002385,1.03499110395662,DW ACTINE SAB LIQ 240ML DESC 20% - 01 - BG19,ROTULO ACTINE SAB LIQUIDO 240ML 20% P DW
P0002388,P0002386,1.02999237481996,DW ACTINE SAB LIQ 240ML DESC 20% - 01 - BG19,CONTRA-ROTULO ACTINE SAB LIQUIDO 240ML 20% P DW
P0002405,0226402,0.005,GRANEL NUTRIOL LOÇÃO COM PERFUME E SEM PARABENOS,2 PHENOXYETHANOL
P0002405,0108077,0.05,GRANEL NUTRIOL LOÇÃO COM PERFUME E SEM PARABENOS,GLICERINA PURA OLEON
P0002405,0108037,0.025,GRANEL NUTRIOL LOÇÃO COM PERFUME E SEM PARABENOS,ARLACEL 2121-FL
P0002405,0226409,0.005,GRANEL NUTRIOL LOÇÃO COM PERFUME E SEM PARABENOS,ALPHA TOCOPHERYLE ACETATE Z
P0002405,0108008,0.002,GRANEL NUTRIOL LOÇÃO COM PERFUME E SEM PARABENOS,ACIDO BENZOICO
P0002405,0226406,0.01,GRANEL NUTRIOL LOÇÃO COM PERFUME E SEM PARABENOS,SQUALENO VEGETAL
P0002405,0226408,0.005,GRANEL NUTRIOL LOÇÃO COM PERFUME E SEM PARABENOS,CETEARYL ALC/CETEARYL MEL
P0002405,0240703,0.055,GRANEL NUTRIOL LOÇÃO COM PERFUME E SEM PARABENOS,PARAFINA LIQUIDA
P0002405,0108022,0.06,GRANEL NUTRIOL LOÇÃO COM PERFUME E SEM PARABENOS,WAGLINOL 6016
P0002405,0226407,0.06,GRANEL NUTRIOL LOÇÃO COM PERFUME E SEM PARABENOS,SILOXANE CYCLOPENTA CM5
P0002405,0108009,0.05,GRANEL NUTRIOL LOÇÃO COM PERFUME E SEM PARABENOS,HUILE COCO RAFFINEE
P0002405,0226405,0.003,GRANEL NUTRIOL LOÇÃO COM PERFUME E SEM PARABENOS,CARBOPOL 981
P0002405,0226404,0.00132,GRANEL NUTRIOL LOÇÃO COM PERFUME E SEM PARABENOS,HIDRÓXIDO DE SÓDIO MERCK
P0002405,0108060,0.002,GRANEL NUTRIOL LOÇÃO COM PERFUME E SEM PARABENOS,PARF TRENDRESSE U293496
P0002405,0108051,0.005,GRANEL NUTRIOL LOÇÃO COM PERFUME E SEM PARABENOS,EXTRAIT FLUI BOURGEON PEUPLIER
P0002406,0226402,0.005,GRANEL NUTRIOL LOÇÃO SEM PERFUME E SEM PARABENOS,2 PHENOXYETHANOL
P0002406,0108077,0.05,GRANEL NUTRIOL LOÇÃO SEM PERFUME E SEM PARABENOS,GLICERINA PURA OLEON
P0002406,0108037,0.025,GRANEL NUTRIOL LOÇÃO SEM PERFUME E SEM PARABENOS,ARLACEL 2121-FL
P0002406,0226409,0.005,GRANEL NUTRIOL LOÇÃO SEM PERFUME E SEM PARABENOS,ALPHA TOCOPHERYLE ACETATE Z
P0002406,0108008,0.002,GRANEL NUTRIOL LOÇÃO SEM PERFUME E SEM PARABENOS,ACIDO BENZOICO
P0002406,0226406,0.01,GRANEL NUTRIOL LOÇÃO SEM PERFUME E SEM PARABENOS,SQUALENO VEGETAL
P0002406,0226408,0.005,GRANEL NUTRIOL LOÇÃO SEM PERFUME E SEM PARABENOS,CETEARYL ALC/CETEARYL MEL
P0002406,0240703,0.055,GRANEL NUTRIOL LOÇÃO SEM PERFUME E SEM PARABENOS,PARAFINA LIQUIDA
P0002406,0108022,0.06,GRANEL NUTRIOL LOÇÃO SEM PERFUME E SEM PARABENOS,WAGLINOL 6016
P0002406,0226407,0.06,GRANEL NUTRIOL LOÇÃO SEM PERFUME E SEM PARABENOS,SILOXANE CYCLOPENTA CM5
P0002406,0108009,0.05,GRANEL NUTRIOL LOÇÃO SEM PERFUME E SEM PARABENOS,HUILE COCO RAFFINEE
P0002406,0226405,0.003,GRANEL NUTRIOL LOÇÃO SEM PERFUME E SEM PARABENOS,CARBOPOL 981
P0002406,0226404,0.00132,GRANEL NUTRIOL LOÇÃO SEM PERFUME E SEM PARABENOS,HIDRÓXIDO DE SÓDIO MERCK
P0002406,0108051,0.005,GRANEL NUTRIOL LOÇÃO SEM PERFUME E SEM PARABENOS,EXTRAIT FLUI BOURGEON PEUPLIER
P0002407,P0001884,0.00272999331430209,AV PHYSIOLIFT CREME NOITE - 01 - BG19,AV GRANEL PHYSIOLIFT CREME NOITE
P0002407,P0001985,0.00198448493595526,AV PHYSIOLIFT CREME NOITE - 01 - BG19,ESTRUTURA PHYSIOLIFT NUIT 2ML PF AV
P0002407,1611661,0.0100020163215927,AV PHYSIOLIFT CREME NOITE - 01 - BG19,CAIXA 054
P0002408,P0001885,0.00272999331430209,AV PHYSIOLIFT CREME NOITE - 01 - BG19,AV GRANEL PHYSIOLIFT CREME PARA OLHOS
P0002408,P0001986,0.00198713799068247,AV PHYSIOLIFT CREME NOITE - 01 - BG19,ESTRUTURA PHYSIOLIFT YEUX 2ML PF AV
P0002408,1611661,0.0100020163215927,AV PHYSIOLIFT CREME NOITE - 01 - BG19,CAIXA 054
P0002415,P0002329,0.00135816473248328,AV FLUIDO ANTI ACNE MAT PERFECT 60 3ML,ESTRUTURA FLUIDO ANTI ACNE MAT P FPS60 3G PF AV
P0002415,1611661,0.0100003414380612,AV FLUIDO ANTI ACNE MAT PERFECT 60 3ML,CAIXA 054
P0002415,P0002132,0.00382410628587471,AV FLUIDO ANTI ACNE MAT PERFECT 60 3ML,AV GRANEL FLUIDO ANTI ACNE MAT PERFECT FPS50
P0002416,P0002327,1.05002498473155,AV FLUIDO ANTI ACNE MAT PERFECT 60 50ML,BISNAGA FLUIDO ANTI ACNE MAT P FPS60 40G PF AV
P0002416,P0002328,1.00499694631059,AV FLUIDO ANTI ACNE MAT PERFECT 60 50ML,CARTUCHO FLUIDO ANTI ACNE MAT P FPS60 40G PF AV
P0002416,1405988,1,AV FLUIDO ANTI ACNE MAT PERFECT 60 50ML,BULA AVENE SOLAR
P0002416,P0000477,0.0833379601354728,AV FLUIDO ANTI ACNE MAT PERFECT 60 50ML,CAIXA PAP SOLARES
P0002416,P0002132,0.0559657986785853,AV FLUIDO ANTI ACNE MAT PERFECT 60 50ML,AV GRANEL FLUIDO ANTI ACNE MAT PERFECT FPS50
P0002417,0226409,0.009,DW GRANEL NUTRIOL OLEO ANTI ESTRIAS,ALPHA TOCOPHERYLE ACETATE Z
P0002417,0213014,0.643,DW GRANEL NUTRIOL OLEO ANTI ESTRIAS,CAPRIC CAPRYLIC TRIGLY 30 70
P0002417,P0002382,0.15,DW GRANEL NUTRIOL OLEO ANTI ESTRIAS,12242 HUILE CARTHAME HYBRIDE
P0002417,P0002381,0.15,DW GRANEL NUTRIOL OLEO ANTI ESTRIAS,113636 HUILE ONAGRE
P0002417,P0002380,0.02,DW GRANEL NUTRIOL OLEO ANTI ESTRIAS,408000 HUILE OLIVE VIERGE
P0002417,P0002353,0.02,DW GRANEL NUTRIOL OLEO ANTI ESTRIAS,620681 HUILE CAMELINE
P0002417,P0002164,0.008,DW GRANEL NUTRIOL OLEO ANTI ESTRIAS,692531 PARF SOIN PRECIEUX E_1126170
P0002417,0226409,0.009,DW GRANEL NUTRIOL OLEO ANTI ESTRIAS,ALPHA TOCOPHERYLE ACETATE Z
P0002417,0213014,0.643,DW GRANEL NUTRIOL OLEO ANTI ESTRIAS,CAPRIC CAPRYLIC TRIGLY 30 70
P0002417,P0002382,0.15,DW GRANEL NUTRIOL OLEO ANTI ESTRIAS,12242 HUILE CARTHAME HYBRIDE
P0002417,P0002381,0.15,DW GRANEL NUTRIOL OLEO ANTI ESTRIAS,113636 HUILE ONAGRE
P0002417,P0002380,0.02,DW GRANEL NUTRIOL OLEO ANTI ESTRIAS,408000 HUILE OLIVE VIERGE
P0002417,P0002353,0.02,DW GRANEL NUTRIOL OLEO ANTI ESTRIAS,620681 HUILE CAMELINE
P0002417,P0002164,0.008,DW GRANEL NUTRIOL OLEO ANTI ESTRIAS,692531 PARF SOIN PRECIEUX E_1126170
P0002418,P0002320,0.00167120158554201,DW NUTRIOL LOÇÃO HIDRAT C/ PERF SP 8ML P BG19,ESTRUTURA NUTRIOL HIDRAT C/ PERF SP 8ML P DW
P0002418,1611661,0.0100020155195002,DW NUTRIOL LOÇÃO HIDRAT C/ PERF SP 8ML P BG19,CAIXA 054
P0002418,P0002405,0.00868562934596392,DW NUTRIOL LOÇÃO HIDRAT C/ PERF SP 8ML P BG19,GRANEL NUTRIOL LOÇÃO COM PERFUME E SEM PARABENOS
P0002419,P0002318,1.04999661269562,DW NUTRIOL LOÇÃO C/ PERF SP 200ML P BG19,BISNAGA NUTRIOL HIDRAT C/ PERF SP 200ML P DW
P0002419,P0000591,0.0625296389133528,DW NUTRIOL LOÇÃO C/ PERF SP 200ML P BG19,CAIXA PAP 200
P0002419,P0002405,0.210199173497731,DW NUTRIOL LOÇÃO C/ PERF SP 200ML P BG19,GRANEL NUTRIOL LOÇÃO COM PERFUME E SEM PARABENOS
P0002420,P0002322,1.00488997555012,DW NUTRIOL LOÇÃO S/ PERF SP 400ML P BG19,FRASCO NUTRIOL HIDRAT S/ PERF SP 400ML P DW
P0002420,P0001929,1.00488997555012,DW NUTRIOL LOÇÃO S/ PERF SP 400ML P BG19,VÁLVULA BICO DE PATO 28/410 AZUL C/CLIP
P0002420,P0001316,0.0831295843520782,DW NUTRIOL LOÇÃO S/ PERF SP 400ML P BG19,CAIXA FRASCO 400ML SEM CARTUCHO 12UN
P0002420,P0002406,0.421454767726161,DW NUTRIOL LOÇÃO S/ PERF SP 400ML P BG19,GRANEL NUTRIOL LOÇÃO SEM PERFUME E SEM PARABENOS
P0002421,P0002321,0.00167120158554201,DW NUTRIOL LOÇÃO HIDRAT S/ PERF SP 8ML P BG19,ESTRUTURA NUTRIOL HIDRAT S/ PERF SP 8ML P DW
P0002421,1611661,0.0100020155195002,DW NUTRIOL LOÇÃO HIDRAT S/ PERF SP 8ML P BG19,CAIXA 054
P0002421,P0002406,0.00868562934596392,DW NUTRIOL LOÇÃO HIDRAT S/ PERF SP 8ML P BG19,GRANEL NUTRIOL LOÇÃO SEM PERFUME E SEM PARABENOS
P0002422,P0002319,1.04999661269562,DW NUTRIOL LOÇÃO S/ PERF SP 200ML P BG19,BISNAGA NUTRIOL HIDRAT S/ PERF SP 200ML P DW
P0002422,P0000591,0.0625296389133528,DW NUTRIOL LOÇÃO S/ PERF SP 200ML P BG19,CAIXA PAP 200
P0002422,P0002406,0.210199173497731,DW NUTRIOL LOÇÃO S/ PERF SP 200ML P BG19,GRANEL NUTRIOL LOÇÃO SEM PERFUME E SEM PARABENOS
P0002455,P0002444,0.00136083401375034,DW ACTINE MASCARA ESFOLIANTE 5ML - 00 - BG19,ESTRUTURA ACTINE MASCARA ESFOLIANTE 5ML P DW
P0002455,1611661,0.0099991716662525,DW ACTINE MASCARA ESFOLIANTE 5ML - 00 - BG19,CAIXA 054
P0002455,P0002528,0.00596400298200149,DW ACTINE MASCARA ESFOLIANTE 5ML - 00 - BG19,GRANEL ACTINE MASCARA ESFOLIANTE
P0002456,P0002450,1.04999553611285,DW ACTINE SOLAR ANTI ACNE FPS60 40ML - 00 - BG19,BISNAGA ACTINE SOLAR ANTI ACNE FPS60 40G P DW
P0002456,P0002447,1.00499955361128,DW ACTINE SOLAR ANTI ACNE FPS60 40ML - 00 - BG19,CARTUCHO ACTINE SOLAR ANTI ACNE FPS60 40G P DW
P0002456,P0002010,0.0624944201410588,DW ACTINE SOLAR ANTI ACNE FPS60 40ML - 00 - BG19,CAIXA BISNAGA 50ML D30 C/CART 12UN
P0002456,P0002384,0.0449959825015624,DW ACTINE SOLAR ANTI ACNE FPS60 40ML - 00 - BG19,GRANEL ACTINE ANTI ACNE FPS60
P0002457,P0002445,0.00135816473248328,DW ACTINE SOLAR ANTI ACNE FPS60  3ML - 00 - BG19,ESTRUTURA ACTINE SOLAR ANTI ACNE FPS60 3G P DW
P0002457,1611661,0.0100003414380612,DW ACTINE SOLAR ANTI ACNE FPS60  3ML - 00 - BG19,CAIXA 054
P0002457,P0002384,0.00382410628587471,DW ACTINE SOLAR ANTI ACNE FPS60  3ML - 00 - BG19,GRANEL ACTINE ANTI ACNE FPS60
P0002458,P0002451,1.04999553611285,DW ACTINE SOLAR ANTI ACNE FPS30 40ML - 00 - BG19,BISNAGA ACTINE SOLAR ANTI ACNE FPS30 40G P DW
P0002458,P0002448,1.00499955361128,DW ACTINE SOLAR ANTI ACNE FPS30 40ML - 00 - BG19,CARTUCHO ACTINE SOLAR ANTI ACNE FPS30 40G P DW
P0002458,P0002010,0.0624944201410588,DW ACTINE SOLAR ANTI ACNE FPS30 40ML - 00 - BG19,CAIXA BISNAGA 50ML D30 C/CART 12UN
P0002458,P0002383,0.0449959825015624,DW ACTINE SOLAR ANTI ACNE FPS30 40ML - 00 - BG19,GRANEL ACTINE ANTI ACNE FPS30
P0002459,P0002446,0.00135816473248328,DW ACTINE SOLAR ANTI ACNE FPS30  3ML - 00 - BG19,ESTRUTURA ACTINE SOLAR ANTI ACNE FPS30 3G P DW
P0002459,1611661,0.0100003414380612,DW ACTINE SOLAR ANTI ACNE FPS30  3ML - 00 - BG19,CAIXA 054
P0002459,P0002383,0.00382410628587471,DW ACTINE SOLAR ANTI ACNE FPS30  3ML - 00 - BG19,GRANEL ACTINE ANTI ACNE FPS30
P0002528,P0002834,0.01,GRANEL ACTINE MASCARA ESFOLIANTE - BG19,C47-060 SUNCROMA TITANIUM DIOXIDE
P0002528,P0000457,0.002,GRANEL ACTINE MASCARA ESFOLIANTE - BG19,BENZOATE SODIUM
P0002528,0108077,0.07,GRANEL ACTINE MASCARA ESFOLIANTE - BG19,GLICERINA PURA OLEON
P0002528,0226402,0.007,GRANEL ACTINE MASCARA ESFOLIANTE - BG19,2 PHENOXYETHANOL
P0002528,0108085,0.05,GRANEL ACTINE MASCARA ESFOLIANTE - BG19,STEARATE GLYCERYL SG
P0002528,P0002469,0.01,GRANEL ACTINE MASCARA ESFOLIANTE - BG19,8301 CETEARETH-20
P0002528,0108141,0.05,GRANEL ACTINE MASCARA ESFOLIANTE - BG19,STEARATE GLY PEG100ST
P0002528,P0002465,0.02,GRANEL ACTINE MASCARA ESFOLIANTE - BG19,10101 HECTORITE
P0002528,P0002835,0.15,GRANEL ACTINE MASCARA ESFOLIANTE - BG19,IMERCARE 2KS
P0002528,P0001128,0.02,GRANEL ACTINE MASCARA ESFOLIANTE - BG19,NYLON 12
P0002528,P0002472,0.001,GRANEL ACTINE MASCARA ESFOLIANTE - BG19,119992 AMINO CHELATE ZINC 20%
P0002528,P0002468,0.002,GRANEL ACTINE MASCARA ESFOLIANTE - BG19,603101 DEXPANTHENOL
P0002528,P0002466,0.1,GRANEL ACTINE MASCARA ESFOLIANTE - BG19,629928 EAU DISTILLEE HAMAMELIS
P0002528,P0002464,0.002,GRANEL ACTINE MASCARA ESFOLIANTE - BG19,692528 PARF.EVANESCENCE E_1116944/01
P0002528,P0002471,0.01,GRANEL ACTINE MASCARA ESFOLIANTE - BG19,692799 CELLULOSE ACETATE 300
P0002528,P0002470,0.02,GRANEL ACTINE MASCARA ESFOLIANTE - BG19,692800 CELLULOSE ACETATE 500
P0002528,P0002462,0.0000036,GRANEL ACTINE MASCARA ESFOLIANTE - BG19,692899 UNICERT BLUE 05601 J
P0002528,P0002461,0.0000024,GRANEL ACTINE MASCARA ESFOLIANTE - BG19,692900 UNICERT GREEN 06503-J
P0002528,P0002460,0.000006,GRANEL ACTINE MASCARA ESFOLIANTE - BG19,692905 COL.FD&C YELLOW 5 CI19140
P0002528,P0002834,0.01,PILOTO GRANEL ACTINE MASCARA ESFOLIANTE - BG19,C47-060 SUNCROMA TITANIUM DIOXIDE
P0002528,P0000457,0.002,PILOTO GRANEL ACTINE MASCARA ESFOLIANTE - BG19,BENZOATE SODIUM
P0002528,0108077,0.07,PILOTO GRANEL ACTINE MASCARA ESFOLIANTE - BG19,GLICERINA PURA OLEON
P0002528,0226402,0.007,PILOTO GRANEL ACTINE MASCARA ESFOLIANTE - BG19,2 PHENOXYETHANOL
P0002528,0108085,0.05,PILOTO GRANEL ACTINE MASCARA ESFOLIANTE - BG19,STEARATE GLYCERYL SG
P0002528,P0002469,0.01,PILOTO GRANEL ACTINE MASCARA ESFOLIANTE - BG19,8301 CETEARETH-20
P0002528,0108141,0.05,PILOTO GRANEL ACTINE MASCARA ESFOLIANTE - BG19,STEARATE GLY PEG100ST
P0002528,P0002465,0.02,PILOTO GRANEL ACTINE MASCARA ESFOLIANTE - BG19,10101 HECTORITE
P0002528,P0002835,0.1875,PILOTO GRANEL ACTINE MASCARA ESFOLIANTE - BG19,IMERCARE 2KS
P0002528,P0001128,0.02,PILOTO GRANEL ACTINE MASCARA ESFOLIANTE - BG19,NYLON 12
P0002528,P0002472,0.001,PILOTO GRANEL ACTINE MASCARA ESFOLIANTE - BG19,119992 AMINO CHELATE ZINC 20%
P0002528,P0002468,0.002,PILOTO GRANEL ACTINE MASCARA ESFOLIANTE - BG19,603101 DEXPANTHENOL
P0002528,P0002466,0.125,PILOTO GRANEL ACTINE MASCARA ESFOLIANTE - BG19,629928 EAU DISTILLEE HAMAMELIS
P0002528,P0002464,0.002,PILOTO GRANEL ACTINE MASCARA ESFOLIANTE - BG19,692528 PARF.EVANESCENCE E_1116944/01
P0002528,P0002471,0.01,PILOTO GRANEL ACTINE MASCARA ESFOLIANTE - BG19,692799 CELLULOSE ACETATE 300
P0002528,P0002470,0.02,PILOTO GRANEL ACTINE MASCARA ESFOLIANTE - BG19,692800 CELLULOSE ACETATE 500
P0002528,P0002462,0.0000036,PILOTO GRANEL ACTINE MASCARA ESFOLIANTE - BG19,692899 UNICERT BLUE 05601 J
P0002528,P0002461,0.0000024,PILOTO GRANEL ACTINE MASCARA ESFOLIANTE - BG19,692900 UNICERT GREEN 06503-J
P0002528,P0002460,0.000006,PILOTO GRANEL ACTINE MASCARA ESFOLIANTE - BG19,692905 COL.FD&C YELLOW 5 CI19140
P0002528,P0002545,1,PILOTO GRANEL ACTINE MASCARA ESFOLIANTE - BG19,INDUSTRIALIZAÇÃO ACTINE MASCARA ESFOLIANTE
P0002752,0225047,0.0693080137242246,DW ACTINE SAB BARRA 80G 20% DESCONTO,MASSA 100% VEGETAL P/ SABONETE
P0002752,P0001370,0.000883242178211095,DW ACTINE SAB BARRA 80G 20% DESCONTO,FLOW PACK SABONETE BARRA 80G AV DW DU
P0002752,0209664,0.00529945306926657,DW ACTINE SAB BARRA 80G 20% DESCONTO,COMPOSTO HIDRATANTE S820A1DV
P0002752,0202647,0.000883242178211095,DW ACTINE SAB BARRA 80G 20% DESCONTO,ASTROCARYUM MURUMURU SODIO
P0002752,0228394,8.83242178211095E-05,DW ACTINE SAB BARRA 80G 20% DESCONTO,PIRROLIDONA CARBOX. DE ZINCO
P0002752,0200321,0.000114821483167442,DW ACTINE SAB BARRA 80G 20% DESCONTO,ACIDO ETIDRONICO
P0002752,0200371,0.00176648435642219,DW ACTINE SAB BARRA 80G 20% DESCONTO,ACIDO SALICILICO 00340
P0002752,0213500,0.00883242178211095,DW ACTINE SAB BARRA 80G 20% DESCONTO,ENXOFRE
P0002752,0214243,0.00114821483167442,DW ACTINE SAB BARRA 80G 20% DESCONTO,ESSENCIA ACTINE
P0002752,0214820,0.000883242178211095,DW ACTINE SAB BARRA 80G 20% DESCONTO,EXTRATO GLIC ALOE VERA
P0002752,P0002990,1.00998743078439,DW ACTINE SAB BARRA 80G 20% DESCONTO,CARTUCHO ACTINE SAB BARRA 20% 80G  DW
P0002752,1614528,0.0280599245847063,DW ACTINE SAB BARRA 80G 20% DESCONTO,CAIXA 087
P0002753,P0001387,0.158315565031983,P0001387,GRANEL DOCTAR SHAMPOO REFORMULAÇÃO
P0002753,1716352,1.00497512437811,P0001387,FRASCO PET AMBAR DOCTAR 140ML
P0002753,P0001744,1.00497512437811,P0001387,TAMPA FLIP TOP 24/410 BRANCA LUPLASTIC DARROW 140ML DW
P0002753,P0002992,1.03497817037263,P0001387,ROTULO DOCTAR SHAMPOO 140ML 20% P DW
P0002753,P0002991,1.03497817037263,P0001387,CONTRA-ROTULO DOCTAR SHAMPOO 140ML 20% P DW
P0002753,1014693,1.02000203066301,P0001387,SLEEVE 52mm BOBINA
P0002753,1611681,0.0624936541780891,P0001387,CAIXA  140ml SHAMPOO
P0003016,P0002861,1.05001074113856,AV EMULSÃO SOLAR TOQUE SECO COR FPS70 40G,BISNAGA EMULSÃO SOLAR TOQUE SECO COR FPS70 40G PF AV
P0003016,P0002862,1.0050268528464,AV EMULSÃO SOLAR TOQUE SECO COR FPS70 40G,CARTUCHO EMULSÃO SOLAR TOQUE SECO COR FPS70 40G PF AV
P0003016,P0002885,1,AV EMULSÃO SOLAR TOQUE SECO COR FPS70 40G,FOLHETO EXPLICATIVO AVENE SOLAR PEF AV
P0003016,P0002010,0.0833512352309345,AV EMULSÃO SOLAR TOQUE SECO COR FPS70 40G,CAIXA BISNAGA 50ML D30 C/CART 12UN
P0003016,P0000686,0.0437593984962406,AV EMULSÃO SOLAR TOQUE SECO COR FPS70 40G,GRANEL AVENE TOQUE SECO FPS70 COLOR
P0003020,P0002858,1.05001074113856,AV EMULSÃO SOLAR TOQUE SECO FPS70 40G,BISNAGA EMULSÃO SOLAR TOQUE SECO FPS70 40G PF AV
P0003020,P0002859,1.0050268528464,AV EMULSÃO SOLAR TOQUE SECO FPS70 40G,CARTUCHO EMULSÃO SOLAR TOQUE SECO FPS70 40G PF AV
P0003020,P0002885,1,AV EMULSÃO SOLAR TOQUE SECO FPS70 40G,FOLHETO EXPLICATIVO AVENE SOLAR PEF AV
P0003020,P0002010,0.0833512352309345,AV EMULSÃO SOLAR TOQUE SECO FPS70 40G,CAIXA BISNAGA 50ML D30 C/CART 12UN
P0003020,P0000684,0.0437593984962406,AV EMULSÃO SOLAR TOQUE SECO FPS70 40G,GRANEL AVENE TOQUE SECO FPS70